gemeente_code,year,gemeente_name,province,area_km2,centroid_lat,centroid_lon,population,population_density_km2,accident_count,fatal_count,serious_injury_count,weather_mean_temp_mean_c,weather_mean_temp_min_c,weather_mean_temp_max_c,weather_mean_humidity_pct,weather_mean_pressure_hpa,weather_annual_precip_mm,weather_annual_sunshine_hours,km_cycleway,km_track,km_lane,km_total,bicycle_parking_count
GM0014,2015,Groningen,Groningen,197.82,53.218597,6.620649,243768,1314.0,0,0,0,,,,,,,,384.861,0.192,18.651,403.704,240
GM0014,2016,Groningen,Groningen,197.82,53.218597,6.620649,243768,1314.0,0,0,0,,,,,,,,384.861,0.192,18.651,403.704,240
GM0014,2017,Groningen,Groningen,197.82,53.218597,6.620649,243768,1314.0,0,0,0,,,,,,,,384.861,0.192,18.651,403.704,240
GM0014,2018,Groningen,Groningen,197.82,53.218597,6.620649,243768,1314.0,0,0,0,,,,,,,,384.861,0.192,18.651,403.704,240
GM0014,2019,Groningen,Groningen,197.82,53.218597,6.620649,243768,1314.0,0,0,0,,,,,,,,384.861,0.192,18.651,403.704,240
GM0014,2020,Groningen,Groningen,197.82,53.218597,6.620649,243768,1314.0,0,0,0,,,,,,,,384.861,0.192,18.651,403.704,240
GM0014,2021,Groningen,Groningen,197.82,53.218597,6.620649,243768,1314.0,0,0,0,,,,,,,,384.861,0.192,18.651,403.704,240
GM0014,2022,Groningen,Groningen,197.82,53.218597,6.620649,243768,1314.0,363,2,0,,,,,,,,384.861,0.192,18.651,403.704,240
GM0014,2023,Groningen,Groningen,197.82,53.218597,6.620649,243768,1314.0,392,4,0,,,,,,,,384.861,0.192,18.651,403.704,240
GM0014,2024,Groningen,Groningen,197.82,53.218597,6.620649,243768,1314.0,379,3,0,,,,,,,,384.861,0.192,18.651,403.704,240
GM0034,2015,Almere,Flevoland,139.34,52.367184,5.246656,226500,1753.0,0,0,0,,,,,,,,1065.587,0.111,8.872,1074.57,179
GM0034,2016,Almere,Flevoland,139.34,52.367184,5.246656,226500,1753.0,0,0,0,,,,,,,,1065.587,0.111,8.872,1074.57,179
GM0034,2017,Almere,Flevoland,139.34,52.367184,5.246656,226500,1753.0,0,0,0,,,,,,,,1065.587,0.111,8.872,1074.57,179
GM0034,2018,Almere,Flevoland,139.34,52.367184,5.246656,226500,1753.0,0,0,0,,,,,,,,1065.587,0.111,8.872,1074.57,179
GM0034,2019,Almere,Flevoland,139.34,52.367184,5.246656,226500,1753.0,0,0,0,,,,,,,,1065.587,0.111,8.872,1074.57,179
GM0034,2020,Almere,Flevoland,139.34,52.367184,5.246656,226500,1753.0,0,0,0,,,,,,,,1065.587,0.111,8.872,1074.57,179
GM0034,2021,Almere,Flevoland,139.34,52.367184,5.246656,226500,1753.0,0,0,0,,,,,,,,1065.587,0.111,8.872,1074.57,179
GM0034,2022,Almere,Flevoland,139.34,52.367184,5.246656,226500,1753.0,146,1,0,,,,,,,,1065.587,0.111,8.872,1074.57,179
GM0034,2023,Almere,Flevoland,139.34,52.367184,5.246656,226500,1753.0,143,1,0,,,,,,,,1065.587,0.111,8.872,1074.57,179
GM0034,2024,Almere,Flevoland,139.34,52.367184,5.246656,226500,1753.0,176,1,0,,,,,,,,1065.587,0.111,8.872,1074.57,179
GM0037,2015,Stadskanaal,Groningen,119.86,53.00212,7.010251,32013,272.0,0,0,0,,,,,,,,181.196,0.187,7.925,189.309,17
GM0037,2016,Stadskanaal,Groningen,119.86,53.00212,7.010251,32013,272.0,0,0,0,,,,,,,,181.196,0.187,7.925,189.309,17
GM0037,2017,Stadskanaal,Groningen,119.86,53.00212,7.010251,32013,272.0,0,0,0,,,,,,,,181.196,0.187,7.925,189.309,17
GM0037,2018,Stadskanaal,Groningen,119.86,53.00212,7.010251,32013,272.0,0,0,0,,,,,,,,181.196,0.187,7.925,189.309,17
GM0037,2019,Stadskanaal,Groningen,119.86,53.00212,7.010251,32013,272.0,0,0,0,,,,,,,,181.196,0.187,7.925,189.309,17
GM0037,2020,Stadskanaal,Groningen,119.86,53.00212,7.010251,32013,272.0,0,0,0,,,,,,,,181.196,0.187,7.925,189.309,17
GM0037,2021,Stadskanaal,Groningen,119.86,53.00212,7.010251,32013,272.0,0,0,0,,,,,,,,181.196,0.187,7.925,189.309,17
GM0037,2022,Stadskanaal,Groningen,119.86,53.00212,7.010251,32013,272.0,16,0,0,,,,,,,,181.196,0.187,7.925,189.309,17
GM0037,2023,Stadskanaal,Groningen,119.86,53.00212,7.010251,32013,272.0,20,0,0,,,,,,,,181.196,0.187,7.925,189.309,17
GM0037,2024,Stadskanaal,Groningen,119.86,53.00212,7.010251,32013,272.0,20,0,0,,,,,,,,181.196,0.187,7.925,189.309,17
GM0047,2015,Veendam,Groningen,78.68,53.089005,6.880065,27520,362.0,0,0,0,,,,,,,,118.954,0.06,1.604,120.618,19
GM0047,2016,Veendam,Groningen,78.68,53.089005,6.880065,27520,362.0,0,0,0,,,,,,,,118.954,0.06,1.604,120.618,19
GM0047,2017,Veendam,Groningen,78.68,53.089005,6.880065,27520,362.0,0,0,0,,,,,,,,118.954,0.06,1.604,120.618,19
GM0047,2018,Veendam,Groningen,78.68,53.089005,6.880065,27520,362.0,0,0,0,,,,,,,,118.954,0.06,1.604,120.618,19
GM0047,2019,Veendam,Groningen,78.68,53.089005,6.880065,27520,362.0,0,0,0,,,,,,,,118.954,0.06,1.604,120.618,19
GM0047,2020,Veendam,Groningen,78.68,53.089005,6.880065,27520,362.0,0,0,0,,,,,,,,118.954,0.06,1.604,120.618,19
GM0047,2021,Veendam,Groningen,78.68,53.089005,6.880065,27520,362.0,0,0,0,,,,,,,,118.954,0.06,1.604,120.618,19
GM0047,2022,Veendam,Groningen,78.68,53.089005,6.880065,27520,362.0,16,0,0,,,,,,,,118.954,0.06,1.604,120.618,19
GM0047,2023,Veendam,Groningen,78.68,53.089005,6.880065,27520,362.0,22,1,0,,,,,,,,118.954,0.06,1.604,120.618,19
GM0047,2024,Veendam,Groningen,78.68,53.089005,6.880065,27520,362.0,14,0,0,,,,,,,,118.954,0.06,1.604,120.618,19
GM0050,2015,Zeewolde,Flevoland,252.95,52.345896,5.450961,23899,97.0,0,0,0,,,,,,,,541.564,0.0,13.04,554.604,20
GM0050,2016,Zeewolde,Flevoland,252.95,52.345896,5.450961,23899,97.0,0,0,0,,,,,,,,541.564,0.0,13.04,554.604,20
GM0050,2017,Zeewolde,Flevoland,252.95,52.345896,5.450961,23899,97.0,0,0,0,,,,,,,,541.564,0.0,13.04,554.604,20
GM0050,2018,Zeewolde,Flevoland,252.95,52.345896,5.450961,23899,97.0,0,0,0,,,,,,,,541.564,0.0,13.04,554.604,20
GM0050,2019,Zeewolde,Flevoland,252.95,52.345896,5.450961,23899,97.0,0,0,0,,,,,,,,541.564,0.0,13.04,554.604,20
GM0050,2020,Zeewolde,Flevoland,252.95,52.345896,5.450961,23899,97.0,0,0,0,,,,,,,,541.564,0.0,13.04,554.604,20
GM0050,2021,Zeewolde,Flevoland,252.95,52.345896,5.450961,23899,97.0,0,0,0,,,,,,,,541.564,0.0,13.04,554.604,20
GM0050,2022,Zeewolde,Flevoland,252.95,52.345896,5.450961,23899,97.0,17,0,0,,,,,,,,541.564,0.0,13.04,554.604,20
GM0050,2023,Zeewolde,Flevoland,252.95,52.345896,5.450961,23899,97.0,13,0,0,,,,,,,,541.564,0.0,13.04,554.604,20
GM0050,2024,Zeewolde,Flevoland,252.95,52.345896,5.450961,23899,97.0,13,0,0,,,,,,,,541.564,0.0,13.04,554.604,20
GM0059,2015,Achtkarspelen,Fryslân,103.94,53.216716,6.143189,28226,276.0,0,0,0,,,,,,,,79.165,0.0,0.768,79.933,11
GM0059,2016,Achtkarspelen,Fryslân,103.94,53.216716,6.143189,28226,276.0,0,0,0,,,,,,,,79.165,0.0,0.768,79.933,11
GM0059,2017,Achtkarspelen,Fryslân,103.94,53.216716,6.143189,28226,276.0,0,0,0,,,,,,,,79.165,0.0,0.768,79.933,11
GM0059,2018,Achtkarspelen,Fryslân,103.94,53.216716,6.143189,28226,276.0,0,0,0,,,,,,,,79.165,0.0,0.768,79.933,11
GM0059,2019,Achtkarspelen,Fryslân,103.94,53.216716,6.143189,28226,276.0,0,0,0,,,,,,,,79.165,0.0,0.768,79.933,11
GM0059,2020,Achtkarspelen,Fryslân,103.94,53.216716,6.143189,28226,276.0,0,0,0,,,,,,,,79.165,0.0,0.768,79.933,11
GM0059,2021,Achtkarspelen,Fryslân,103.94,53.216716,6.143189,28226,276.0,0,0,0,,,,,,,,79.165,0.0,0.768,79.933,11
GM0059,2022,Achtkarspelen,Fryslân,103.94,53.216716,6.143189,28226,276.0,14,1,0,,,,,,,,79.165,0.0,0.768,79.933,11
GM0059,2023,Achtkarspelen,Fryslân,103.94,53.216716,6.143189,28226,276.0,12,0,0,,,,,,,,79.165,0.0,0.768,79.933,11
GM0059,2024,Achtkarspelen,Fryslân,103.94,53.216716,6.143189,28226,276.0,12,0,0,,,,,,,,79.165,0.0,0.768,79.933,11
GM0060,2015,Ameland,Fryslân,57.97,53.450638,5.750189,3839,68.0,0,0,0,,,,,,,,58.4,0.0,0.253,58.653,18
GM0060,2016,Ameland,Fryslân,57.97,53.450638,5.750189,3839,68.0,0,0,0,,,,,,,,58.4,0.0,0.253,58.653,18
GM0060,2017,Ameland,Fryslân,57.97,53.450638,5.750189,3839,68.0,0,0,0,,,,,,,,58.4,0.0,0.253,58.653,18
GM0060,2018,Ameland,Fryslân,57.97,53.450638,5.750189,3839,68.0,0,0,0,,,,,,,,58.4,0.0,0.253,58.653,18
GM0060,2019,Ameland,Fryslân,57.97,53.450638,5.750189,3839,68.0,0,0,0,,,,,,,,58.4,0.0,0.253,58.653,18
GM0060,2020,Ameland,Fryslân,57.97,53.450638,5.750189,3839,68.0,0,0,0,,,,,,,,58.4,0.0,0.253,58.653,18
GM0060,2021,Ameland,Fryslân,57.97,53.450638,5.750189,3839,68.0,0,0,0,,,,,,,,58.4,0.0,0.253,58.653,18
GM0060,2022,Ameland,Fryslân,57.97,53.450638,5.750189,3839,68.0,5,0,0,,,,,,,,58.4,0.0,0.253,58.653,18
GM0060,2023,Ameland,Fryslân,57.97,53.450638,5.750189,3839,68.0,3,0,0,,,,,,,,58.4,0.0,0.253,58.653,18
GM0060,2024,Ameland,Fryslân,57.97,53.450638,5.750189,3839,68.0,6,0,0,,,,,,,,58.4,0.0,0.253,58.653,18
GM0072,2015,Harlingen,Fryslân,25.89,53.175371,5.451898,16229,650.0,0,0,0,,,,,,,,32.02,0.0,0.0,32.02,14
GM0072,2016,Harlingen,Fryslân,25.89,53.175371,5.451898,16229,650.0,0,0,0,,,,,,,,32.02,0.0,0.0,32.02,14
GM0072,2017,Harlingen,Fryslân,25.89,53.175371,5.451898,16229,650.0,0,0,0,,,,,,,,32.02,0.0,0.0,32.02,14
GM0072,2018,Harlingen,Fryslân,25.89,53.175371,5.451898,16229,650.0,0,0,0,,,,,,,,32.02,0.0,0.0,32.02,14
GM0072,2019,Harlingen,Fryslân,25.89,53.175371,5.451898,16229,650.0,0,0,0,,,,,,,,32.02,0.0,0.0,32.02,14
GM0072,2020,Harlingen,Fryslân,25.89,53.175371,5.451898,16229,650.0,0,0,0,,,,,,,,32.02,0.0,0.0,32.02,14
GM0072,2021,Harlingen,Fryslân,25.89,53.175371,5.451898,16229,650.0,0,0,0,,,,,,,,32.02,0.0,0.0,32.02,14
GM0072,2022,Harlingen,Fryslân,25.89,53.175371,5.451898,16229,650.0,7,0,0,,,,,,,,32.02,0.0,0.0,32.02,14
GM0072,2023,Harlingen,Fryslân,25.89,53.175371,5.451898,16229,650.0,7,0,0,,,,,,,,32.02,0.0,0.0,32.02,14
GM0072,2024,Harlingen,Fryslân,25.89,53.175371,5.451898,16229,650.0,6,0,0,,,,,,,,32.02,0.0,0.0,32.02,14
GM0074,2015,Heerenveen,Fryslân,198.22,52.996013,5.978014,51787,273.0,0,0,0,,,,,,,,161.183,0.0,1.362,162.545,29
GM0074,2016,Heerenveen,Fryslân,198.22,52.996013,5.978014,51787,273.0,0,0,0,,,,,,,,161.183,0.0,1.362,162.545,29
GM0074,2017,Heerenveen,Fryslân,198.22,52.996013,5.978014,51787,273.0,0,0,0,,,,,,,,161.183,0.0,1.362,162.545,29
GM0074,2018,Heerenveen,Fryslân,198.22,52.996013,5.978014,51787,273.0,0,0,0,,,,,,,,161.183,0.0,1.362,162.545,29
GM0074,2019,Heerenveen,Fryslân,198.22,52.996013,5.978014,51787,273.0,0,0,0,,,,,,,,161.183,0.0,1.362,162.545,29
GM0074,2020,Heerenveen,Fryslân,198.22,52.996013,5.978014,51787,273.0,0,0,0,,,,,,,,161.183,0.0,1.362,162.545,29
GM0074,2021,Heerenveen,Fryslân,198.22,52.996013,5.978014,51787,273.0,0,0,0,,,,,,,,161.183,0.0,1.362,162.545,29
GM0074,2022,Heerenveen,Fryslân,198.22,52.996013,5.978014,51787,273.0,34,0,0,,,,,,,,161.183,0.0,1.362,162.545,29
GM0074,2023,Heerenveen,Fryslân,198.22,52.996013,5.978014,51787,273.0,27,1,0,,,,,,,,161.183,0.0,1.362,162.545,29
GM0074,2024,Heerenveen,Fryslân,198.22,52.996013,5.978014,51787,273.0,27,2,0,,,,,,,,161.183,0.0,1.362,162.545,29
GM0080,2015,Leeuwarden,Fryslân,255.26,53.170006,5.797929,128810,542.0,0,0,0,10.26,6.64,13.61,83.71,1016.31,835.6,1830.0,273.579,0.0,14.769,288.349,34
GM0080,2016,Leeuwarden,Fryslân,255.26,53.170006,5.797929,128810,542.0,0,0,0,10.15,6.37,13.74,83.8,1015.41,695.5,1928.5,273.579,0.0,14.769,288.349,34
GM0080,2017,Leeuwarden,Fryslân,255.26,53.170006,5.797929,128810,542.0,0,0,0,10.31,6.54,13.79,83.74,1015.14,825.9,1745.2,273.579,0.0,14.769,288.349,34
GM0080,2018,Leeuwarden,Fryslân,255.26,53.170006,5.797929,128810,542.0,0,0,0,10.67,6.68,14.46,80.69,1015.09,609.9,2066.6,273.579,0.0,14.769,288.349,34
GM0080,2019,Leeuwarden,Fryslân,255.26,53.170006,5.797929,128810,542.0,0,0,0,10.66,6.83,14.28,82.16,1013.62,898.8,1921.6,273.579,0.0,14.769,288.349,34
GM0080,2020,Leeuwarden,Fryslân,255.26,53.170006,5.797929,128810,542.0,0,0,0,10.95,7.02,14.54,81.26,1014.32,861.2,1951.2,273.579,0.0,14.769,288.349,34
GM0080,2021,Leeuwarden,Fryslân,255.26,53.170006,5.797929,128810,542.0,0,0,0,9.92,6.3,13.31,84.7,1015.54,938.8,1741.7,273.579,0.0,14.769,288.349,34
GM0080,2022,Leeuwarden,Fryslân,255.26,53.170006,5.797929,128810,542.0,131,3,0,10.94,6.76,14.7,80.37,1016.4,764.7,2178.2,273.579,0.0,14.769,288.349,34
GM0080,2023,Leeuwarden,Fryslân,255.26,53.170006,5.797929,128810,542.0,163,2,0,11.04,7.24,14.55,82.41,1013.22,1008.1,1901.5,273.579,0.0,14.769,288.349,34
GM0080,2024,Leeuwarden,Fryslân,255.26,53.170006,5.797929,128810,542.0,131,3,0,11.31,7.63,14.74,83.47,1013.69,1068.1,1751.4,273.579,0.0,14.769,288.349,34
GM0085,2015,Ooststellingwerf,Fryslân,226.08,52.982382,6.28297,25824,116.0,0,0,0,,,,,,,,322.915,0.0,0.0,322.915,35
GM0085,2016,Ooststellingwerf,Fryslân,226.08,52.982382,6.28297,25824,116.0,0,0,0,,,,,,,,322.915,0.0,0.0,322.915,35
GM0085,2017,Ooststellingwerf,Fryslân,226.08,52.982382,6.28297,25824,116.0,0,0,0,,,,,,,,322.915,0.0,0.0,322.915,35
GM0085,2018,Ooststellingwerf,Fryslân,226.08,52.982382,6.28297,25824,116.0,0,0,0,,,,,,,,322.915,0.0,0.0,322.915,35
GM0085,2019,Ooststellingwerf,Fryslân,226.08,52.982382,6.28297,25824,116.0,0,0,0,,,,,,,,322.915,0.0,0.0,322.915,35
GM0085,2020,Ooststellingwerf,Fryslân,226.08,52.982382,6.28297,25824,116.0,0,0,0,,,,,,,,322.915,0.0,0.0,322.915,35
GM0085,2021,Ooststellingwerf,Fryslân,226.08,52.982382,6.28297,25824,116.0,0,0,0,,,,,,,,322.915,0.0,0.0,322.915,35
GM0085,2022,Ooststellingwerf,Fryslân,226.08,52.982382,6.28297,25824,116.0,8,0,0,,,,,,,,322.915,0.0,0.0,322.915,35
GM0085,2023,Ooststellingwerf,Fryslân,226.08,52.982382,6.28297,25824,116.0,10,1,0,,,,,,,,322.915,0.0,0.0,322.915,35
GM0085,2024,Ooststellingwerf,Fryslân,226.08,52.982382,6.28297,25824,116.0,14,0,0,,,,,,,,322.915,0.0,0.0,322.915,35
GM0086,2015,Opsterland,Fryslân,227.69,53.049163,6.112718,30059,134.0,0,0,0,,,,,,,,176.523,0.0,0.0,176.523,22
GM0086,2016,Opsterland,Fryslân,227.69,53.049163,6.112718,30059,134.0,0,0,0,,,,,,,,176.523,0.0,0.0,176.523,22
GM0086,2017,Opsterland,Fryslân,227.69,53.049163,6.112718,30059,134.0,0,0,0,,,,,,,,176.523,0.0,0.0,176.523,22
GM0086,2018,Opsterland,Fryslân,227.69,53.049163,6.112718,30059,134.0,0,0,0,,,,,,,,176.523,0.0,0.0,176.523,22
GM0086,2019,Opsterland,Fryslân,227.69,53.049163,6.112718,30059,134.0,0,0,0,,,,,,,,176.523,0.0,0.0,176.523,22
GM0086,2020,Opsterland,Fryslân,227.69,53.049163,6.112718,30059,134.0,0,0,0,,,,,,,,176.523,0.0,0.0,176.523,22
GM0086,2021,Opsterland,Fryslân,227.69,53.049163,6.112718,30059,134.0,0,0,0,,,,,,,,176.523,0.0,0.0,176.523,22
GM0086,2022,Opsterland,Fryslân,227.69,53.049163,6.112718,30059,134.0,9,0,0,,,,,,,,176.523,0.0,0.0,176.523,22
GM0086,2023,Opsterland,Fryslân,227.69,53.049163,6.112718,30059,134.0,13,0,0,,,,,,,,176.523,0.0,0.0,176.523,22
GM0086,2024,Opsterland,Fryslân,227.69,53.049163,6.112718,30059,134.0,6,0,0,,,,,,,,176.523,0.0,0.0,176.523,22
GM0088,2015,Schiermonnikoog,Fryslân,42.92,53.491173,6.22734,972,23.0,0,0,0,10.74,8.13,13.36,82.37,,833.7,1809.5,28.158,0.0,2.129,30.287,17
GM0088,2016,Schiermonnikoog,Fryslân,42.92,53.491173,6.22734,972,23.0,0,0,0,10.63,8.05,13.31,82.4,,708.3,1852.3,28.158,0.0,2.129,30.287,17
GM0088,2017,Schiermonnikoog,Fryslân,42.92,53.491173,6.22734,972,23.0,0,0,0,10.75,8.12,13.49,82.21,,986.4,1733.9,28.158,0.0,2.129,30.287,17
GM0088,2018,Schiermonnikoog,Fryslân,42.92,53.491173,6.22734,972,23.0,0,0,0,11.0,8.21,14.05,80.95,,620.0,2018.0,28.158,0.0,2.129,30.287,17
GM0088,2019,Schiermonnikoog,Fryslân,42.92,53.491173,6.22734,972,23.0,0,0,0,11.06,8.39,13.97,81.03,,774.8,1888.2,28.158,0.0,2.129,30.287,17
GM0088,2020,Schiermonnikoog,Fryslân,42.92,53.491173,6.22734,972,23.0,0,0,0,11.31,8.63,14.06,82.03,,903.1,1996.1,28.158,0.0,2.129,30.287,17
GM0088,2021,Schiermonnikoog,Fryslân,42.92,53.491173,6.22734,972,23.0,0,0,0,10.36,7.98,12.94,83.37,,850.3,1780.5,28.158,0.0,2.129,30.287,17
GM0088,2022,Schiermonnikoog,Fryslân,42.92,53.491173,6.22734,972,23.0,2,0,0,11.43,8.59,14.39,79.82,,790.4,2217.0,28.158,0.0,2.129,30.287,17
GM0088,2023,Schiermonnikoog,Fryslân,42.92,53.491173,6.22734,972,23.0,1,0,0,11.43,8.94,14.05,82.13,,981.7,1947.8,28.158,0.0,2.129,30.287,17
GM0088,2024,Schiermonnikoog,Fryslân,42.92,53.491173,6.22734,972,23.0,2,0,0,11.71,9.07,14.38,81.7,,1015.4,1762.5,28.158,0.0,2.129,30.287,17
GM0090,2015,Smallingerland,Fryslân,126.15,53.113453,6.038973,56661,484.0,0,0,0,,,,,,,,110.585,0.425,6.629,117.64,25
GM0090,2016,Smallingerland,Fryslân,126.15,53.113453,6.038973,56661,484.0,0,0,0,,,,,,,,110.585,0.425,6.629,117.64,25
GM0090,2017,Smallingerland,Fryslân,126.15,53.113453,6.038973,56661,484.0,0,0,0,,,,,,,,110.585,0.425,6.629,117.64,25
GM0090,2018,Smallingerland,Fryslân,126.15,53.113453,6.038973,56661,484.0,0,0,0,,,,,,,,110.585,0.425,6.629,117.64,25
GM0090,2019,Smallingerland,Fryslân,126.15,53.113453,6.038973,56661,484.0,0,0,0,,,,,,,,110.585,0.425,6.629,117.64,25
GM0090,2020,Smallingerland,Fryslân,126.15,53.113453,6.038973,56661,484.0,0,0,0,,,,,,,,110.585,0.425,6.629,117.64,25
GM0090,2021,Smallingerland,Fryslân,126.15,53.113453,6.038973,56661,484.0,0,0,0,,,,,,,,110.585,0.425,6.629,117.64,25
GM0090,2022,Smallingerland,Fryslân,126.15,53.113453,6.038973,56661,484.0,37,0,0,,,,,,,,110.585,0.425,6.629,117.64,25
GM0090,2023,Smallingerland,Fryslân,126.15,53.113453,6.038973,56661,484.0,51,0,0,,,,,,,,110.585,0.425,6.629,117.64,25
GM0090,2024,Smallingerland,Fryslân,126.15,53.113453,6.038973,56661,484.0,63,0,0,,,,,,,,110.585,0.425,6.629,117.64,25
GM0093,2015,Terschelling,Fryslân,86.36,53.398273,5.329353,4898,56.0,0,0,0,10.44,7.26,13.12,84.27,1016.05,831.1,1937.6,78.006,0.0,0.0,78.006,26
GM0093,2016,Terschelling,Fryslân,86.36,53.398273,5.329353,4898,56.0,0,0,0,10.43,7.09,13.31,85.26,1015.27,705.8,2041.5,78.006,0.0,0.0,78.006,26
GM0093,2017,Terschelling,Fryslân,86.36,53.398273,5.329353,4898,56.0,0,0,0,10.51,7.13,13.34,83.73,1015.0,912.4,1878.9,78.006,0.0,0.0,78.006,26
GM0093,2018,Terschelling,Fryslân,86.36,53.398273,5.329353,4898,56.0,0,0,0,10.5,7.21,13.53,84.16,1015.04,571.6,2114.9,78.006,0.0,0.0,78.006,26
GM0093,2019,Terschelling,Fryslân,86.36,53.398273,5.329353,4898,56.0,0,0,0,10.73,7.4,13.6,83.55,1013.51,802.5,1965.9,78.006,0.0,0.0,78.006,26
GM0093,2020,Terschelling,Fryslân,86.36,53.398273,5.329353,4898,56.0,0,0,0,10.95,7.44,13.89,83.66,1014.05,852.9,2003.5,78.006,0.0,0.0,78.006,26
GM0093,2021,Terschelling,Fryslân,86.36,53.398273,5.329353,4898,56.0,0,0,0,9.94,6.89,12.58,86.61,1015.23,847.5,1809.3,78.006,0.0,0.0,78.006,26
GM0093,2022,Terschelling,Fryslân,86.36,53.398273,5.329353,4898,56.0,7,0,0,11.08,7.61,14.09,82.82,1016.24,854.4,2296.9,78.006,0.0,0.0,78.006,26
GM0093,2023,Terschelling,Fryslân,86.36,53.398273,5.329353,4898,56.0,5,0,0,11.19,8.04,13.93,83.83,1013.12,1097.1,2012.6,78.006,0.0,0.0,78.006,26
GM0093,2024,Terschelling,Fryslân,86.36,53.398273,5.329353,4898,56.0,7,0,0,11.42,8.28,14.08,84.69,1013.48,926.1,1836.3,78.006,0.0,0.0,78.006,26
GM0096,2015,Vlieland,,42.95,53.258558,4.974548,1255,30.0,0,0,0,10.16,7.63,12.6,82.89,1016.4,0.0,0.0,22.494,0.305,0.0,22.799,36
GM0096,2016,Vlieland,,42.95,53.258558,4.974548,1255,30.0,0,0,0,10.87,8.14,13.52,83.03,1015.24,0.0,0.0,22.494,0.305,0.0,22.799,36
GM0096,2017,Vlieland,,42.95,53.258558,4.974548,1255,30.0,0,0,0,10.93,8.3,13.53,81.54,1015.0,0.0,0.0,22.494,0.305,0.0,22.799,36
GM0096,2018,Vlieland,,42.95,53.258558,4.974548,1255,30.0,0,0,0,10.8,8.01,13.65,82.47,1014.92,0.0,0.0,22.494,0.305,0.0,22.799,36
GM0096,2019,Vlieland,,42.95,53.258558,4.974548,1255,30.0,0,0,0,11.17,8.39,13.91,81.56,1013.45,0.0,0.0,22.494,0.305,0.0,22.799,36
GM0096,2020,Vlieland,,42.95,53.258558,4.974548,1255,30.0,0,0,0,11.42,8.72,14.1,81.14,1014.02,0.0,0.0,22.494,0.305,0.0,22.799,36
GM0096,2021,Vlieland,,42.95,53.258558,4.974548,1255,30.0,0,0,0,10.47,7.89,13.02,82.73,1015.38,0.0,0.0,22.494,0.305,0.0,22.799,36
GM0096,2022,Vlieland,,42.95,53.258558,4.974548,1255,30.0,1,0,0,11.62,8.78,14.42,79.34,1016.26,0.0,0.0,22.494,0.305,0.0,22.799,36
GM0096,2023,Vlieland,,42.95,53.258558,4.974548,1255,30.0,1,0,0,11.64,8.97,14.22,80.88,1013.13,0.0,0.0,22.494,0.305,0.0,22.799,36
GM0096,2024,Vlieland,,42.95,53.258558,4.974548,1255,30.0,2,0,0,11.84,9.11,14.47,81.52,1013.61,0.0,0.0,22.494,0.305,0.0,22.799,36
GM0098,2015,Weststellingwerf,Fryslân,228.59,52.875752,6.017665,26487,120.0,0,0,0,,,,,,,,88.124,0.0,0.247,88.371,12
GM0098,2016,Weststellingwerf,Fryslân,228.59,52.875752,6.017665,26487,120.0,0,0,0,,,,,,,,88.124,0.0,0.247,88.371,12
GM0098,2017,Weststellingwerf,Fryslân,228.59,52.875752,6.017665,26487,120.0,0,0,0,,,,,,,,88.124,0.0,0.247,88.371,12
GM0098,2018,Weststellingwerf,Fryslân,228.59,52.875752,6.017665,26487,120.0,0,0,0,,,,,,,,88.124,0.0,0.247,88.371,12
GM0098,2019,Weststellingwerf,Fryslân,228.59,52.875752,6.017665,26487,120.0,0,0,0,,,,,,,,88.124,0.0,0.247,88.371,12
GM0098,2020,Weststellingwerf,Fryslân,228.59,52.875752,6.017665,26487,120.0,0,0,0,,,,,,,,88.124,0.0,0.247,88.371,12
GM0098,2021,Weststellingwerf,Fryslân,228.59,52.875752,6.017665,26487,120.0,0,0,0,,,,,,,,88.124,0.0,0.247,88.371,12
GM0098,2022,Weststellingwerf,Fryslân,228.59,52.875752,6.017665,26487,120.0,8,0,0,,,,,,,,88.124,0.0,0.247,88.371,12
GM0098,2023,Weststellingwerf,Fryslân,228.59,52.875752,6.017665,26487,120.0,10,0,0,,,,,,,,88.124,0.0,0.247,88.371,12
GM0098,2024,Weststellingwerf,Fryslân,228.59,52.875752,6.017665,26487,120.0,18,0,0,,,,,,,,88.124,0.0,0.247,88.371,12
GM0106,2015,Assen,Drenthe,83.48,53.001261,6.552496,69701,851.0,0,0,0,,,,,,,,268.073,0.0,9.338,277.411,139
GM0106,2016,Assen,Drenthe,83.48,53.001261,6.552496,69701,851.0,0,0,0,,,,,,,,268.073,0.0,9.338,277.411,139
GM0106,2017,Assen,Drenthe,83.48,53.001261,6.552496,69701,851.0,0,0,0,,,,,,,,268.073,0.0,9.338,277.411,139
GM0106,2018,Assen,Drenthe,83.48,53.001261,6.552496,69701,851.0,0,0,0,,,,,,,,268.073,0.0,9.338,277.411,139
GM0106,2019,Assen,Drenthe,83.48,53.001261,6.552496,69701,851.0,0,0,0,,,,,,,,268.073,0.0,9.338,277.411,139
GM0106,2020,Assen,Drenthe,83.48,53.001261,6.552496,69701,851.0,0,0,0,,,,,,,,268.073,0.0,9.338,277.411,139
GM0106,2021,Assen,Drenthe,83.48,53.001261,6.552496,69701,851.0,0,0,0,,,,,,,,268.073,0.0,9.338,277.411,139
GM0106,2022,Assen,Drenthe,83.48,53.001261,6.552496,69701,851.0,62,0,0,,,,,,,,268.073,0.0,9.338,277.411,139
GM0106,2023,Assen,Drenthe,83.48,53.001261,6.552496,69701,851.0,58,2,0,,,,,,,,268.073,0.0,9.338,277.411,139
GM0106,2024,Assen,Drenthe,83.48,53.001261,6.552496,69701,851.0,63,0,0,,,,,,,,268.073,0.0,9.338,277.411,139
GM0109,2015,Coevorden,Drenthe,299.6,52.740226,6.735936,35725,121.0,0,0,0,,,,,,,,359.628,0.52,2.978,363.125,55
GM0109,2016,Coevorden,Drenthe,299.6,52.740226,6.735936,35725,121.0,0,0,0,,,,,,,,359.628,0.52,2.978,363.125,55
GM0109,2017,Coevorden,Drenthe,299.6,52.740226,6.735936,35725,121.0,0,0,0,,,,,,,,359.628,0.52,2.978,363.125,55
GM0109,2018,Coevorden,Drenthe,299.6,52.740226,6.735936,35725,121.0,0,0,0,,,,,,,,359.628,0.52,2.978,363.125,55
GM0109,2019,Coevorden,Drenthe,299.6,52.740226,6.735936,35725,121.0,0,0,0,,,,,,,,359.628,0.52,2.978,363.125,55
GM0109,2020,Coevorden,Drenthe,299.6,52.740226,6.735936,35725,121.0,0,0,0,,,,,,,,359.628,0.52,2.978,363.125,55
GM0109,2021,Coevorden,Drenthe,299.6,52.740226,6.735936,35725,121.0,0,0,0,,,,,,,,359.628,0.52,2.978,363.125,55
GM0109,2022,Coevorden,Drenthe,299.6,52.740226,6.735936,35725,121.0,11,0,0,,,,,,,,359.628,0.52,2.978,363.125,55
GM0109,2023,Coevorden,Drenthe,299.6,52.740226,6.735936,35725,121.0,16,0,0,,,,,,,,359.628,0.52,2.978,363.125,55
GM0109,2024,Coevorden,Drenthe,299.6,52.740226,6.735936,35725,121.0,18,0,0,,,,,,,,359.628,0.52,2.978,363.125,55
GM0114,2015,Emmen,Drenthe,346.13,52.749643,6.961922,109346,326.0,0,0,0,,,,,,,,724.98,0.0,48.519,773.499,82
GM0114,2016,Emmen,Drenthe,346.13,52.749643,6.961922,109346,326.0,0,0,0,,,,,,,,724.98,0.0,48.519,773.499,82
GM0114,2017,Emmen,Drenthe,346.13,52.749643,6.961922,109346,326.0,0,0,0,,,,,,,,724.98,0.0,48.519,773.499,82
GM0114,2018,Emmen,Drenthe,346.13,52.749643,6.961922,109346,326.0,0,0,0,,,,,,,,724.98,0.0,48.519,773.499,82
GM0114,2019,Emmen,Drenthe,346.13,52.749643,6.961922,109346,326.0,0,0,0,,,,,,,,724.98,0.0,48.519,773.499,82
GM0114,2020,Emmen,Drenthe,346.13,52.749643,6.961922,109346,326.0,0,0,0,,,,,,,,724.98,0.0,48.519,773.499,82
GM0114,2021,Emmen,Drenthe,346.13,52.749643,6.961922,109346,326.0,0,0,0,,,,,,,,724.98,0.0,48.519,773.499,82
GM0114,2022,Emmen,Drenthe,346.13,52.749643,6.961922,109346,326.0,72,0,0,,,,,,,,724.98,0.0,48.519,773.499,82
GM0114,2023,Emmen,Drenthe,346.13,52.749643,6.961922,109346,326.0,57,3,0,,,,,,,,724.98,0.0,48.519,773.499,82
GM0114,2024,Emmen,Drenthe,346.13,52.749643,6.961922,109346,326.0,93,3,0,,,,,,,,724.98,0.0,48.519,773.499,82
GM0118,2015,Hoogeveen,Drenthe,129.37,52.72308,6.513614,56591,444.0,0,0,0,10.18,6.0,14.31,83.67,1016.85,976.4,1818.8,348.777,0.0,9.076,357.853,28
GM0118,2016,Hoogeveen,Drenthe,129.37,52.72308,6.513614,56591,444.0,0,0,0,10.08,5.88,14.29,84.34,1015.82,754.7,1827.6,348.777,0.0,9.076,357.853,28
GM0118,2017,Hoogeveen,Drenthe,129.37,52.72308,6.513614,56591,444.0,0,0,0,10.32,6.12,14.37,83.0,1015.63,925.7,1697.4,348.777,0.0,9.076,357.853,28
GM0118,2018,Hoogeveen,Drenthe,129.37,52.72308,6.513614,56591,444.0,0,0,0,10.78,5.98,15.46,79.34,1015.41,632.5,2121.0,348.777,0.0,9.076,357.853,28
GM0118,2019,Hoogeveen,Drenthe,129.37,52.72308,6.513614,56591,444.0,0,0,0,10.63,5.95,15.1,81.08,1014.24,792.8,1933.9,348.777,0.0,9.076,357.853,28
GM0118,2020,Hoogeveen,Drenthe,129.37,52.72308,6.513614,56591,444.0,0,0,0,10.93,6.32,15.31,80.86,1014.9,808.9,1888.7,348.777,0.0,9.076,357.853,28
GM0118,2021,Hoogeveen,Drenthe,129.37,52.72308,6.513614,56591,444.0,0,0,0,9.93,5.93,13.89,84.67,1015.76,857.1,1691.4,348.777,0.0,9.076,357.853,28
GM0118,2022,Hoogeveen,Drenthe,129.37,52.72308,6.513614,56591,444.0,33,0,0,10.96,6.03,15.47,79.76,1016.77,776.9,2086.1,348.777,0.0,9.076,357.853,28
GM0118,2023,Hoogeveen,Drenthe,129.37,52.72308,6.513614,56591,444.0,32,0,0,11.12,6.85,15.26,81.95,1013.64,1092.7,1823.8,348.777,0.0,9.076,357.853,28
GM0118,2024,Hoogeveen,Drenthe,129.37,52.72308,6.513614,56591,444.0,35,0,0,11.27,7.18,15.25,83.52,1014.06,943.8,1721.7,348.777,0.0,9.076,357.853,28
GM0119,2015,Meppel,Drenthe,57.05,52.715945,6.193912,35810,645.0,0,0,0,,,,,,,,90.642,0.0,8.758,99.4,26
GM0119,2016,Meppel,Drenthe,57.05,52.715945,6.193912,35810,645.0,0,0,0,,,,,,,,90.642,0.0,8.758,99.4,26
GM0119,2017,Meppel,Drenthe,57.05,52.715945,6.193912,35810,645.0,0,0,0,,,,,,,,90.642,0.0,8.758,99.4,26
GM0119,2018,Meppel,Drenthe,57.05,52.715945,6.193912,35810,645.0,0,0,0,,,,,,,,90.642,0.0,8.758,99.4,26
GM0119,2019,Meppel,Drenthe,57.05,52.715945,6.193912,35810,645.0,0,0,0,,,,,,,,90.642,0.0,8.758,99.4,26
GM0119,2020,Meppel,Drenthe,57.05,52.715945,6.193912,35810,645.0,0,0,0,,,,,,,,90.642,0.0,8.758,99.4,26
GM0119,2021,Meppel,Drenthe,57.05,52.715945,6.193912,35810,645.0,0,0,0,,,,,,,,90.642,0.0,8.758,99.4,26
GM0119,2022,Meppel,Drenthe,57.05,52.715945,6.193912,35810,645.0,19,0,0,,,,,,,,90.642,0.0,8.758,99.4,26
GM0119,2023,Meppel,Drenthe,57.05,52.715945,6.193912,35810,645.0,27,0,0,,,,,,,,90.642,0.0,8.758,99.4,26
GM0119,2024,Meppel,Drenthe,57.05,52.715945,6.193912,35810,645.0,31,2,0,,,,,,,,90.642,0.0,8.758,99.4,26
GM0141,2015,Almelo,Overijssel,69.38,52.347953,6.658128,74317,1106.0,0,0,0,,,,,,,,228.04,0.112,23.65,251.802,48
GM0141,2016,Almelo,Overijssel,69.38,52.347953,6.658128,74317,1106.0,0,0,0,,,,,,,,228.04,0.112,23.65,251.802,48
GM0141,2017,Almelo,Overijssel,69.38,52.347953,6.658128,74317,1106.0,0,0,0,,,,,,,,228.04,0.112,23.65,251.802,48
GM0141,2018,Almelo,Overijssel,69.38,52.347953,6.658128,74317,1106.0,0,0,0,,,,,,,,228.04,0.112,23.65,251.802,48
GM0141,2019,Almelo,Overijssel,69.38,52.347953,6.658128,74317,1106.0,0,0,0,,,,,,,,228.04,0.112,23.65,251.802,48
GM0141,2020,Almelo,Overijssel,69.38,52.347953,6.658128,74317,1106.0,0,0,0,,,,,,,,228.04,0.112,23.65,251.802,48
GM0141,2021,Almelo,Overijssel,69.38,52.347953,6.658128,74317,1106.0,0,0,0,,,,,,,,228.04,0.112,23.65,251.802,48
GM0141,2022,Almelo,Overijssel,69.38,52.347953,6.658128,74317,1106.0,101,1,0,,,,,,,,228.04,0.112,23.65,251.802,48
GM0141,2023,Almelo,Overijssel,69.38,52.347953,6.658128,74317,1106.0,106,1,0,,,,,,,,228.04,0.112,23.65,251.802,48
GM0141,2024,Almelo,Overijssel,69.38,52.347953,6.658128,74317,1106.0,107,0,0,,,,,,,,228.04,0.112,23.65,251.802,48
GM0147,2015,Borne,Overijssel,26.22,52.312348,6.743533,24639,948.0,0,0,0,,,,,,,,51.56,0.0,20.822,72.382,10
GM0147,2016,Borne,Overijssel,26.22,52.312348,6.743533,24639,948.0,0,0,0,,,,,,,,51.56,0.0,20.822,72.382,10
GM0147,2017,Borne,Overijssel,26.22,52.312348,6.743533,24639,948.0,0,0,0,,,,,,,,51.56,0.0,20.822,72.382,10
GM0147,2018,Borne,Overijssel,26.22,52.312348,6.743533,24639,948.0,0,0,0,,,,,,,,51.56,0.0,20.822,72.382,10
GM0147,2019,Borne,Overijssel,26.22,52.312348,6.743533,24639,948.0,0,0,0,,,,,,,,51.56,0.0,20.822,72.382,10
GM0147,2020,Borne,Overijssel,26.22,52.312348,6.743533,24639,948.0,0,0,0,,,,,,,,51.56,0.0,20.822,72.382,10
GM0147,2021,Borne,Overijssel,26.22,52.312348,6.743533,24639,948.0,0,0,0,,,,,,,,51.56,0.0,20.822,72.382,10
GM0147,2022,Borne,Overijssel,26.22,52.312348,6.743533,24639,948.0,19,0,0,,,,,,,,51.56,0.0,20.822,72.382,10
GM0147,2023,Borne,Overijssel,26.22,52.312348,6.743533,24639,948.0,20,0,0,,,,,,,,51.56,0.0,20.822,72.382,10
GM0147,2024,Borne,Overijssel,26.22,52.312348,6.743533,24639,948.0,16,0,0,,,,,,,,51.56,0.0,20.822,72.382,10
GM0148,2015,Dalfsen,Overijssel,166.51,52.514721,6.276676,29683,180.0,0,0,0,10.6,6.43,14.49,82.38,1016.92,883.6,1825.6,215.58,0.0,24.29,239.87,4
GM0148,2016,Dalfsen,Overijssel,166.51,52.514721,6.276676,29683,180.0,0,0,0,10.4,6.3,14.31,83.42,1015.77,743.5,1814.6,215.58,0.0,24.29,239.87,4
GM0148,2017,Dalfsen,Overijssel,166.51,52.514721,6.276676,29683,180.0,0,0,0,10.79,6.78,14.58,81.72,1015.73,905.0,1775.3,215.58,0.0,24.29,239.87,4
GM0148,2018,Dalfsen,Overijssel,166.51,52.514721,6.276676,29683,180.0,0,0,0,11.31,7.01,15.47,78.21,1015.26,548.3,2088.1,215.58,0.0,24.29,239.87,4
GM0148,2019,Dalfsen,Overijssel,166.51,52.514721,6.276676,29683,180.0,0,0,0,11.06,6.64,15.2,79.62,1014.15,743.3,1979.4,215.58,0.0,24.29,239.87,4
GM0148,2020,Dalfsen,Overijssel,166.51,52.514721,6.276676,29683,180.0,0,0,0,11.49,7.11,15.48,78.97,1014.8,826.5,2038.4,215.58,0.0,24.29,239.87,4
GM0148,2021,Dalfsen,Overijssel,166.51,52.514721,6.276676,29683,180.0,0,0,0,10.35,6.35,14.05,82.11,1015.86,753.9,1781.4,215.58,0.0,24.29,239.87,4
GM0148,2022,Dalfsen,Overijssel,166.51,52.514721,6.276676,29683,180.0,24,0,0,11.42,6.64,15.61,78.45,1016.81,706.9,2228.4,215.58,0.0,24.29,239.87,4
GM0148,2023,Dalfsen,Overijssel,166.51,52.514721,6.276676,29683,180.0,18,2,0,11.57,7.5,15.41,81.39,1013.7,1060.2,1878.9,215.58,0.0,24.29,239.87,4
GM0148,2024,Dalfsen,Overijssel,166.51,52.514721,6.276676,29683,180.0,19,0,0,11.67,7.71,15.43,81.54,1014.07,956.5,1748.8,215.58,0.0,24.29,239.87,4
GM0150,2015,Deventer,Overijssel,134.3,52.268242,6.235763,103405,792.0,0,0,0,,,,,,,,403.87,0.508,51.963,456.34,194
GM0150,2016,Deventer,Overijssel,134.3,52.268242,6.235763,103405,792.0,0,0,0,,,,,,,,403.87,0.508,51.963,456.34,194
GM0150,2017,Deventer,Overijssel,134.3,52.268242,6.235763,103405,792.0,0,0,0,,,,,,,,403.87,0.508,51.963,456.34,194
GM0150,2018,Deventer,Overijssel,134.3,52.268242,6.235763,103405,792.0,0,0,0,,,,,,,,403.87,0.508,51.963,456.34,194
GM0150,2019,Deventer,Overijssel,134.3,52.268242,6.235763,103405,792.0,0,0,0,,,,,,,,403.87,0.508,51.963,456.34,194
GM0150,2020,Deventer,Overijssel,134.3,52.268242,6.235763,103405,792.0,0,0,0,,,,,,,,403.87,0.508,51.963,456.34,194
GM0150,2021,Deventer,Overijssel,134.3,52.268242,6.235763,103405,792.0,0,0,0,,,,,,,,403.87,0.508,51.963,456.34,194
GM0150,2022,Deventer,Overijssel,134.3,52.268242,6.235763,103405,792.0,83,2,0,,,,,,,,403.87,0.508,51.963,456.34,194
GM0150,2023,Deventer,Overijssel,134.3,52.268242,6.235763,103405,792.0,110,1,0,,,,,,,,403.87,0.508,51.963,456.34,194
GM0150,2024,Deventer,Overijssel,134.3,52.268242,6.235763,103405,792.0,140,0,0,,,,,,,,403.87,0.508,51.963,456.34,194
GM0153,2015,Enschede,Overijssel,142.71,52.220789,6.877772,161738,1149.0,0,0,0,,,,,,,,284.814,0.786,36.751,322.351,131
GM0153,2016,Enschede,Overijssel,142.71,52.220789,6.877772,161738,1149.0,0,0,0,,,,,,,,284.814,0.786,36.751,322.351,131
GM0153,2017,Enschede,Overijssel,142.71,52.220789,6.877772,161738,1149.0,0,0,0,,,,,,,,284.814,0.786,36.751,322.351,131
GM0153,2018,Enschede,Overijssel,142.71,52.220789,6.877772,161738,1149.0,0,0,0,,,,,,,,284.814,0.786,36.751,322.351,131
GM0153,2019,Enschede,Overijssel,142.71,52.220789,6.877772,161738,1149.0,0,0,0,,,,,,,,284.814,0.786,36.751,322.351,131
GM0153,2020,Enschede,Overijssel,142.71,52.220789,6.877772,161738,1149.0,0,0,0,,,,,,,,284.814,0.786,36.751,322.351,131
GM0153,2021,Enschede,Overijssel,142.71,52.220789,6.877772,161738,1149.0,0,0,0,,,,,,,,284.814,0.786,36.751,322.351,131
GM0153,2022,Enschede,Overijssel,142.71,52.220789,6.877772,161738,1149.0,277,6,0,,,,,,,,284.814,0.786,36.751,322.351,131
GM0153,2023,Enschede,Overijssel,142.71,52.220789,6.877772,161738,1149.0,260,3,0,,,,,,,,284.814,0.786,36.751,322.351,131
GM0153,2024,Enschede,Overijssel,142.71,52.220789,6.877772,161738,1149.0,192,1,0,,,,,,,,284.814,0.786,36.751,322.351,131
GM0158,2015,Haaksbergen,Overijssel,105.53,52.155517,6.755874,24359,232.0,0,0,0,,,,,,,,186.018,0.305,2.145,188.469,2
GM0158,2016,Haaksbergen,Overijssel,105.53,52.155517,6.755874,24359,232.0,0,0,0,,,,,,,,186.018,0.305,2.145,188.469,2
GM0158,2017,Haaksbergen,Overijssel,105.53,52.155517,6.755874,24359,232.0,0,0,0,,,,,,,,186.018,0.305,2.145,188.469,2
GM0158,2018,Haaksbergen,Overijssel,105.53,52.155517,6.755874,24359,232.0,0,0,0,,,,,,,,186.018,0.305,2.145,188.469,2
GM0158,2019,Haaksbergen,Overijssel,105.53,52.155517,6.755874,24359,232.0,0,0,0,,,,,,,,186.018,0.305,2.145,188.469,2
GM0158,2020,Haaksbergen,Overijssel,105.53,52.155517,6.755874,24359,232.0,0,0,0,,,,,,,,186.018,0.305,2.145,188.469,2
GM0158,2021,Haaksbergen,Overijssel,105.53,52.155517,6.755874,24359,232.0,0,0,0,,,,,,,,186.018,0.305,2.145,188.469,2
GM0158,2022,Haaksbergen,Overijssel,105.53,52.155517,6.755874,24359,232.0,25,1,0,,,,,,,,186.018,0.305,2.145,188.469,2
GM0158,2023,Haaksbergen,Overijssel,105.53,52.155517,6.755874,24359,232.0,16,1,0,,,,,,,,186.018,0.305,2.145,188.469,2
GM0158,2024,Haaksbergen,Overijssel,105.53,52.155517,6.755874,24359,232.0,26,0,0,,,,,,,,186.018,0.305,2.145,188.469,2
GM0160,2015,Hardenberg,Overijssel,317.13,52.585623,6.574159,62932,202.0,0,0,0,10.48,5.88,14.78,81.09,,858.3,1854.5,473.003,0.0,16.814,489.816,97
GM0160,2016,Hardenberg,Overijssel,317.13,52.585623,6.574159,62932,202.0,0,0,0,10.22,5.77,14.54,82.93,,709.8,1799.7,473.003,0.0,16.814,489.816,97
GM0160,2017,Hardenberg,Overijssel,317.13,52.585623,6.574159,62932,202.0,0,0,0,10.63,6.05,14.89,81.21,,749.1,1667.3,473.003,0.0,16.814,489.816,97
GM0160,2018,Hardenberg,Overijssel,317.13,52.585623,6.574159,62932,202.0,0,0,0,11.3,5.93,16.24,76.17,,531.2,2147.0,473.003,0.0,16.814,489.816,97
GM0160,2019,Hardenberg,Overijssel,317.13,52.585623,6.574159,62932,202.0,0,0,0,11.02,5.85,15.75,79.36,,633.2,1934.1,473.003,0.0,16.814,489.816,97
GM0160,2020,Hardenberg,Overijssel,317.13,52.585623,6.574159,62932,202.0,0,0,0,11.28,6.15,15.93,78.77,,655.8,1935.4,473.003,0.0,16.814,489.816,97
GM0160,2021,Hardenberg,Overijssel,317.13,52.585623,6.574159,62932,202.0,0,0,0,10.09,5.63,14.32,82.52,,691.0,1717.2,473.003,0.0,16.814,489.816,97
GM0160,2022,Hardenberg,Overijssel,317.13,52.585623,6.574159,62932,202.0,35,0,0,11.38,6.03,16.23,76.56,,592.9,2178.8,473.003,0.0,16.814,489.816,97
GM0160,2023,Hardenberg,Overijssel,317.13,52.585623,6.574159,62932,202.0,44,1,0,11.48,7.01,15.69,80.33,,1102.2,1828.0,473.003,0.0,16.814,489.816,97
GM0160,2024,Hardenberg,Overijssel,317.13,52.585623,6.574159,62932,202.0,58,0,0,11.56,7.45,15.51,83.3,,980.6,1674.1,473.003,0.0,16.814,489.816,97
GM0163,2015,Hellendoorn,Overijssel,138.96,52.386375,6.450851,36264,263.0,0,0,0,,,,,,,,231.316,1.177,35.424,267.918,8
GM0163,2016,Hellendoorn,Overijssel,138.96,52.386375,6.450851,36264,263.0,0,0,0,,,,,,,,231.316,1.177,35.424,267.918,8
GM0163,2017,Hellendoorn,Overijssel,138.96,52.386375,6.450851,36264,263.0,0,0,0,,,,,,,,231.316,1.177,35.424,267.918,8
GM0163,2018,Hellendoorn,Overijssel,138.96,52.386375,6.450851,36264,263.0,0,0,0,,,,,,,,231.316,1.177,35.424,267.918,8
GM0163,2019,Hellendoorn,Overijssel,138.96,52.386375,6.450851,36264,263.0,0,0,0,,,,,,,,231.316,1.177,35.424,267.918,8
GM0163,2020,Hellendoorn,Overijssel,138.96,52.386375,6.450851,36264,263.0,0,0,0,,,,,,,,231.316,1.177,35.424,267.918,8
GM0163,2021,Hellendoorn,Overijssel,138.96,52.386375,6.450851,36264,263.0,0,0,0,,,,,,,,231.316,1.177,35.424,267.918,8
GM0163,2022,Hellendoorn,Overijssel,138.96,52.386375,6.450851,36264,263.0,46,1,0,,,,,,,,231.316,1.177,35.424,267.918,8
GM0163,2023,Hellendoorn,Overijssel,138.96,52.386375,6.450851,36264,263.0,36,2,0,,,,,,,,231.316,1.177,35.424,267.918,8
GM0163,2024,Hellendoorn,Overijssel,138.96,52.386375,6.450851,36264,263.0,33,1,0,,,,,,,,231.316,1.177,35.424,267.918,8
GM0164,2015,Hengelo (O.),Overijssel,61.83,52.254984,6.77825,83058,1365.0,0,0,0,,,,,,,,280.553,0.929,18.015,299.496,68
GM0164,2016,Hengelo (O.),Overijssel,61.83,52.254984,6.77825,83058,1365.0,0,0,0,,,,,,,,280.553,0.929,18.015,299.496,68
GM0164,2017,Hengelo (O.),Overijssel,61.83,52.254984,6.77825,83058,1365.0,0,0,0,,,,,,,,280.553,0.929,18.015,299.496,68
GM0164,2018,Hengelo (O.),Overijssel,61.83,52.254984,6.77825,83058,1365.0,0,0,0,,,,,,,,280.553,0.929,18.015,299.496,68
GM0164,2019,Hengelo (O.),Overijssel,61.83,52.254984,6.77825,83058,1365.0,0,0,0,,,,,,,,280.553,0.929,18.015,299.496,68
GM0164,2020,Hengelo (O.),Overijssel,61.83,52.254984,6.77825,83058,1365.0,0,0,0,,,,,,,,280.553,0.929,18.015,299.496,68
GM0164,2021,Hengelo (O.),Overijssel,61.83,52.254984,6.77825,83058,1365.0,0,0,0,,,,,,,,280.553,0.929,18.015,299.496,68
GM0164,2022,Hengelo (O.),Overijssel,61.83,52.254984,6.77825,83058,1365.0,0,0,0,,,,,,,,280.553,0.929,18.015,299.496,68
GM0164,2023,Hengelo (O.),Overijssel,61.83,52.254984,6.77825,83058,1365.0,0,0,0,,,,,,,,280.553,0.929,18.015,299.496,68
GM0164,2024,Hengelo (O.),Overijssel,61.83,52.254984,6.77825,83058,1365.0,0,0,0,,,,,,,,280.553,0.929,18.015,299.496,68
GM0166,2015,Kampen,Overijssel,150.01,52.555777,5.931039,56177,398.0,0,0,0,11.01,7.53,14.08,80.62,,748.3,1915.7,272.528,0.0,17.727,290.256,12
GM0166,2016,Kampen,Overijssel,150.01,52.555777,5.931039,56177,398.0,0,0,0,10.99,7.35,14.2,81.04,,749.1,1935.6,272.528,0.0,17.727,290.256,12
GM0166,2017,Kampen,Overijssel,150.01,52.555777,5.931039,56177,398.0,0,0,0,11.2,7.66,14.33,79.39,,902.8,1851.9,272.528,0.0,17.727,290.256,12
GM0166,2018,Kampen,Overijssel,150.01,52.555777,5.931039,56177,398.0,0,0,0,11.24,7.5,14.6,77.99,,639.7,2040.9,272.528,0.0,17.727,290.256,12
GM0166,2019,Kampen,Overijssel,150.01,52.555777,5.931039,56177,398.0,0,0,0,11.43,7.89,14.64,77.71,,853.7,1988.7,272.528,0.0,17.727,290.256,12
GM0166,2020,Kampen,Overijssel,150.01,52.555777,5.931039,56177,398.0,0,0,0,11.84,8.15,15.03,77.63,,903.7,2065.6,272.528,0.0,17.727,290.256,12
GM0166,2021,Kampen,Overijssel,150.01,52.555777,5.931039,56177,398.0,0,0,0,10.64,7.21,13.65,81.49,,937.8,1838.9,272.528,0.0,17.727,290.256,12
GM0166,2022,Kampen,Overijssel,150.01,52.555777,5.931039,56177,398.0,67,1,0,11.83,7.85,15.29,76.45,,751.1,2309.1,272.528,0.0,17.727,290.256,12
GM0166,2023,Kampen,Overijssel,150.01,52.555777,5.931039,56177,398.0,54,0,0,11.84,8.28,14.98,79.71,,1109.0,1932.4,272.528,0.0,17.727,290.256,12
GM0166,2024,Kampen,Overijssel,150.01,52.555777,5.931039,56177,398.0,76,1,0,11.96,8.59,15.01,80.26,,1052.9,1814.7,272.528,0.0,17.727,290.256,12
GM0168,2015,Losser,Overijssel,99.68,52.302814,7.002765,23376,237.0,0,0,0,,,,,,,,75.795,0.0,7.45,83.245,4
GM0168,2016,Losser,Overijssel,99.68,52.302814,7.002765,23376,237.0,0,0,0,,,,,,,,75.795,0.0,7.45,83.245,4
GM0168,2017,Losser,Overijssel,99.68,52.302814,7.002765,23376,237.0,0,0,0,,,,,,,,75.795,0.0,7.45,83.245,4
GM0168,2018,Losser,Overijssel,99.68,52.302814,7.002765,23376,237.0,0,0,0,,,,,,,,75.795,0.0,7.45,83.245,4
GM0168,2019,Losser,Overijssel,99.68,52.302814,7.002765,23376,237.0,0,0,0,,,,,,,,75.795,0.0,7.45,83.245,4
GM0168,2020,Losser,Overijssel,99.68,52.302814,7.002765,23376,237.0,0,0,0,,,,,,,,75.795,0.0,7.45,83.245,4
GM0168,2021,Losser,Overijssel,99.68,52.302814,7.002765,23376,237.0,0,0,0,,,,,,,,75.795,0.0,7.45,83.245,4
GM0168,2022,Losser,Overijssel,99.68,52.302814,7.002765,23376,237.0,26,1,0,,,,,,,,75.795,0.0,7.45,83.245,4
GM0168,2023,Losser,Overijssel,99.68,52.302814,7.002765,23376,237.0,25,0,0,,,,,,,,75.795,0.0,7.45,83.245,4
GM0168,2024,Losser,Overijssel,99.68,52.302814,7.002765,23376,237.0,35,1,0,,,,,,,,75.795,0.0,7.45,83.245,4
GM0171,2015,Noordoostpolder,Flevoland,466.03,52.712711,5.768089,50035,109.0,0,0,0,10.6,6.84,14.3,81.96,,885.0,1865.5,292.076,0.0,6.562,298.639,7
GM0171,2016,Noordoostpolder,Flevoland,466.03,52.712711,5.768089,50035,109.0,0,0,0,10.34,6.47,14.24,83.88,,725.5,1884.8,292.076,0.0,6.562,298.639,7
GM0171,2017,Noordoostpolder,Flevoland,466.03,52.712711,5.768089,50035,109.0,0,0,0,10.64,6.83,14.29,82.61,,890.8,1755.3,292.076,0.0,6.562,298.639,7
GM0171,2018,Noordoostpolder,Flevoland,466.03,52.712711,5.768089,50035,109.0,0,0,0,11.01,6.64,15.3,80.21,,621.9,2116.1,292.076,0.0,6.562,298.639,7
GM0171,2019,Noordoostpolder,Flevoland,466.03,52.712711,5.768089,50035,109.0,0,0,0,10.79,6.63,14.83,81.51,,756.2,1965.3,292.076,0.0,6.562,298.639,7
GM0171,2020,Noordoostpolder,Flevoland,466.03,52.712711,5.768089,50035,109.0,0,0,0,11.25,7.23,15.14,80.25,,770.9,1962.9,292.076,0.0,6.562,298.639,7
GM0171,2021,Noordoostpolder,Flevoland,466.03,52.712711,5.768089,50035,109.0,0,0,0,10.17,6.47,13.79,83.53,,726.0,1726.2,292.076,0.0,6.562,298.639,7
GM0171,2022,Noordoostpolder,Flevoland,466.03,52.712711,5.768089,50035,109.0,35,0,0,11.24,6.89,15.27,79.64,,690.3,2171.8,292.076,0.0,6.562,298.639,7
GM0171,2023,Noordoostpolder,Flevoland,466.03,52.712711,5.768089,50035,109.0,37,0,0,11.43,7.64,15.16,82.53,,967.5,1846.3,292.076,0.0,6.562,298.639,7
GM0171,2024,Noordoostpolder,Flevoland,466.03,52.712711,5.768089,50035,109.0,39,0,0,11.6,7.87,15.27,82.75,,897.3,1729.3,292.076,0.0,6.562,298.639,7
GM0173,2015,Oldenzaal,Overijssel,21.96,52.307708,6.911053,31794,1475.0,0,0,0,10.5,5.82,14.78,80.53,1017.31,877.0,1823.7,57.25,0.0,4.569,61.818,9
GM0173,2016,Oldenzaal,Overijssel,21.96,52.307708,6.911053,31794,1475.0,0,0,0,10.22,5.59,14.61,82.3,1016.13,716.0,1759.0,57.25,0.0,4.569,61.818,9
GM0173,2017,Oldenzaal,Overijssel,21.96,52.307708,6.911053,31794,1475.0,0,0,0,10.51,5.83,14.79,80.96,1016.01,853.5,1603.9,57.25,0.0,4.569,61.818,9
GM0173,2018,Oldenzaal,Overijssel,21.96,52.307708,6.911053,31794,1475.0,0,0,0,11.18,5.8,16.12,75.72,1015.48,610.2,2094.8,57.25,0.0,4.569,61.818,9
GM0173,2019,Oldenzaal,Overijssel,21.96,52.307708,6.911053,31794,1475.0,0,0,0,11.0,5.87,15.71,77.33,1014.43,774.4,1895.9,57.25,0.0,4.569,61.818,9
GM0173,2020,Oldenzaal,Overijssel,21.96,52.307708,6.911053,31794,1475.0,0,0,0,11.27,6.18,15.84,77.59,1015.22,687.1,1862.5,57.25,0.0,4.569,61.818,9
GM0173,2021,Oldenzaal,Overijssel,21.96,52.307708,6.911053,31794,1475.0,0,0,0,10.15,5.44,14.48,81.65,1015.98,745.7,1657.5,57.25,0.0,4.569,61.818,9
GM0173,2022,Oldenzaal,Overijssel,21.96,52.307708,6.911053,31794,1475.0,43,2,0,11.4,5.81,16.18,75.28,1016.94,624.8,2145.9,57.25,0.0,4.569,61.818,9
GM0173,2023,Oldenzaal,Overijssel,21.96,52.307708,6.911053,31794,1475.0,37,0,0,11.42,6.75,15.77,78.88,1014.04,1115.6,1786.0,57.25,0.0,4.569,61.818,9
GM0173,2024,Oldenzaal,Overijssel,21.96,52.307708,6.911053,31794,1475.0,34,1,0,11.49,6.98,15.61,81.31,1014.45,1055.4,1650.1,57.25,0.0,4.569,61.818,9
GM0175,2015,Ommen,Overijssel,182.02,52.516107,6.434759,19031,106.0,0,0,0,,,,,,,,245.915,0.0,5.792,251.707,98
GM0175,2016,Ommen,Overijssel,182.02,52.516107,6.434759,19031,106.0,0,0,0,,,,,,,,245.915,0.0,5.792,251.707,98
GM0175,2017,Ommen,Overijssel,182.02,52.516107,6.434759,19031,106.0,0,0,0,,,,,,,,245.915,0.0,5.792,251.707,98
GM0175,2018,Ommen,Overijssel,182.02,52.516107,6.434759,19031,106.0,0,0,0,,,,,,,,245.915,0.0,5.792,251.707,98
GM0175,2019,Ommen,Overijssel,182.02,52.516107,6.434759,19031,106.0,0,0,0,,,,,,,,245.915,0.0,5.792,251.707,98
GM0175,2020,Ommen,Overijssel,182.02,52.516107,6.434759,19031,106.0,0,0,0,,,,,,,,245.915,0.0,5.792,251.707,98
GM0175,2021,Ommen,Overijssel,182.02,52.516107,6.434759,19031,106.0,0,0,0,,,,,,,,245.915,0.0,5.792,251.707,98
GM0175,2022,Ommen,Overijssel,182.02,52.516107,6.434759,19031,106.0,21,1,0,,,,,,,,245.915,0.0,5.792,251.707,98
GM0175,2023,Ommen,Overijssel,182.02,52.516107,6.434759,19031,106.0,18,0,0,,,,,,,,245.915,0.0,5.792,251.707,98
GM0175,2024,Ommen,Overijssel,182.02,52.516107,6.434759,19031,106.0,23,0,0,,,,,,,,245.915,0.0,5.792,251.707,98
GM0177,2015,Raalte,Overijssel,172.26,52.387826,6.279037,38364,224.0,0,0,0,10.43,5.91,14.68,82.99,,831.6,1804.5,218.017,0.0,23.372,241.389,0
GM0177,2016,Raalte,Overijssel,172.26,52.387826,6.279037,38364,224.0,0,0,0,10.16,5.6,14.59,82.99,,666.4,1784.4,218.017,0.0,23.372,241.389,0
GM0177,2017,Raalte,Overijssel,172.26,52.387826,6.279037,38364,224.0,0,0,0,10.5,6.06,14.66,82.38,,811.3,1694.4,218.017,0.0,23.372,241.389,0
GM0177,2018,Raalte,Overijssel,172.26,52.387826,6.279037,38364,224.0,0,0,0,11.0,5.84,15.77,78.52,,537.0,2107.6,218.017,0.0,23.372,241.389,0
GM0177,2019,Raalte,Overijssel,172.26,52.387826,6.279037,38364,224.0,0,0,0,10.82,6.06,15.33,80.76,,763.0,1906.4,218.017,0.0,23.372,241.389,0
GM0177,2020,Raalte,Overijssel,172.26,52.387826,6.279037,38364,224.0,0,0,0,11.16,6.43,15.6,79.99,,717.0,1900.0,218.017,0.0,23.372,241.389,0
GM0177,2021,Raalte,Overijssel,172.26,52.387826,6.279037,38364,224.0,0,0,0,10.11,5.84,14.28,82.77,,729.6,1684.4,218.017,0.0,23.372,241.389,0
GM0177,2022,Raalte,Overijssel,172.26,52.387826,6.279037,38364,224.0,28,0,0,11.16,5.94,15.87,78.47,,621.7,2166.4,218.017,0.0,23.372,241.389,0
GM0177,2023,Raalte,Overijssel,172.26,52.387826,6.279037,38364,224.0,24,0,0,11.44,7.18,15.59,81.42,,1080.8,1839.5,218.017,0.0,23.372,241.389,0
GM0177,2024,Raalte,Overijssel,172.26,52.387826,6.279037,38364,224.0,28,0,0,11.57,7.45,15.6,82.4,,990.4,1715.1,218.017,0.0,23.372,241.389,0
GM0180,2015,Staphorst,Overijssel,135.79,52.633514,6.207052,17739,132.0,0,0,0,,,,,,,,95.88,0.0,0.82,96.701,4
GM0180,2016,Staphorst,Overijssel,135.79,52.633514,6.207052,17739,132.0,0,0,0,,,,,,,,95.88,0.0,0.82,96.701,4
GM0180,2017,Staphorst,Overijssel,135.79,52.633514,6.207052,17739,132.0,0,0,0,,,,,,,,95.88,0.0,0.82,96.701,4
GM0180,2018,Staphorst,Overijssel,135.79,52.633514,6.207052,17739,132.0,0,0,0,,,,,,,,95.88,0.0,0.82,96.701,4
GM0180,2019,Staphorst,Overijssel,135.79,52.633514,6.207052,17739,132.0,0,0,0,,,,,,,,95.88,0.0,0.82,96.701,4
GM0180,2020,Staphorst,Overijssel,135.79,52.633514,6.207052,17739,132.0,0,0,0,,,,,,,,95.88,0.0,0.82,96.701,4
GM0180,2021,Staphorst,Overijssel,135.79,52.633514,6.207052,17739,132.0,0,0,0,,,,,,,,95.88,0.0,0.82,96.701,4
GM0180,2022,Staphorst,Overijssel,135.79,52.633514,6.207052,17739,132.0,7,0,0,,,,,,,,95.88,0.0,0.82,96.701,4
GM0180,2023,Staphorst,Overijssel,135.79,52.633514,6.207052,17739,132.0,9,0,0,,,,,,,,95.88,0.0,0.82,96.701,4
GM0180,2024,Staphorst,Overijssel,135.79,52.633514,6.207052,17739,132.0,9,0,0,,,,,,,,95.88,0.0,0.82,96.701,4
GM0183,2015,Tubbergen,Overijssel,147.49,52.410589,6.776758,21397,146.0,0,0,0,,,,,,,,249.773,0.0,7.415,257.188,4
GM0183,2016,Tubbergen,Overijssel,147.49,52.410589,6.776758,21397,146.0,0,0,0,,,,,,,,249.773,0.0,7.415,257.188,4
GM0183,2017,Tubbergen,Overijssel,147.49,52.410589,6.776758,21397,146.0,0,0,0,,,,,,,,249.773,0.0,7.415,257.188,4
GM0183,2018,Tubbergen,Overijssel,147.49,52.410589,6.776758,21397,146.0,0,0,0,,,,,,,,249.773,0.0,7.415,257.188,4
GM0183,2019,Tubbergen,Overijssel,147.49,52.410589,6.776758,21397,146.0,0,0,0,,,,,,,,249.773,0.0,7.415,257.188,4
GM0183,2020,Tubbergen,Overijssel,147.49,52.410589,6.776758,21397,146.0,0,0,0,,,,,,,,249.773,0.0,7.415,257.188,4
GM0183,2021,Tubbergen,Overijssel,147.49,52.410589,6.776758,21397,146.0,0,0,0,,,,,,,,249.773,0.0,7.415,257.188,4
GM0183,2022,Tubbergen,Overijssel,147.49,52.410589,6.776758,21397,146.0,18,1,0,,,,,,,,249.773,0.0,7.415,257.188,4
GM0183,2023,Tubbergen,Overijssel,147.49,52.410589,6.776758,21397,146.0,14,0,0,,,,,,,,249.773,0.0,7.415,257.188,4
GM0183,2024,Tubbergen,Overijssel,147.49,52.410589,6.776758,21397,146.0,12,0,0,,,,,,,,249.773,0.0,7.415,257.188,4
GM0184,2015,Urk,Flevoland,13.48,52.664821,5.622901,21958,1671.0,0,0,0,,,,,,,,31.795,0.0,3.394,35.188,1
GM0184,2016,Urk,Flevoland,13.48,52.664821,5.622901,21958,1671.0,0,0,0,,,,,,,,31.795,0.0,3.394,35.188,1
GM0184,2017,Urk,Flevoland,13.48,52.664821,5.622901,21958,1671.0,0,0,0,,,,,,,,31.795,0.0,3.394,35.188,1
GM0184,2018,Urk,Flevoland,13.48,52.664821,5.622901,21958,1671.0,0,0,0,,,,,,,,31.795,0.0,3.394,35.188,1
GM0184,2019,Urk,Flevoland,13.48,52.664821,5.622901,21958,1671.0,0,0,0,,,,,,,,31.795,0.0,3.394,35.188,1
GM0184,2020,Urk,Flevoland,13.48,52.664821,5.622901,21958,1671.0,0,0,0,,,,,,,,31.795,0.0,3.394,35.188,1
GM0184,2021,Urk,Flevoland,13.48,52.664821,5.622901,21958,1671.0,0,0,0,,,,,,,,31.795,0.0,3.394,35.188,1
GM0184,2022,Urk,Flevoland,13.48,52.664821,5.622901,21958,1671.0,16,0,0,,,,,,,,31.795,0.0,3.394,35.188,1
GM0184,2023,Urk,Flevoland,13.48,52.664821,5.622901,21958,1671.0,20,0,0,,,,,,,,31.795,0.0,3.394,35.188,1
GM0184,2024,Urk,Flevoland,13.48,52.664821,5.622901,21958,1671.0,12,0,0,,,,,,,,31.795,0.0,3.394,35.188,1
GM0189,2015,Wierden,Overijssel,95.35,52.344445,6.560592,24931,264.0,0,0,0,,,,,,,,158.849,0.0,10.305,169.153,14
GM0189,2016,Wierden,Overijssel,95.35,52.344445,6.560592,24931,264.0,0,0,0,,,,,,,,158.849,0.0,10.305,169.153,14
GM0189,2017,Wierden,Overijssel,95.35,52.344445,6.560592,24931,264.0,0,0,0,,,,,,,,158.849,0.0,10.305,169.153,14
GM0189,2018,Wierden,Overijssel,95.35,52.344445,6.560592,24931,264.0,0,0,0,,,,,,,,158.849,0.0,10.305,169.153,14
GM0189,2019,Wierden,Overijssel,95.35,52.344445,6.560592,24931,264.0,0,0,0,,,,,,,,158.849,0.0,10.305,169.153,14
GM0189,2020,Wierden,Overijssel,95.35,52.344445,6.560592,24931,264.0,0,0,0,,,,,,,,158.849,0.0,10.305,169.153,14
GM0189,2021,Wierden,Overijssel,95.35,52.344445,6.560592,24931,264.0,0,0,0,,,,,,,,158.849,0.0,10.305,169.153,14
GM0189,2022,Wierden,Overijssel,95.35,52.344445,6.560592,24931,264.0,31,0,0,,,,,,,,158.849,0.0,10.305,169.153,14
GM0189,2023,Wierden,Overijssel,95.35,52.344445,6.560592,24931,264.0,19,1,0,,,,,,,,158.849,0.0,10.305,169.153,14
GM0189,2024,Wierden,Overijssel,95.35,52.344445,6.560592,24931,264.0,28,0,0,,,,,,,,158.849,0.0,10.305,169.153,14
GM0193,2015,Zwolle,Overijssel,119.25,52.518625,6.118395,133141,1203.0,0,0,0,,,,,,,,403.448,0.0,49.867,453.314,142
GM0193,2016,Zwolle,Overijssel,119.25,52.518625,6.118395,133141,1203.0,0,0,0,,,,,,,,403.448,0.0,49.867,453.314,142
GM0193,2017,Zwolle,Overijssel,119.25,52.518625,6.118395,133141,1203.0,0,0,0,,,,,,,,403.448,0.0,49.867,453.314,142
GM0193,2018,Zwolle,Overijssel,119.25,52.518625,6.118395,133141,1203.0,0,0,0,,,,,,,,403.448,0.0,49.867,453.314,142
GM0193,2019,Zwolle,Overijssel,119.25,52.518625,6.118395,133141,1203.0,0,0,0,,,,,,,,403.448,0.0,49.867,453.314,142
GM0193,2020,Zwolle,Overijssel,119.25,52.518625,6.118395,133141,1203.0,0,0,0,,,,,,,,403.448,0.0,49.867,453.314,142
GM0193,2021,Zwolle,Overijssel,119.25,52.518625,6.118395,133141,1203.0,0,0,0,,,,,,,,403.448,0.0,49.867,453.314,142
GM0193,2022,Zwolle,Overijssel,119.25,52.518625,6.118395,133141,1203.0,142,1,0,,,,,,,,403.448,0.0,49.867,453.314,142
GM0193,2023,Zwolle,Overijssel,119.25,52.518625,6.118395,133141,1203.0,153,0,0,,,,,,,,403.448,0.0,49.867,453.314,142
GM0193,2024,Zwolle,Overijssel,119.25,52.518625,6.118395,133141,1203.0,165,2,0,,,,,,,,403.448,0.0,49.867,453.314,142
GM0197,2015,Aalten,Gelderland,97.07,51.921779,6.560609,27308,283.0,0,0,0,,,,,,,,54.83,0.0,5.704,60.534,19
GM0197,2016,Aalten,Gelderland,97.07,51.921779,6.560609,27308,283.0,0,0,0,,,,,,,,54.83,0.0,5.704,60.534,19
GM0197,2017,Aalten,Gelderland,97.07,51.921779,6.560609,27308,283.0,0,0,0,,,,,,,,54.83,0.0,5.704,60.534,19
GM0197,2018,Aalten,Gelderland,97.07,51.921779,6.560609,27308,283.0,0,0,0,,,,,,,,54.83,0.0,5.704,60.534,19
GM0197,2019,Aalten,Gelderland,97.07,51.921779,6.560609,27308,283.0,0,0,0,,,,,,,,54.83,0.0,5.704,60.534,19
GM0197,2020,Aalten,Gelderland,97.07,51.921779,6.560609,27308,283.0,0,0,0,,,,,,,,54.83,0.0,5.704,60.534,19
GM0197,2021,Aalten,Gelderland,97.07,51.921779,6.560609,27308,283.0,0,0,0,,,,,,,,54.83,0.0,5.704,60.534,19
GM0197,2022,Aalten,Gelderland,97.07,51.921779,6.560609,27308,283.0,15,1,0,,,,,,,,54.83,0.0,5.704,60.534,19
GM0197,2023,Aalten,Gelderland,97.07,51.921779,6.560609,27308,283.0,18,0,0,,,,,,,,54.83,0.0,5.704,60.534,19
GM0197,2024,Aalten,Gelderland,97.07,51.921779,6.560609,27308,283.0,21,0,0,,,,,,,,54.83,0.0,5.704,60.534,19
GM0200,2015,Apeldoorn,Gelderland,341.05,52.189855,5.921941,168211,495.0,0,0,0,,,,,,,,638.412,1.101,31.37,670.883,172
GM0200,2016,Apeldoorn,Gelderland,341.05,52.189855,5.921941,168211,495.0,0,0,0,,,,,,,,638.412,1.101,31.37,670.883,172
GM0200,2017,Apeldoorn,Gelderland,341.05,52.189855,5.921941,168211,495.0,0,0,0,,,,,,,,638.412,1.101,31.37,670.883,172
GM0200,2018,Apeldoorn,Gelderland,341.05,52.189855,5.921941,168211,495.0,0,0,0,,,,,,,,638.412,1.101,31.37,670.883,172
GM0200,2019,Apeldoorn,Gelderland,341.05,52.189855,5.921941,168211,495.0,0,0,0,,,,,,,,638.412,1.101,31.37,670.883,172
GM0200,2020,Apeldoorn,Gelderland,341.05,52.189855,5.921941,168211,495.0,0,0,0,,,,,,,,638.412,1.101,31.37,670.883,172
GM0200,2021,Apeldoorn,Gelderland,341.05,52.189855,5.921941,168211,495.0,0,0,0,,,,,,,,638.412,1.101,31.37,670.883,172
GM0200,2022,Apeldoorn,Gelderland,341.05,52.189855,5.921941,168211,495.0,170,5,0,,,,,,,,638.412,1.101,31.37,670.883,172
GM0200,2023,Apeldoorn,Gelderland,341.05,52.189855,5.921941,168211,495.0,178,4,0,,,,,,,,638.412,1.101,31.37,670.883,172
GM0200,2024,Apeldoorn,Gelderland,341.05,52.189855,5.921941,168211,495.0,222,4,0,,,,,,,,638.412,1.101,31.37,670.883,172
GM0202,2015,Arnhem,Gelderland,101.59,52.001073,5.89265,167632,1715.0,0,0,0,,,,,,,,317.464,0.99,17.292,335.747,67
GM0202,2016,Arnhem,Gelderland,101.59,52.001073,5.89265,167632,1715.0,0,0,0,,,,,,,,317.464,0.99,17.292,335.747,67
GM0202,2017,Arnhem,Gelderland,101.59,52.001073,5.89265,167632,1715.0,0,0,0,,,,,,,,317.464,0.99,17.292,335.747,67
GM0202,2018,Arnhem,Gelderland,101.59,52.001073,5.89265,167632,1715.0,0,0,0,,,,,,,,317.464,0.99,17.292,335.747,67
GM0202,2019,Arnhem,Gelderland,101.59,52.001073,5.89265,167632,1715.0,0,0,0,,,,,,,,317.464,0.99,17.292,335.747,67
GM0202,2020,Arnhem,Gelderland,101.59,52.001073,5.89265,167632,1715.0,0,0,0,,,,,,,,317.464,0.99,17.292,335.747,67
GM0202,2021,Arnhem,Gelderland,101.59,52.001073,5.89265,167632,1715.0,0,0,0,,,,,,,,317.464,0.99,17.292,335.747,67
GM0202,2022,Arnhem,Gelderland,101.59,52.001073,5.89265,167632,1715.0,172,0,0,,,,,,,,317.464,0.99,17.292,335.747,67
GM0202,2023,Arnhem,Gelderland,101.59,52.001073,5.89265,167632,1715.0,193,1,0,,,,,,,,317.464,0.99,17.292,335.747,67
GM0202,2024,Arnhem,Gelderland,101.59,52.001073,5.89265,167632,1715.0,236,1,0,,,,,,,,317.464,0.99,17.292,335.747,67
GM0203,2015,Barneveld,Gelderland,176.72,52.1683,5.641878,62592,356.0,0,0,0,,,,,,,,360.823,0.0,11.252,372.075,61
GM0203,2016,Barneveld,Gelderland,176.72,52.1683,5.641878,62592,356.0,0,0,0,,,,,,,,360.823,0.0,11.252,372.075,61
GM0203,2017,Barneveld,Gelderland,176.72,52.1683,5.641878,62592,356.0,0,0,0,,,,,,,,360.823,0.0,11.252,372.075,61
GM0203,2018,Barneveld,Gelderland,176.72,52.1683,5.641878,62592,356.0,0,0,0,,,,,,,,360.823,0.0,11.252,372.075,61
GM0203,2019,Barneveld,Gelderland,176.72,52.1683,5.641878,62592,356.0,0,0,0,,,,,,,,360.823,0.0,11.252,372.075,61
GM0203,2020,Barneveld,Gelderland,176.72,52.1683,5.641878,62592,356.0,0,0,0,,,,,,,,360.823,0.0,11.252,372.075,61
GM0203,2021,Barneveld,Gelderland,176.72,52.1683,5.641878,62592,356.0,0,0,0,,,,,,,,360.823,0.0,11.252,372.075,61
GM0203,2022,Barneveld,Gelderland,176.72,52.1683,5.641878,62592,356.0,72,2,0,,,,,,,,360.823,0.0,11.252,372.075,61
GM0203,2023,Barneveld,Gelderland,176.72,52.1683,5.641878,62592,356.0,62,0,0,,,,,,,,360.823,0.0,11.252,372.075,61
GM0203,2024,Barneveld,Gelderland,176.72,52.1683,5.641878,62592,356.0,74,1,0,,,,,,,,360.823,0.0,11.252,372.075,61
GM0209,2015,Beuningen,Gelderland,47.05,51.862805,5.740243,26725,613.0,0,0,0,,,,,,,,101.036,0.0,5.121,106.157,8
GM0209,2016,Beuningen,Gelderland,47.05,51.862805,5.740243,26725,613.0,0,0,0,,,,,,,,101.036,0.0,5.121,106.157,8
GM0209,2017,Beuningen,Gelderland,47.05,51.862805,5.740243,26725,613.0,0,0,0,,,,,,,,101.036,0.0,5.121,106.157,8
GM0209,2018,Beuningen,Gelderland,47.05,51.862805,5.740243,26725,613.0,0,0,0,,,,,,,,101.036,0.0,5.121,106.157,8
GM0209,2019,Beuningen,Gelderland,47.05,51.862805,5.740243,26725,613.0,0,0,0,,,,,,,,101.036,0.0,5.121,106.157,8
GM0209,2020,Beuningen,Gelderland,47.05,51.862805,5.740243,26725,613.0,0,0,0,,,,,,,,101.036,0.0,5.121,106.157,8
GM0209,2021,Beuningen,Gelderland,47.05,51.862805,5.740243,26725,613.0,0,0,0,,,,,,,,101.036,0.0,5.121,106.157,8
GM0209,2022,Beuningen,Gelderland,47.05,51.862805,5.740243,26725,613.0,16,0,0,,,,,,,,101.036,0.0,5.121,106.157,8
GM0209,2023,Beuningen,Gelderland,47.05,51.862805,5.740243,26725,613.0,20,0,0,,,,,,,,101.036,0.0,5.121,106.157,8
GM0209,2024,Beuningen,Gelderland,47.05,51.862805,5.740243,26725,613.0,11,0,0,,,,,,,,101.036,0.0,5.121,106.157,8
GM0213,2015,Brummen,Gelderland,84.96,52.108942,6.118456,21286,255.0,0,0,0,,,,,,,,53.298,0.0,8.166,61.464,4
GM0213,2016,Brummen,Gelderland,84.96,52.108942,6.118456,21286,255.0,0,0,0,,,,,,,,53.298,0.0,8.166,61.464,4
GM0213,2017,Brummen,Gelderland,84.96,52.108942,6.118456,21286,255.0,0,0,0,,,,,,,,53.298,0.0,8.166,61.464,4
GM0213,2018,Brummen,Gelderland,84.96,52.108942,6.118456,21286,255.0,0,0,0,,,,,,,,53.298,0.0,8.166,61.464,4
GM0213,2019,Brummen,Gelderland,84.96,52.108942,6.118456,21286,255.0,0,0,0,,,,,,,,53.298,0.0,8.166,61.464,4
GM0213,2020,Brummen,Gelderland,84.96,52.108942,6.118456,21286,255.0,0,0,0,,,,,,,,53.298,0.0,8.166,61.464,4
GM0213,2021,Brummen,Gelderland,84.96,52.108942,6.118456,21286,255.0,0,0,0,,,,,,,,53.298,0.0,8.166,61.464,4
GM0213,2022,Brummen,Gelderland,84.96,52.108942,6.118456,21286,255.0,8,1,0,,,,,,,,53.298,0.0,8.166,61.464,4
GM0213,2023,Brummen,Gelderland,84.96,52.108942,6.118456,21286,255.0,3,1,0,,,,,,,,53.298,0.0,8.166,61.464,4
GM0213,2024,Brummen,Gelderland,84.96,52.108942,6.118456,21286,255.0,17,0,0,,,,,,,,53.298,0.0,8.166,61.464,4
GM0214,2015,Buren,Gelderland,143.0,51.938332,5.40361,27773,208.0,0,0,0,,,,,,,,147.515,0.0,4.34,151.855,5
GM0214,2016,Buren,Gelderland,143.0,51.938332,5.40361,27773,208.0,0,0,0,,,,,,,,147.515,0.0,4.34,151.855,5
GM0214,2017,Buren,Gelderland,143.0,51.938332,5.40361,27773,208.0,0,0,0,,,,,,,,147.515,0.0,4.34,151.855,5
GM0214,2018,Buren,Gelderland,143.0,51.938332,5.40361,27773,208.0,0,0,0,,,,,,,,147.515,0.0,4.34,151.855,5
GM0214,2019,Buren,Gelderland,143.0,51.938332,5.40361,27773,208.0,0,0,0,,,,,,,,147.515,0.0,4.34,151.855,5
GM0214,2020,Buren,Gelderland,143.0,51.938332,5.40361,27773,208.0,0,0,0,,,,,,,,147.515,0.0,4.34,151.855,5
GM0214,2021,Buren,Gelderland,143.0,51.938332,5.40361,27773,208.0,0,0,0,,,,,,,,147.515,0.0,4.34,151.855,5
GM0214,2022,Buren,Gelderland,143.0,51.938332,5.40361,27773,208.0,13,0,0,,,,,,,,147.515,0.0,4.34,151.855,5
GM0214,2023,Buren,Gelderland,143.0,51.938332,5.40361,27773,208.0,10,1,0,,,,,,,,147.515,0.0,4.34,151.855,5
GM0214,2024,Buren,Gelderland,143.0,51.938332,5.40361,27773,208.0,11,0,0,,,,,,,,147.515,0.0,4.34,151.855,5
GM0216,2015,Culemborg,Gelderland,31.16,51.945784,5.210394,29944,1023.0,0,0,0,,,,,,,,57.287,0.0,4.568,61.855,3
GM0216,2016,Culemborg,Gelderland,31.16,51.945784,5.210394,29944,1023.0,0,0,0,,,,,,,,57.287,0.0,4.568,61.855,3
GM0216,2017,Culemborg,Gelderland,31.16,51.945784,5.210394,29944,1023.0,0,0,0,,,,,,,,57.287,0.0,4.568,61.855,3
GM0216,2018,Culemborg,Gelderland,31.16,51.945784,5.210394,29944,1023.0,0,0,0,,,,,,,,57.287,0.0,4.568,61.855,3
GM0216,2019,Culemborg,Gelderland,31.16,51.945784,5.210394,29944,1023.0,0,0,0,,,,,,,,57.287,0.0,4.568,61.855,3
GM0216,2020,Culemborg,Gelderland,31.16,51.945784,5.210394,29944,1023.0,0,0,0,,,,,,,,57.287,0.0,4.568,61.855,3
GM0216,2021,Culemborg,Gelderland,31.16,51.945784,5.210394,29944,1023.0,0,0,0,,,,,,,,57.287,0.0,4.568,61.855,3
GM0216,2022,Culemborg,Gelderland,31.16,51.945784,5.210394,29944,1023.0,14,0,0,,,,,,,,57.287,0.0,4.568,61.855,3
GM0216,2023,Culemborg,Gelderland,31.16,51.945784,5.210394,29944,1023.0,20,0,0,,,,,,,,57.287,0.0,4.568,61.855,3
GM0216,2024,Culemborg,Gelderland,31.16,51.945784,5.210394,29944,1023.0,18,0,0,,,,,,,,57.287,0.0,4.568,61.855,3
GM0221,2015,Doesburg,Gelderland,12.93,52.018761,6.146811,11079,959.0,0,0,0,,,,,,,,19.136,0.0,3.849,22.985,5
GM0221,2016,Doesburg,Gelderland,12.93,52.018761,6.146811,11079,959.0,0,0,0,,,,,,,,19.136,0.0,3.849,22.985,5
GM0221,2017,Doesburg,Gelderland,12.93,52.018761,6.146811,11079,959.0,0,0,0,,,,,,,,19.136,0.0,3.849,22.985,5
GM0221,2018,Doesburg,Gelderland,12.93,52.018761,6.146811,11079,959.0,0,0,0,,,,,,,,19.136,0.0,3.849,22.985,5
GM0221,2019,Doesburg,Gelderland,12.93,52.018761,6.146811,11079,959.0,0,0,0,,,,,,,,19.136,0.0,3.849,22.985,5
GM0221,2020,Doesburg,Gelderland,12.93,52.018761,6.146811,11079,959.0,0,0,0,,,,,,,,19.136,0.0,3.849,22.985,5
GM0221,2021,Doesburg,Gelderland,12.93,52.018761,6.146811,11079,959.0,0,0,0,,,,,,,,19.136,0.0,3.849,22.985,5
GM0221,2022,Doesburg,Gelderland,12.93,52.018761,6.146811,11079,959.0,3,0,0,,,,,,,,19.136,0.0,3.849,22.985,5
GM0221,2023,Doesburg,Gelderland,12.93,52.018761,6.146811,11079,959.0,3,0,0,,,,,,,,19.136,0.0,3.849,22.985,5
GM0221,2024,Doesburg,Gelderland,12.93,52.018761,6.146811,11079,959.0,5,0,0,,,,,,,,19.136,0.0,3.849,22.985,5
GM0222,2015,Doetinchem,Gelderland,79.68,51.960779,6.286639,59623,754.0,0,0,0,,,,,,,,116.361,0.263,5.07,121.694,73
GM0222,2016,Doetinchem,Gelderland,79.68,51.960779,6.286639,59623,754.0,0,0,0,,,,,,,,116.361,0.263,5.07,121.694,73
GM0222,2017,Doetinchem,Gelderland,79.68,51.960779,6.286639,59623,754.0,0,0,0,,,,,,,,116.361,0.263,5.07,121.694,73
GM0222,2018,Doetinchem,Gelderland,79.68,51.960779,6.286639,59623,754.0,0,0,0,,,,,,,,116.361,0.263,5.07,121.694,73
GM0222,2019,Doetinchem,Gelderland,79.68,51.960779,6.286639,59623,754.0,0,0,0,,,,,,,,116.361,0.263,5.07,121.694,73
GM0222,2020,Doetinchem,Gelderland,79.68,51.960779,6.286639,59623,754.0,0,0,0,,,,,,,,116.361,0.263,5.07,121.694,73
GM0222,2021,Doetinchem,Gelderland,79.68,51.960779,6.286639,59623,754.0,0,0,0,,,,,,,,116.361,0.263,5.07,121.694,73
GM0222,2022,Doetinchem,Gelderland,79.68,51.960779,6.286639,59623,754.0,53,1,0,,,,,,,,116.361,0.263,5.07,121.694,73
GM0222,2023,Doetinchem,Gelderland,79.68,51.960779,6.286639,59623,754.0,64,3,0,,,,,,,,116.361,0.263,5.07,121.694,73
GM0222,2024,Doetinchem,Gelderland,79.68,51.960779,6.286639,59623,754.0,59,0,0,,,,,,,,116.361,0.263,5.07,121.694,73
GM0225,2015,Druten,Gelderland,42.37,51.87499,5.612268,19590,522.0,0,0,0,,,,,,,,68.049,0.26,3.937,72.246,8
GM0225,2016,Druten,Gelderland,42.37,51.87499,5.612268,19590,522.0,0,0,0,,,,,,,,68.049,0.26,3.937,72.246,8
GM0225,2017,Druten,Gelderland,42.37,51.87499,5.612268,19590,522.0,0,0,0,,,,,,,,68.049,0.26,3.937,72.246,8
GM0225,2018,Druten,Gelderland,42.37,51.87499,5.612268,19590,522.0,0,0,0,,,,,,,,68.049,0.26,3.937,72.246,8
GM0225,2019,Druten,Gelderland,42.37,51.87499,5.612268,19590,522.0,0,0,0,,,,,,,,68.049,0.26,3.937,72.246,8
GM0225,2020,Druten,Gelderland,42.37,51.87499,5.612268,19590,522.0,0,0,0,,,,,,,,68.049,0.26,3.937,72.246,8
GM0225,2021,Druten,Gelderland,42.37,51.87499,5.612268,19590,522.0,0,0,0,,,,,,,,68.049,0.26,3.937,72.246,8
GM0225,2022,Druten,Gelderland,42.37,51.87499,5.612268,19590,522.0,6,0,0,,,,,,,,68.049,0.26,3.937,72.246,8
GM0225,2023,Druten,Gelderland,42.37,51.87499,5.612268,19590,522.0,9,0,0,,,,,,,,68.049,0.26,3.937,72.246,8
GM0225,2024,Druten,Gelderland,42.37,51.87499,5.612268,19590,522.0,11,0,0,,,,,,,,68.049,0.26,3.937,72.246,8
GM0226,2015,Duiven,Gelderland,35.21,51.946523,6.018133,24872,734.0,0,0,0,,,,,,,,89.523,0.196,7.836,97.554,5
GM0226,2016,Duiven,Gelderland,35.21,51.946523,6.018133,24872,734.0,0,0,0,,,,,,,,89.523,0.196,7.836,97.554,5
GM0226,2017,Duiven,Gelderland,35.21,51.946523,6.018133,24872,734.0,0,0,0,,,,,,,,89.523,0.196,7.836,97.554,5
GM0226,2018,Duiven,Gelderland,35.21,51.946523,6.018133,24872,734.0,0,0,0,,,,,,,,89.523,0.196,7.836,97.554,5
GM0226,2019,Duiven,Gelderland,35.21,51.946523,6.018133,24872,734.0,0,0,0,,,,,,,,89.523,0.196,7.836,97.554,5
GM0226,2020,Duiven,Gelderland,35.21,51.946523,6.018133,24872,734.0,0,0,0,,,,,,,,89.523,0.196,7.836,97.554,5
GM0226,2021,Duiven,Gelderland,35.21,51.946523,6.018133,24872,734.0,0,0,0,,,,,,,,89.523,0.196,7.836,97.554,5
GM0226,2022,Duiven,Gelderland,35.21,51.946523,6.018133,24872,734.0,22,1,0,,,,,,,,89.523,0.196,7.836,97.554,5
GM0226,2023,Duiven,Gelderland,35.21,51.946523,6.018133,24872,734.0,16,0,0,,,,,,,,89.523,0.196,7.836,97.554,5
GM0226,2024,Duiven,Gelderland,35.21,51.946523,6.018133,24872,734.0,20,1,0,,,,,,,,89.523,0.196,7.836,97.554,5
GM0228,2015,Ede,Gelderland,318.69,52.076425,5.728066,123532,388.0,0,0,0,,,,,,,,565.922,1.494,38.221,605.638,166
GM0228,2016,Ede,Gelderland,318.69,52.076425,5.728066,123532,388.0,0,0,0,,,,,,,,565.922,1.494,38.221,605.638,166
GM0228,2017,Ede,Gelderland,318.69,52.076425,5.728066,123532,388.0,0,0,0,,,,,,,,565.922,1.494,38.221,605.638,166
GM0228,2018,Ede,Gelderland,318.69,52.076425,5.728066,123532,388.0,0,0,0,,,,,,,,565.922,1.494,38.221,605.638,166
GM0228,2019,Ede,Gelderland,318.69,52.076425,5.728066,123532,388.0,0,0,0,,,,,,,,565.922,1.494,38.221,605.638,166
GM0228,2020,Ede,Gelderland,318.69,52.076425,5.728066,123532,388.0,0,0,0,,,,,,,,565.922,1.494,38.221,605.638,166
GM0228,2021,Ede,Gelderland,318.69,52.076425,5.728066,123532,388.0,0,0,0,,,,,,,,565.922,1.494,38.221,605.638,166
GM0228,2022,Ede,Gelderland,318.69,52.076425,5.728066,123532,388.0,148,3,0,,,,,,,,565.922,1.494,38.221,605.638,166
GM0228,2023,Ede,Gelderland,318.69,52.076425,5.728066,123532,388.0,157,2,0,,,,,,,,565.922,1.494,38.221,605.638,166
GM0228,2024,Ede,Gelderland,318.69,52.076425,5.728066,123532,388.0,178,3,0,,,,,,,,565.922,1.494,38.221,605.638,166
GM0230,2015,Elburg,Gelderland,64.08,52.41208,5.849923,23906,375.0,0,0,0,,,,,,,,103.903,0.0,9.29,113.193,4
GM0230,2016,Elburg,Gelderland,64.08,52.41208,5.849923,23906,375.0,0,0,0,,,,,,,,103.903,0.0,9.29,113.193,4
GM0230,2017,Elburg,Gelderland,64.08,52.41208,5.849923,23906,375.0,0,0,0,,,,,,,,103.903,0.0,9.29,113.193,4
GM0230,2018,Elburg,Gelderland,64.08,52.41208,5.849923,23906,375.0,0,0,0,,,,,,,,103.903,0.0,9.29,113.193,4
GM0230,2019,Elburg,Gelderland,64.08,52.41208,5.849923,23906,375.0,0,0,0,,,,,,,,103.903,0.0,9.29,113.193,4
GM0230,2020,Elburg,Gelderland,64.08,52.41208,5.849923,23906,375.0,0,0,0,,,,,,,,103.903,0.0,9.29,113.193,4
GM0230,2021,Elburg,Gelderland,64.08,52.41208,5.849923,23906,375.0,0,0,0,,,,,,,,103.903,0.0,9.29,113.193,4
GM0230,2022,Elburg,Gelderland,64.08,52.41208,5.849923,23906,375.0,9,0,0,,,,,,,,103.903,0.0,9.29,113.193,4
GM0230,2023,Elburg,Gelderland,64.08,52.41208,5.849923,23906,375.0,16,2,0,,,,,,,,103.903,0.0,9.29,113.193,4
GM0230,2024,Elburg,Gelderland,64.08,52.41208,5.849923,23906,375.0,14,0,0,,,,,,,,103.903,0.0,9.29,113.193,4
GM0232,2015,Epe,Gelderland,157.44,52.325509,5.954945,33168,212.0,0,0,0,,,,,,,,258.472,0.0,28.06,286.532,20
GM0232,2016,Epe,Gelderland,157.44,52.325509,5.954945,33168,212.0,0,0,0,,,,,,,,258.472,0.0,28.06,286.532,20
GM0232,2017,Epe,Gelderland,157.44,52.325509,5.954945,33168,212.0,0,0,0,,,,,,,,258.472,0.0,28.06,286.532,20
GM0232,2018,Epe,Gelderland,157.44,52.325509,5.954945,33168,212.0,0,0,0,,,,,,,,258.472,0.0,28.06,286.532,20
GM0232,2019,Epe,Gelderland,157.44,52.325509,5.954945,33168,212.0,0,0,0,,,,,,,,258.472,0.0,28.06,286.532,20
GM0232,2020,Epe,Gelderland,157.44,52.325509,5.954945,33168,212.0,0,0,0,,,,,,,,258.472,0.0,28.06,286.532,20
GM0232,2021,Epe,Gelderland,157.44,52.325509,5.954945,33168,212.0,0,0,0,,,,,,,,258.472,0.0,28.06,286.532,20
GM0232,2022,Epe,Gelderland,157.44,52.325509,5.954945,33168,212.0,20,0,0,,,,,,,,258.472,0.0,28.06,286.532,20
GM0232,2023,Epe,Gelderland,157.44,52.325509,5.954945,33168,212.0,23,0,0,,,,,,,,258.472,0.0,28.06,286.532,20
GM0232,2024,Epe,Gelderland,157.44,52.325509,5.954945,33168,212.0,24,2,0,,,,,,,,258.472,0.0,28.06,286.532,20
GM0233,2015,Ermelo,Gelderland,85.48,52.28773,5.668313,27856,325.0,0,0,0,,,,,,,,301.512,0.0,22.941,324.453,20
GM0233,2016,Ermelo,Gelderland,85.48,52.28773,5.668313,27856,325.0,0,0,0,,,,,,,,301.512,0.0,22.941,324.453,20
GM0233,2017,Ermelo,Gelderland,85.48,52.28773,5.668313,27856,325.0,0,0,0,,,,,,,,301.512,0.0,22.941,324.453,20
GM0233,2018,Ermelo,Gelderland,85.48,52.28773,5.668313,27856,325.0,0,0,0,,,,,,,,301.512,0.0,22.941,324.453,20
GM0233,2019,Ermelo,Gelderland,85.48,52.28773,5.668313,27856,325.0,0,0,0,,,,,,,,301.512,0.0,22.941,324.453,20
GM0233,2020,Ermelo,Gelderland,85.48,52.28773,5.668313,27856,325.0,0,0,0,,,,,,,,301.512,0.0,22.941,324.453,20
GM0233,2021,Ermelo,Gelderland,85.48,52.28773,5.668313,27856,325.0,0,0,0,,,,,,,,301.512,0.0,22.941,324.453,20
GM0233,2022,Ermelo,Gelderland,85.48,52.28773,5.668313,27856,325.0,29,1,0,,,,,,,,301.512,0.0,22.941,324.453,20
GM0233,2023,Ermelo,Gelderland,85.48,52.28773,5.668313,27856,325.0,34,0,0,,,,,,,,301.512,0.0,22.941,324.453,20
GM0233,2024,Ermelo,Gelderland,85.48,52.28773,5.668313,27856,325.0,40,1,0,,,,,,,,301.512,0.0,22.941,324.453,20
GM0243,2015,Harderwijk,Gelderland,38.97,52.339476,5.655288,49387,1269.0,0,0,0,,,,,,,,306.236,0.0,14.229,320.465,20
GM0243,2016,Harderwijk,Gelderland,38.97,52.339476,5.655288,49387,1269.0,0,0,0,,,,,,,,306.236,0.0,14.229,320.465,20
GM0243,2017,Harderwijk,Gelderland,38.97,52.339476,5.655288,49387,1269.0,0,0,0,,,,,,,,306.236,0.0,14.229,320.465,20
GM0243,2018,Harderwijk,Gelderland,38.97,52.339476,5.655288,49387,1269.0,0,0,0,,,,,,,,306.236,0.0,14.229,320.465,20
GM0243,2019,Harderwijk,Gelderland,38.97,52.339476,5.655288,49387,1269.0,0,0,0,,,,,,,,306.236,0.0,14.229,320.465,20
GM0243,2020,Harderwijk,Gelderland,38.97,52.339476,5.655288,49387,1269.0,0,0,0,,,,,,,,306.236,0.0,14.229,320.465,20
GM0243,2021,Harderwijk,Gelderland,38.97,52.339476,5.655288,49387,1269.0,0,0,0,,,,,,,,306.236,0.0,14.229,320.465,20
GM0243,2022,Harderwijk,Gelderland,38.97,52.339476,5.655288,49387,1269.0,72,1,0,,,,,,,,306.236,0.0,14.229,320.465,20
GM0243,2023,Harderwijk,Gelderland,38.97,52.339476,5.655288,49387,1269.0,79,0,0,,,,,,,,306.236,0.0,14.229,320.465,20
GM0243,2024,Harderwijk,Gelderland,38.97,52.339476,5.655288,49387,1269.0,82,0,0,,,,,,,,306.236,0.0,14.229,320.465,20
GM0244,2015,Hattem,Gelderland,24.15,52.47482,6.053146,12624,547.0,0,0,0,,,,,,,,56.003,0.0,3.647,59.65,14
GM0244,2016,Hattem,Gelderland,24.15,52.47482,6.053146,12624,547.0,0,0,0,,,,,,,,56.003,0.0,3.647,59.65,14
GM0244,2017,Hattem,Gelderland,24.15,52.47482,6.053146,12624,547.0,0,0,0,,,,,,,,56.003,0.0,3.647,59.65,14
GM0244,2018,Hattem,Gelderland,24.15,52.47482,6.053146,12624,547.0,0,0,0,,,,,,,,56.003,0.0,3.647,59.65,14
GM0244,2019,Hattem,Gelderland,24.15,52.47482,6.053146,12624,547.0,0,0,0,,,,,,,,56.003,0.0,3.647,59.65,14
GM0244,2020,Hattem,Gelderland,24.15,52.47482,6.053146,12624,547.0,0,0,0,,,,,,,,56.003,0.0,3.647,59.65,14
GM0244,2021,Hattem,Gelderland,24.15,52.47482,6.053146,12624,547.0,0,0,0,,,,,,,,56.003,0.0,3.647,59.65,14
GM0244,2022,Hattem,Gelderland,24.15,52.47482,6.053146,12624,547.0,18,1,0,,,,,,,,56.003,0.0,3.647,59.65,14
GM0244,2023,Hattem,Gelderland,24.15,52.47482,6.053146,12624,547.0,13,2,0,,,,,,,,56.003,0.0,3.647,59.65,14
GM0244,2024,Hattem,Gelderland,24.15,52.47482,6.053146,12624,547.0,12,0,0,,,,,,,,56.003,0.0,3.647,59.65,14
GM0246,2015,Heerde,Gelderland,80.47,52.406039,6.050364,19226,245.0,0,0,0,,,,,,,,149.523,0.0,19.196,168.719,26
GM0246,2016,Heerde,Gelderland,80.47,52.406039,6.050364,19226,245.0,0,0,0,,,,,,,,149.523,0.0,19.196,168.719,26
GM0246,2017,Heerde,Gelderland,80.47,52.406039,6.050364,19226,245.0,0,0,0,,,,,,,,149.523,0.0,19.196,168.719,26
GM0246,2018,Heerde,Gelderland,80.47,52.406039,6.050364,19226,245.0,0,0,0,,,,,,,,149.523,0.0,19.196,168.719,26
GM0246,2019,Heerde,Gelderland,80.47,52.406039,6.050364,19226,245.0,0,0,0,,,,,,,,149.523,0.0,19.196,168.719,26
GM0246,2020,Heerde,Gelderland,80.47,52.406039,6.050364,19226,245.0,0,0,0,,,,,,,,149.523,0.0,19.196,168.719,26
GM0246,2021,Heerde,Gelderland,80.47,52.406039,6.050364,19226,245.0,0,0,0,,,,,,,,149.523,0.0,19.196,168.719,26
GM0246,2022,Heerde,Gelderland,80.47,52.406039,6.050364,19226,245.0,19,0,0,,,,,,,,149.523,0.0,19.196,168.719,26
GM0246,2023,Heerde,Gelderland,80.47,52.406039,6.050364,19226,245.0,16,1,0,,,,,,,,149.523,0.0,19.196,168.719,26
GM0246,2024,Heerde,Gelderland,80.47,52.406039,6.050364,19226,245.0,8,0,0,,,,,,,,149.523,0.0,19.196,168.719,26
GM0252,2015,Heumen,Gelderland,41.54,51.777878,5.818499,16836,424.0,0,0,0,,,,,,,,194.198,0.0,43.43,237.627,51
GM0252,2016,Heumen,Gelderland,41.54,51.777878,5.818499,16836,424.0,0,0,0,,,,,,,,194.198,0.0,43.43,237.627,51
GM0252,2017,Heumen,Gelderland,41.54,51.777878,5.818499,16836,424.0,0,0,0,,,,,,,,194.198,0.0,43.43,237.627,51
GM0252,2018,Heumen,Gelderland,41.54,51.777878,5.818499,16836,424.0,0,0,0,,,,,,,,194.198,0.0,43.43,237.627,51
GM0252,2019,Heumen,Gelderland,41.54,51.777878,5.818499,16836,424.0,0,0,0,,,,,,,,194.198,0.0,43.43,237.627,51
GM0252,2020,Heumen,Gelderland,41.54,51.777878,5.818499,16836,424.0,0,0,0,,,,,,,,194.198,0.0,43.43,237.627,51
GM0252,2021,Heumen,Gelderland,41.54,51.777878,5.818499,16836,424.0,0,0,0,,,,,,,,194.198,0.0,43.43,237.627,51
GM0252,2022,Heumen,Gelderland,41.54,51.777878,5.818499,16836,424.0,18,0,0,,,,,,,,194.198,0.0,43.43,237.627,51
GM0252,2023,Heumen,Gelderland,41.54,51.777878,5.818499,16836,424.0,14,0,0,,,,,,,,194.198,0.0,43.43,237.627,51
GM0252,2024,Heumen,Gelderland,41.54,51.777878,5.818499,16836,424.0,16,0,0,,,,,,,,194.198,0.0,43.43,237.627,51
GM0262,2015,Lochem,Gelderland,216.0,52.179481,6.346886,34289,161.0,0,0,0,,,,,,,,205.221,0.804,74.091,280.116,4
GM0262,2016,Lochem,Gelderland,216.0,52.179481,6.346886,34289,161.0,0,0,0,,,,,,,,205.221,0.804,74.091,280.116,4
GM0262,2017,Lochem,Gelderland,216.0,52.179481,6.346886,34289,161.0,0,0,0,,,,,,,,205.221,0.804,74.091,280.116,4
GM0262,2018,Lochem,Gelderland,216.0,52.179481,6.346886,34289,161.0,0,0,0,,,,,,,,205.221,0.804,74.091,280.116,4
GM0262,2019,Lochem,Gelderland,216.0,52.179481,6.346886,34289,161.0,0,0,0,,,,,,,,205.221,0.804,74.091,280.116,4
GM0262,2020,Lochem,Gelderland,216.0,52.179481,6.346886,34289,161.0,0,0,0,,,,,,,,205.221,0.804,74.091,280.116,4
GM0262,2021,Lochem,Gelderland,216.0,52.179481,6.346886,34289,161.0,0,0,0,,,,,,,,205.221,0.804,74.091,280.116,4
GM0262,2022,Lochem,Gelderland,216.0,52.179481,6.346886,34289,161.0,15,1,0,,,,,,,,205.221,0.804,74.091,280.116,4
GM0262,2023,Lochem,Gelderland,216.0,52.179481,6.346886,34289,161.0,17,0,0,,,,,,,,205.221,0.804,74.091,280.116,4
GM0262,2024,Lochem,Gelderland,216.0,52.179481,6.346886,34289,161.0,20,3,0,,,,,,,,205.221,0.804,74.091,280.116,4
GM0263,2015,Maasdriel,Gelderland,75.58,51.776235,5.296976,26197,398.0,0,0,0,,,,,,,,67.182,0.169,13.991,81.341,11
GM0263,2016,Maasdriel,Gelderland,75.58,51.776235,5.296976,26197,398.0,0,0,0,,,,,,,,67.182,0.169,13.991,81.341,11
GM0263,2017,Maasdriel,Gelderland,75.58,51.776235,5.296976,26197,398.0,0,0,0,,,,,,,,67.182,0.169,13.991,81.341,11
GM0263,2018,Maasdriel,Gelderland,75.58,51.776235,5.296976,26197,398.0,0,0,0,,,,,,,,67.182,0.169,13.991,81.341,11
GM0263,2019,Maasdriel,Gelderland,75.58,51.776235,5.296976,26197,398.0,0,0,0,,,,,,,,67.182,0.169,13.991,81.341,11
GM0263,2020,Maasdriel,Gelderland,75.58,51.776235,5.296976,26197,398.0,0,0,0,,,,,,,,67.182,0.169,13.991,81.341,11
GM0263,2021,Maasdriel,Gelderland,75.58,51.776235,5.296976,26197,398.0,0,0,0,,,,,,,,67.182,0.169,13.991,81.341,11
GM0263,2022,Maasdriel,Gelderland,75.58,51.776235,5.296976,26197,398.0,16,1,0,,,,,,,,67.182,0.169,13.991,81.341,11
GM0263,2023,Maasdriel,Gelderland,75.58,51.776235,5.296976,26197,398.0,13,0,0,,,,,,,,67.182,0.169,13.991,81.341,11
GM0263,2024,Maasdriel,Gelderland,75.58,51.776235,5.296976,26197,398.0,12,1,0,,,,,,,,67.182,0.169,13.991,81.341,11
GM0267,2015,Nijkerk,Gelderland,70.0,52.210847,5.485741,45361,654.0,0,0,0,,,,,,,,267.638,0.0,19.184,286.821,18
GM0267,2016,Nijkerk,Gelderland,70.0,52.210847,5.485741,45361,654.0,0,0,0,,,,,,,,267.638,0.0,19.184,286.821,18
GM0267,2017,Nijkerk,Gelderland,70.0,52.210847,5.485741,45361,654.0,0,0,0,,,,,,,,267.638,0.0,19.184,286.821,18
GM0267,2018,Nijkerk,Gelderland,70.0,52.210847,5.485741,45361,654.0,0,0,0,,,,,,,,267.638,0.0,19.184,286.821,18
GM0267,2019,Nijkerk,Gelderland,70.0,52.210847,5.485741,45361,654.0,0,0,0,,,,,,,,267.638,0.0,19.184,286.821,18
GM0267,2020,Nijkerk,Gelderland,70.0,52.210847,5.485741,45361,654.0,0,0,0,,,,,,,,267.638,0.0,19.184,286.821,18
GM0267,2021,Nijkerk,Gelderland,70.0,52.210847,5.485741,45361,654.0,0,0,0,,,,,,,,267.638,0.0,19.184,286.821,18
GM0267,2022,Nijkerk,Gelderland,70.0,52.210847,5.485741,45361,654.0,37,0,0,,,,,,,,267.638,0.0,19.184,286.821,18
GM0267,2023,Nijkerk,Gelderland,70.0,52.210847,5.485741,45361,654.0,43,0,0,,,,,,,,267.638,0.0,19.184,286.821,18
GM0267,2024,Nijkerk,Gelderland,70.0,52.210847,5.485741,45361,654.0,52,0,0,,,,,,,,267.638,0.0,19.184,286.821,18
GM0268,2015,Nijmegen,Gelderland,57.64,51.838527,5.836828,187049,3542.0,0,0,0,,,,,,,,413.593,2.411,48.434,464.437,164
GM0268,2016,Nijmegen,Gelderland,57.64,51.838527,5.836828,187049,3542.0,0,0,0,,,,,,,,413.593,2.411,48.434,464.437,164
GM0268,2017,Nijmegen,Gelderland,57.64,51.838527,5.836828,187049,3542.0,0,0,0,,,,,,,,413.593,2.411,48.434,464.437,164
GM0268,2018,Nijmegen,Gelderland,57.64,51.838527,5.836828,187049,3542.0,0,0,0,,,,,,,,413.593,2.411,48.434,464.437,164
GM0268,2019,Nijmegen,Gelderland,57.64,51.838527,5.836828,187049,3542.0,0,0,0,,,,,,,,413.593,2.411,48.434,464.437,164
GM0268,2020,Nijmegen,Gelderland,57.64,51.838527,5.836828,187049,3542.0,0,0,0,,,,,,,,413.593,2.411,48.434,464.437,164
GM0268,2021,Nijmegen,Gelderland,57.64,51.838527,5.836828,187049,3542.0,0,0,0,,,,,,,,413.593,2.411,48.434,464.437,164
GM0268,2022,Nijmegen,Gelderland,57.64,51.838527,5.836828,187049,3542.0,187,2,0,,,,,,,,413.593,2.411,48.434,464.437,164
GM0268,2023,Nijmegen,Gelderland,57.64,51.838527,5.836828,187049,3542.0,178,1,0,,,,,,,,413.593,2.411,48.434,464.437,164
GM0268,2024,Nijmegen,Gelderland,57.64,51.838527,5.836828,187049,3542.0,213,2,0,,,,,,,,413.593,2.411,48.434,464.437,164
GM0269,2015,Oldebroek,Gelderland,98.2,52.45674,5.9376,24281,249.0,0,0,0,,,,,,,,133.559,0.0,5.273,138.832,1
GM0269,2016,Oldebroek,Gelderland,98.2,52.45674,5.9376,24281,249.0,0,0,0,,,,,,,,133.559,0.0,5.273,138.832,1
GM0269,2017,Oldebroek,Gelderland,98.2,52.45674,5.9376,24281,249.0,0,0,0,,,,,,,,133.559,0.0,5.273,138.832,1
GM0269,2018,Oldebroek,Gelderland,98.2,52.45674,5.9376,24281,249.0,0,0,0,,,,,,,,133.559,0.0,5.273,138.832,1
GM0269,2019,Oldebroek,Gelderland,98.2,52.45674,5.9376,24281,249.0,0,0,0,,,,,,,,133.559,0.0,5.273,138.832,1
GM0269,2020,Oldebroek,Gelderland,98.2,52.45674,5.9376,24281,249.0,0,0,0,,,,,,,,133.559,0.0,5.273,138.832,1
GM0269,2021,Oldebroek,Gelderland,98.2,52.45674,5.9376,24281,249.0,0,0,0,,,,,,,,133.559,0.0,5.273,138.832,1
GM0269,2022,Oldebroek,Gelderland,98.2,52.45674,5.9376,24281,249.0,13,1,0,,,,,,,,133.559,0.0,5.273,138.832,1
GM0269,2023,Oldebroek,Gelderland,98.2,52.45674,5.9376,24281,249.0,10,1,0,,,,,,,,133.559,0.0,5.273,138.832,1
GM0269,2024,Oldebroek,Gelderland,98.2,52.45674,5.9376,24281,249.0,11,0,0,,,,,,,,133.559,0.0,5.273,138.832,1
GM0273,2015,Putten,Gelderland,85.36,52.243263,5.584467,24978,293.0,0,0,0,,,,,,,,296.307,1.402,14.64,312.35,6
GM0273,2016,Putten,Gelderland,85.36,52.243263,5.584467,24978,293.0,0,0,0,,,,,,,,296.307,1.402,14.64,312.35,6
GM0273,2017,Putten,Gelderland,85.36,52.243263,5.584467,24978,293.0,0,0,0,,,,,,,,296.307,1.402,14.64,312.35,6
GM0273,2018,Putten,Gelderland,85.36,52.243263,5.584467,24978,293.0,0,0,0,,,,,,,,296.307,1.402,14.64,312.35,6
GM0273,2019,Putten,Gelderland,85.36,52.243263,5.584467,24978,293.0,0,0,0,,,,,,,,296.307,1.402,14.64,312.35,6
GM0273,2020,Putten,Gelderland,85.36,52.243263,5.584467,24978,293.0,0,0,0,,,,,,,,296.307,1.402,14.64,312.35,6
GM0273,2021,Putten,Gelderland,85.36,52.243263,5.584467,24978,293.0,0,0,0,,,,,,,,296.307,1.402,14.64,312.35,6
GM0273,2022,Putten,Gelderland,85.36,52.243263,5.584467,24978,293.0,17,0,0,,,,,,,,296.307,1.402,14.64,312.35,6
GM0273,2023,Putten,Gelderland,85.36,52.243263,5.584467,24978,293.0,20,0,0,,,,,,,,296.307,1.402,14.64,312.35,6
GM0273,2024,Putten,Gelderland,85.36,52.243263,5.584467,24978,293.0,19,2,0,,,,,,,,296.307,1.402,14.64,312.35,6
GM0274,2015,Renkum,Gelderland,47.26,51.989626,5.784837,31419,684.0,0,0,0,,,,,,,,71.129,1.036,22.243,94.408,13
GM0274,2016,Renkum,Gelderland,47.26,51.989626,5.784837,31419,684.0,0,0,0,,,,,,,,71.129,1.036,22.243,94.408,13
GM0274,2017,Renkum,Gelderland,47.26,51.989626,5.784837,31419,684.0,0,0,0,,,,,,,,71.129,1.036,22.243,94.408,13
GM0274,2018,Renkum,Gelderland,47.26,51.989626,5.784837,31419,684.0,0,0,0,,,,,,,,71.129,1.036,22.243,94.408,13
GM0274,2019,Renkum,Gelderland,47.26,51.989626,5.784837,31419,684.0,0,0,0,,,,,,,,71.129,1.036,22.243,94.408,13
GM0274,2020,Renkum,Gelderland,47.26,51.989626,5.784837,31419,684.0,0,0,0,,,,,,,,71.129,1.036,22.243,94.408,13
GM0274,2021,Renkum,Gelderland,47.26,51.989626,5.784837,31419,684.0,0,0,0,,,,,,,,71.129,1.036,22.243,94.408,13
GM0274,2022,Renkum,Gelderland,47.26,51.989626,5.784837,31419,684.0,16,0,0,,,,,,,,71.129,1.036,22.243,94.408,13
GM0274,2023,Renkum,Gelderland,47.26,51.989626,5.784837,31419,684.0,24,0,0,,,,,,,,71.129,1.036,22.243,94.408,13
GM0274,2024,Renkum,Gelderland,47.26,51.989626,5.784837,31419,684.0,24,0,0,,,,,,,,71.129,1.036,22.243,94.408,13
GM0275,2015,Rheden,Gelderland,84.29,52.03357,6.051257,43661,534.0,0,0,0,,,,,,,,68.726,0.094,14.454,83.274,21
GM0275,2016,Rheden,Gelderland,84.29,52.03357,6.051257,43661,534.0,0,0,0,,,,,,,,68.726,0.094,14.454,83.274,21
GM0275,2017,Rheden,Gelderland,84.29,52.03357,6.051257,43661,534.0,0,0,0,,,,,,,,68.726,0.094,14.454,83.274,21
GM0275,2018,Rheden,Gelderland,84.29,52.03357,6.051257,43661,534.0,0,0,0,,,,,,,,68.726,0.094,14.454,83.274,21
GM0275,2019,Rheden,Gelderland,84.29,52.03357,6.051257,43661,534.0,0,0,0,,,,,,,,68.726,0.094,14.454,83.274,21
GM0275,2020,Rheden,Gelderland,84.29,52.03357,6.051257,43661,534.0,0,0,0,,,,,,,,68.726,0.094,14.454,83.274,21
GM0275,2021,Rheden,Gelderland,84.29,52.03357,6.051257,43661,534.0,0,0,0,,,,,,,,68.726,0.094,14.454,83.274,21
GM0275,2022,Rheden,Gelderland,84.29,52.03357,6.051257,43661,534.0,28,0,0,,,,,,,,68.726,0.094,14.454,83.274,21
GM0275,2023,Rheden,Gelderland,84.29,52.03357,6.051257,43661,534.0,42,0,0,,,,,,,,68.726,0.094,14.454,83.274,21
GM0275,2024,Rheden,Gelderland,84.29,52.03357,6.051257,43661,534.0,36,0,0,,,,,,,,68.726,0.094,14.454,83.274,21
GM0277,2015,Rozendaal,Gelderland,27.86,52.042519,5.967941,1831,66.0,0,0,0,10.41,5.75,14.78,80.99,1017.35,1011.8,1794.6,23.414,0.0,1.606,25.02,0
GM0277,2016,Rozendaal,Gelderland,27.86,52.042519,5.967941,1831,66.0,0,0,0,10.28,5.77,14.67,81.51,1016.09,867.4,1740.3,23.414,0.0,1.606,25.02,0
GM0277,2017,Rozendaal,Gelderland,27.86,52.042519,5.967941,1831,66.0,0,0,0,10.51,5.97,14.79,81.3,1016.13,916.2,1585.7,23.414,0.0,1.606,25.02,0
GM0277,2018,Rozendaal,Gelderland,27.86,52.042519,5.967941,1831,66.0,0,0,0,11.24,6.21,16.07,76.81,1015.44,657.2,2042.5,23.414,0.0,1.606,25.02,0
GM0277,2019,Rozendaal,Gelderland,27.86,52.042519,5.967941,1831,66.0,0,0,0,10.93,6.21,15.52,78.53,1014.5,892.8,1873.6,23.414,0.0,1.606,25.02,0
GM0277,2020,Rozendaal,Gelderland,27.86,52.042519,5.967941,1831,66.0,0,0,0,11.37,6.44,15.96,78.98,1015.2,794.4,1868.4,23.414,0.0,1.606,25.02,0
GM0277,2021,Rozendaal,Gelderland,27.86,52.042519,5.967941,1831,66.0,0,0,0,10.04,5.51,14.36,82.67,1016.09,913.7,1672.5,23.414,0.0,1.606,25.02,0
GM0277,2022,Rozendaal,Gelderland,27.86,52.042519,5.967941,1831,66.0,2,0,0,11.34,6.07,16.15,76.09,1017.08,797.8,2115.9,23.414,0.0,1.606,25.02,0
GM0277,2023,Rozendaal,Gelderland,27.86,52.042519,5.967941,1831,66.0,1,0,0,11.46,6.99,15.8,79.29,1014.14,1272.8,1776.6,23.414,0.0,1.606,25.02,0
GM0277,2024,Rozendaal,Gelderland,27.86,52.042519,5.967941,1831,66.0,2,0,0,11.43,7.08,15.58,82.23,1014.52,1119.6,1622.5,23.414,0.0,1.606,25.02,0
GM0279,2015,Scherpenzeel,Gelderland,13.79,52.08932,5.50047,10343,750.0,0,0,0,,,,,,,,24.341,0.0,0.623,24.963,20
GM0279,2016,Scherpenzeel,Gelderland,13.79,52.08932,5.50047,10343,750.0,0,0,0,,,,,,,,24.341,0.0,0.623,24.963,20
GM0279,2017,Scherpenzeel,Gelderland,13.79,52.08932,5.50047,10343,750.0,0,0,0,,,,,,,,24.341,0.0,0.623,24.963,20
GM0279,2018,Scherpenzeel,Gelderland,13.79,52.08932,5.50047,10343,750.0,0,0,0,,,,,,,,24.341,0.0,0.623,24.963,20
GM0279,2019,Scherpenzeel,Gelderland,13.79,52.08932,5.50047,10343,750.0,0,0,0,,,,,,,,24.341,0.0,0.623,24.963,20
GM0279,2020,Scherpenzeel,Gelderland,13.79,52.08932,5.50047,10343,750.0,0,0,0,,,,,,,,24.341,0.0,0.623,24.963,20
GM0279,2021,Scherpenzeel,Gelderland,13.79,52.08932,5.50047,10343,750.0,0,0,0,,,,,,,,24.341,0.0,0.623,24.963,20
GM0279,2022,Scherpenzeel,Gelderland,13.79,52.08932,5.50047,10343,750.0,6,1,0,,,,,,,,24.341,0.0,0.623,24.963,20
GM0279,2023,Scherpenzeel,Gelderland,13.79,52.08932,5.50047,10343,750.0,2,0,0,,,,,,,,24.341,0.0,0.623,24.963,20
GM0279,2024,Scherpenzeel,Gelderland,13.79,52.08932,5.50047,10343,750.0,3,0,0,,,,,,,,24.341,0.0,0.623,24.963,20
GM0281,2015,Tiel,Gelderland,35.52,51.885103,5.406971,42370,1292.0,0,0,0,,,,,,,,92.559,0.0,3.196,95.755,2
GM0281,2016,Tiel,Gelderland,35.52,51.885103,5.406971,42370,1292.0,0,0,0,,,,,,,,92.559,0.0,3.196,95.755,2
GM0281,2017,Tiel,Gelderland,35.52,51.885103,5.406971,42370,1292.0,0,0,0,,,,,,,,92.559,0.0,3.196,95.755,2
GM0281,2018,Tiel,Gelderland,35.52,51.885103,5.406971,42370,1292.0,0,0,0,,,,,,,,92.559,0.0,3.196,95.755,2
GM0281,2019,Tiel,Gelderland,35.52,51.885103,5.406971,42370,1292.0,0,0,0,,,,,,,,92.559,0.0,3.196,95.755,2
GM0281,2020,Tiel,Gelderland,35.52,51.885103,5.406971,42370,1292.0,0,0,0,,,,,,,,92.559,0.0,3.196,95.755,2
GM0281,2021,Tiel,Gelderland,35.52,51.885103,5.406971,42370,1292.0,0,0,0,,,,,,,,92.559,0.0,3.196,95.755,2
GM0281,2022,Tiel,Gelderland,35.52,51.885103,5.406971,42370,1292.0,30,0,0,,,,,,,,92.559,0.0,3.196,95.755,2
GM0281,2023,Tiel,Gelderland,35.52,51.885103,5.406971,42370,1292.0,48,0,0,,,,,,,,92.559,0.0,3.196,95.755,2
GM0281,2024,Tiel,Gelderland,35.52,51.885103,5.406971,42370,1292.0,35,0,0,,,,,,,,92.559,0.0,3.196,95.755,2
GM0285,2015,Voorst,Gelderland,126.47,52.225516,6.09911,25377,206.0,0,0,0,,,,,,,,218.015,0.0,39.243,257.258,21
GM0285,2016,Voorst,Gelderland,126.47,52.225516,6.09911,25377,206.0,0,0,0,,,,,,,,218.015,0.0,39.243,257.258,21
GM0285,2017,Voorst,Gelderland,126.47,52.225516,6.09911,25377,206.0,0,0,0,,,,,,,,218.015,0.0,39.243,257.258,21
GM0285,2018,Voorst,Gelderland,126.47,52.225516,6.09911,25377,206.0,0,0,0,,,,,,,,218.015,0.0,39.243,257.258,21
GM0285,2019,Voorst,Gelderland,126.47,52.225516,6.09911,25377,206.0,0,0,0,,,,,,,,218.015,0.0,39.243,257.258,21
GM0285,2020,Voorst,Gelderland,126.47,52.225516,6.09911,25377,206.0,0,0,0,,,,,,,,218.015,0.0,39.243,257.258,21
GM0285,2021,Voorst,Gelderland,126.47,52.225516,6.09911,25377,206.0,0,0,0,,,,,,,,218.015,0.0,39.243,257.258,21
GM0285,2022,Voorst,Gelderland,126.47,52.225516,6.09911,25377,206.0,31,2,0,,,,,,,,218.015,0.0,39.243,257.258,21
GM0285,2023,Voorst,Gelderland,126.47,52.225516,6.09911,25377,206.0,26,2,0,,,,,,,,218.015,0.0,39.243,257.258,21
GM0285,2024,Voorst,Gelderland,126.47,52.225516,6.09911,25377,206.0,21,1,0,,,,,,,,218.015,0.0,39.243,257.258,21
GM0289,2015,Wageningen,Gelderland,32.35,51.973492,5.663516,42579,1400.0,0,0,0,,,,,,,,132.786,0.064,10.814,143.664,225
GM0289,2016,Wageningen,Gelderland,32.35,51.973492,5.663516,42579,1400.0,0,0,0,,,,,,,,132.786,0.064,10.814,143.664,225
GM0289,2017,Wageningen,Gelderland,32.35,51.973492,5.663516,42579,1400.0,0,0,0,,,,,,,,132.786,0.064,10.814,143.664,225
GM0289,2018,Wageningen,Gelderland,32.35,51.973492,5.663516,42579,1400.0,0,0,0,,,,,,,,132.786,0.064,10.814,143.664,225
GM0289,2019,Wageningen,Gelderland,32.35,51.973492,5.663516,42579,1400.0,0,0,0,,,,,,,,132.786,0.064,10.814,143.664,225
GM0289,2020,Wageningen,Gelderland,32.35,51.973492,5.663516,42579,1400.0,0,0,0,,,,,,,,132.786,0.064,10.814,143.664,225
GM0289,2021,Wageningen,Gelderland,32.35,51.973492,5.663516,42579,1400.0,0,0,0,,,,,,,,132.786,0.064,10.814,143.664,225
GM0289,2022,Wageningen,Gelderland,32.35,51.973492,5.663516,42579,1400.0,30,1,0,,,,,,,,132.786,0.064,10.814,143.664,225
GM0289,2023,Wageningen,Gelderland,32.35,51.973492,5.663516,42579,1400.0,48,2,0,,,,,,,,132.786,0.064,10.814,143.664,225
GM0289,2024,Wageningen,Gelderland,32.35,51.973492,5.663516,42579,1400.0,50,1,0,,,,,,,,132.786,0.064,10.814,143.664,225
GM0293,2015,Westervoort,Gelderland,7.79,51.957497,5.970823,15151,2160.0,0,0,0,,,,,,,,29.197,0.0,1.336,30.532,6
GM0293,2016,Westervoort,Gelderland,7.79,51.957497,5.970823,15151,2160.0,0,0,0,,,,,,,,29.197,0.0,1.336,30.532,6
GM0293,2017,Westervoort,Gelderland,7.79,51.957497,5.970823,15151,2160.0,0,0,0,,,,,,,,29.197,0.0,1.336,30.532,6
GM0293,2018,Westervoort,Gelderland,7.79,51.957497,5.970823,15151,2160.0,0,0,0,,,,,,,,29.197,0.0,1.336,30.532,6
GM0293,2019,Westervoort,Gelderland,7.79,51.957497,5.970823,15151,2160.0,0,0,0,,,,,,,,29.197,0.0,1.336,30.532,6
GM0293,2020,Westervoort,Gelderland,7.79,51.957497,5.970823,15151,2160.0,0,0,0,,,,,,,,29.197,0.0,1.336,30.532,6
GM0293,2021,Westervoort,Gelderland,7.79,51.957497,5.970823,15151,2160.0,0,0,0,,,,,,,,29.197,0.0,1.336,30.532,6
GM0293,2022,Westervoort,Gelderland,7.79,51.957497,5.970823,15151,2160.0,13,0,0,,,,,,,,29.197,0.0,1.336,30.532,6
GM0293,2023,Westervoort,Gelderland,7.79,51.957497,5.970823,15151,2160.0,11,0,0,,,,,,,,29.197,0.0,1.336,30.532,6
GM0293,2024,Westervoort,Gelderland,7.79,51.957497,5.970823,15151,2160.0,6,0,0,,,,,,,,29.197,0.0,1.336,30.532,6
GM0294,2015,Winterswijk,Gelderland,138.82,51.969855,6.725904,29231,212.0,0,0,0,,,,,,,,89.657,5.819,1.925,97.401,6
GM0294,2016,Winterswijk,Gelderland,138.82,51.969855,6.725904,29231,212.0,0,0,0,,,,,,,,89.657,5.819,1.925,97.401,6
GM0294,2017,Winterswijk,Gelderland,138.82,51.969855,6.725904,29231,212.0,0,0,0,,,,,,,,89.657,5.819,1.925,97.401,6
GM0294,2018,Winterswijk,Gelderland,138.82,51.969855,6.725904,29231,212.0,0,0,0,,,,,,,,89.657,5.819,1.925,97.401,6
GM0294,2019,Winterswijk,Gelderland,138.82,51.969855,6.725904,29231,212.0,0,0,0,,,,,,,,89.657,5.819,1.925,97.401,6
GM0294,2020,Winterswijk,Gelderland,138.82,51.969855,6.725904,29231,212.0,0,0,0,,,,,,,,89.657,5.819,1.925,97.401,6
GM0294,2021,Winterswijk,Gelderland,138.82,51.969855,6.725904,29231,212.0,0,0,0,,,,,,,,89.657,5.819,1.925,97.401,6
GM0294,2022,Winterswijk,Gelderland,138.82,51.969855,6.725904,29231,212.0,44,2,0,,,,,,,,89.657,5.819,1.925,97.401,6
GM0294,2023,Winterswijk,Gelderland,138.82,51.969855,6.725904,29231,212.0,25,0,0,,,,,,,,89.657,5.819,1.925,97.401,6
GM0294,2024,Winterswijk,Gelderland,138.82,51.969855,6.725904,29231,212.0,34,0,0,,,,,,,,89.657,5.819,1.925,97.401,6
GM0296,2015,Wijchen,Gelderland,69.58,51.816734,5.701925,41545,629.0,0,0,0,,,,,,,,193.289,0.0,1.69,194.98,16
GM0296,2016,Wijchen,Gelderland,69.58,51.816734,5.701925,41545,629.0,0,0,0,,,,,,,,193.289,0.0,1.69,194.98,16
GM0296,2017,Wijchen,Gelderland,69.58,51.816734,5.701925,41545,629.0,0,0,0,,,,,,,,193.289,0.0,1.69,194.98,16
GM0296,2018,Wijchen,Gelderland,69.58,51.816734,5.701925,41545,629.0,0,0,0,,,,,,,,193.289,0.0,1.69,194.98,16
GM0296,2019,Wijchen,Gelderland,69.58,51.816734,5.701925,41545,629.0,0,0,0,,,,,,,,193.289,0.0,1.69,194.98,16
GM0296,2020,Wijchen,Gelderland,69.58,51.816734,5.701925,41545,629.0,0,0,0,,,,,,,,193.289,0.0,1.69,194.98,16
GM0296,2021,Wijchen,Gelderland,69.58,51.816734,5.701925,41545,629.0,0,0,0,,,,,,,,193.289,0.0,1.69,194.98,16
GM0296,2022,Wijchen,Gelderland,69.58,51.816734,5.701925,41545,629.0,41,0,0,,,,,,,,193.289,0.0,1.69,194.98,16
GM0296,2023,Wijchen,Gelderland,69.58,51.816734,5.701925,41545,629.0,35,0,0,,,,,,,,193.289,0.0,1.69,194.98,16
GM0296,2024,Wijchen,Gelderland,69.58,51.816734,5.701925,41545,629.0,22,0,0,,,,,,,,193.289,0.0,1.69,194.98,16
GM0297,2015,Zaltbommel,Gelderland,89.01,51.792246,5.158521,30385,386.0,0,0,0,,,,,,,,50.988,0.012,5.168,56.168,19
GM0297,2016,Zaltbommel,Gelderland,89.01,51.792246,5.158521,30385,386.0,0,0,0,,,,,,,,50.988,0.012,5.168,56.168,19
GM0297,2017,Zaltbommel,Gelderland,89.01,51.792246,5.158521,30385,386.0,0,0,0,,,,,,,,50.988,0.012,5.168,56.168,19
GM0297,2018,Zaltbommel,Gelderland,89.01,51.792246,5.158521,30385,386.0,0,0,0,,,,,,,,50.988,0.012,5.168,56.168,19
GM0297,2019,Zaltbommel,Gelderland,89.01,51.792246,5.158521,30385,386.0,0,0,0,,,,,,,,50.988,0.012,5.168,56.168,19
GM0297,2020,Zaltbommel,Gelderland,89.01,51.792246,5.158521,30385,386.0,0,0,0,,,,,,,,50.988,0.012,5.168,56.168,19
GM0297,2021,Zaltbommel,Gelderland,89.01,51.792246,5.158521,30385,386.0,0,0,0,,,,,,,,50.988,0.012,5.168,56.168,19
GM0297,2022,Zaltbommel,Gelderland,89.01,51.792246,5.158521,30385,386.0,18,0,0,,,,,,,,50.988,0.012,5.168,56.168,19
GM0297,2023,Zaltbommel,Gelderland,89.01,51.792246,5.158521,30385,386.0,37,0,0,,,,,,,,50.988,0.012,5.168,56.168,19
GM0297,2024,Zaltbommel,Gelderland,89.01,51.792246,5.158521,30385,386.0,25,0,0,,,,,,,,50.988,0.012,5.168,56.168,19
GM0299,2015,Zevenaar,Gelderland,106.13,51.924138,6.085308,45041,486.0,0,0,0,,,,,,,,194.198,0.165,22.84,217.203,32
GM0299,2016,Zevenaar,Gelderland,106.13,51.924138,6.085308,45041,486.0,0,0,0,,,,,,,,194.198,0.165,22.84,217.203,32
GM0299,2017,Zevenaar,Gelderland,106.13,51.924138,6.085308,45041,486.0,0,0,0,,,,,,,,194.198,0.165,22.84,217.203,32
GM0299,2018,Zevenaar,Gelderland,106.13,51.924138,6.085308,45041,486.0,0,0,0,,,,,,,,194.198,0.165,22.84,217.203,32
GM0299,2019,Zevenaar,Gelderland,106.13,51.924138,6.085308,45041,486.0,0,0,0,,,,,,,,194.198,0.165,22.84,217.203,32
GM0299,2020,Zevenaar,Gelderland,106.13,51.924138,6.085308,45041,486.0,0,0,0,,,,,,,,194.198,0.165,22.84,217.203,32
GM0299,2021,Zevenaar,Gelderland,106.13,51.924138,6.085308,45041,486.0,0,0,0,,,,,,,,194.198,0.165,22.84,217.203,32
GM0299,2022,Zevenaar,Gelderland,106.13,51.924138,6.085308,45041,486.0,29,0,0,,,,,,,,194.198,0.165,22.84,217.203,32
GM0299,2023,Zevenaar,Gelderland,106.13,51.924138,6.085308,45041,486.0,26,0,0,,,,,,,,194.198,0.165,22.84,217.203,32
GM0299,2024,Zevenaar,Gelderland,106.13,51.924138,6.085308,45041,486.0,28,0,0,,,,,,,,194.198,0.165,22.84,217.203,32
GM0301,2015,Zutphen,Gelderland,42.9,52.136338,6.233918,48752,1191.0,0,0,0,,,,,,,,109.204,0.0,17.135,126.339,130
GM0301,2016,Zutphen,Gelderland,42.9,52.136338,6.233918,48752,1191.0,0,0,0,,,,,,,,109.204,0.0,17.135,126.339,130
GM0301,2017,Zutphen,Gelderland,42.9,52.136338,6.233918,48752,1191.0,0,0,0,,,,,,,,109.204,0.0,17.135,126.339,130
GM0301,2018,Zutphen,Gelderland,42.9,52.136338,6.233918,48752,1191.0,0,0,0,,,,,,,,109.204,0.0,17.135,126.339,130
GM0301,2019,Zutphen,Gelderland,42.9,52.136338,6.233918,48752,1191.0,0,0,0,,,,,,,,109.204,0.0,17.135,126.339,130
GM0301,2020,Zutphen,Gelderland,42.9,52.136338,6.233918,48752,1191.0,0,0,0,,,,,,,,109.204,0.0,17.135,126.339,130
GM0301,2021,Zutphen,Gelderland,42.9,52.136338,6.233918,48752,1191.0,0,0,0,,,,,,,,109.204,0.0,17.135,126.339,130
GM0301,2022,Zutphen,Gelderland,42.9,52.136338,6.233918,48752,1191.0,52,0,0,,,,,,,,109.204,0.0,17.135,126.339,130
GM0301,2023,Zutphen,Gelderland,42.9,52.136338,6.233918,48752,1191.0,57,1,0,,,,,,,,109.204,0.0,17.135,126.339,130
GM0301,2024,Zutphen,Gelderland,42.9,52.136338,6.233918,48752,1191.0,66,0,0,,,,,,,,109.204,0.0,17.135,126.339,130
GM0302,2015,Nunspeet,Gelderland,128.86,52.33896,5.786572,29072,226.0,0,0,0,,,,,,,,243.813,0.0,8.495,252.308,20
GM0302,2016,Nunspeet,Gelderland,128.86,52.33896,5.786572,29072,226.0,0,0,0,,,,,,,,243.813,0.0,8.495,252.308,20
GM0302,2017,Nunspeet,Gelderland,128.86,52.33896,5.786572,29072,226.0,0,0,0,,,,,,,,243.813,0.0,8.495,252.308,20
GM0302,2018,Nunspeet,Gelderland,128.86,52.33896,5.786572,29072,226.0,0,0,0,,,,,,,,243.813,0.0,8.495,252.308,20
GM0302,2019,Nunspeet,Gelderland,128.86,52.33896,5.786572,29072,226.0,0,0,0,,,,,,,,243.813,0.0,8.495,252.308,20
GM0302,2020,Nunspeet,Gelderland,128.86,52.33896,5.786572,29072,226.0,0,0,0,,,,,,,,243.813,0.0,8.495,252.308,20
GM0302,2021,Nunspeet,Gelderland,128.86,52.33896,5.786572,29072,226.0,0,0,0,,,,,,,,243.813,0.0,8.495,252.308,20
GM0302,2022,Nunspeet,Gelderland,128.86,52.33896,5.786572,29072,226.0,19,0,0,,,,,,,,243.813,0.0,8.495,252.308,20
GM0302,2023,Nunspeet,Gelderland,128.86,52.33896,5.786572,29072,226.0,29,0,0,,,,,,,,243.813,0.0,8.495,252.308,20
GM0302,2024,Nunspeet,Gelderland,128.86,52.33896,5.786572,29072,226.0,27,0,0,,,,,,,,243.813,0.0,8.495,252.308,20
GM0303,2015,Dronten,Flevoland,339.03,52.502679,5.701754,44354,133.0,0,0,0,,,,,,,,494.821,0.0,11.276,506.098,38
GM0303,2016,Dronten,Flevoland,339.03,52.502679,5.701754,44354,133.0,0,0,0,,,,,,,,494.821,0.0,11.276,506.098,38
GM0303,2017,Dronten,Flevoland,339.03,52.502679,5.701754,44354,133.0,0,0,0,,,,,,,,494.821,0.0,11.276,506.098,38
GM0303,2018,Dronten,Flevoland,339.03,52.502679,5.701754,44354,133.0,0,0,0,,,,,,,,494.821,0.0,11.276,506.098,38
GM0303,2019,Dronten,Flevoland,339.03,52.502679,5.701754,44354,133.0,0,0,0,,,,,,,,494.821,0.0,11.276,506.098,38
GM0303,2020,Dronten,Flevoland,339.03,52.502679,5.701754,44354,133.0,0,0,0,,,,,,,,494.821,0.0,11.276,506.098,38
GM0303,2021,Dronten,Flevoland,339.03,52.502679,5.701754,44354,133.0,0,0,0,,,,,,,,494.821,0.0,11.276,506.098,38
GM0303,2022,Dronten,Flevoland,339.03,52.502679,5.701754,44354,133.0,19,1,0,,,,,,,,494.821,0.0,11.276,506.098,38
GM0303,2023,Dronten,Flevoland,339.03,52.502679,5.701754,44354,133.0,33,0,0,,,,,,,,494.821,0.0,11.276,506.098,38
GM0303,2024,Dronten,Flevoland,339.03,52.502679,5.701754,44354,133.0,26,0,0,,,,,,,,494.821,0.0,11.276,506.098,38
GM0307,2015,Amersfoort,Utrecht,63.81,52.173607,5.384681,161852,2590.0,0,0,0,,,,,,,,184.784,0.1,25.358,210.242,139
GM0307,2016,Amersfoort,Utrecht,63.81,52.173607,5.384681,161852,2590.0,0,0,0,,,,,,,,184.784,0.1,25.358,210.242,139
GM0307,2017,Amersfoort,Utrecht,63.81,52.173607,5.384681,161852,2590.0,0,0,0,,,,,,,,184.784,0.1,25.358,210.242,139
GM0307,2018,Amersfoort,Utrecht,63.81,52.173607,5.384681,161852,2590.0,0,0,0,,,,,,,,184.784,0.1,25.358,210.242,139
GM0307,2019,Amersfoort,Utrecht,63.81,52.173607,5.384681,161852,2590.0,0,0,0,,,,,,,,184.784,0.1,25.358,210.242,139
GM0307,2020,Amersfoort,Utrecht,63.81,52.173607,5.384681,161852,2590.0,0,0,0,,,,,,,,184.784,0.1,25.358,210.242,139
GM0307,2021,Amersfoort,Utrecht,63.81,52.173607,5.384681,161852,2590.0,0,0,0,,,,,,,,184.784,0.1,25.358,210.242,139
GM0307,2022,Amersfoort,Utrecht,63.81,52.173607,5.384681,161852,2590.0,130,0,0,,,,,,,,184.784,0.1,25.358,210.242,139
GM0307,2023,Amersfoort,Utrecht,63.81,52.173607,5.384681,161852,2590.0,151,0,0,,,,,,,,184.784,0.1,25.358,210.242,139
GM0307,2024,Amersfoort,Utrecht,63.81,52.173607,5.384681,161852,2590.0,172,1,0,,,,,,,,184.784,0.1,25.358,210.242,139
GM0308,2015,Baarn,Utrecht,33.02,52.203835,5.26418,25065,770.0,0,0,0,,,,,,,,128.448,0.0,15.302,143.749,18
GM0308,2016,Baarn,Utrecht,33.02,52.203835,5.26418,25065,770.0,0,0,0,,,,,,,,128.448,0.0,15.302,143.749,18
GM0308,2017,Baarn,Utrecht,33.02,52.203835,5.26418,25065,770.0,0,0,0,,,,,,,,128.448,0.0,15.302,143.749,18
GM0308,2018,Baarn,Utrecht,33.02,52.203835,5.26418,25065,770.0,0,0,0,,,,,,,,128.448,0.0,15.302,143.749,18
GM0308,2019,Baarn,Utrecht,33.02,52.203835,5.26418,25065,770.0,0,0,0,,,,,,,,128.448,0.0,15.302,143.749,18
GM0308,2020,Baarn,Utrecht,33.02,52.203835,5.26418,25065,770.0,0,0,0,,,,,,,,128.448,0.0,15.302,143.749,18
GM0308,2021,Baarn,Utrecht,33.02,52.203835,5.26418,25065,770.0,0,0,0,,,,,,,,128.448,0.0,15.302,143.749,18
GM0308,2022,Baarn,Utrecht,33.02,52.203835,5.26418,25065,770.0,16,0,0,,,,,,,,128.448,0.0,15.302,143.749,18
GM0308,2023,Baarn,Utrecht,33.02,52.203835,5.26418,25065,770.0,17,1,0,,,,,,,,128.448,0.0,15.302,143.749,18
GM0308,2024,Baarn,Utrecht,33.02,52.203835,5.26418,25065,770.0,19,0,0,,,,,,,,128.448,0.0,15.302,143.749,18
GM0310,2015,De Bilt,Utrecht,67.14,52.141748,5.174345,43718,661.0,0,0,0,10.9,6.48,14.91,79.53,1017.29,853.3,1856.4,83.636,0.0,2.231,85.868,20
GM0310,2016,De Bilt,Utrecht,67.14,52.141748,5.174345,43718,661.0,0,0,0,10.7,6.46,14.7,81.42,1015.97,838.0,1811.9,83.636,0.0,2.231,85.868,20
GM0310,2017,De Bilt,Utrecht,67.14,52.141748,5.174345,43718,661.0,0,0,0,10.97,6.67,14.92,80.49,1016.04,947.5,1665.9,83.636,0.0,2.231,85.868,20
GM0310,2018,De Bilt,Utrecht,67.14,52.141748,5.174345,43718,661.0,0,0,0,11.4,6.69,15.76,77.49,1015.38,582.0,2044.9,83.636,0.0,2.231,85.868,20
GM0310,2019,De Bilt,Utrecht,67.14,52.141748,5.174345,43718,661.0,0,0,0,11.19,6.68,15.38,78.49,1014.4,934.2,1927.9,83.636,0.0,2.231,85.868,20
GM0310,2020,De Bilt,Utrecht,67.14,52.141748,5.174345,43718,661.0,0,0,0,11.69,7.13,15.81,77.1,1014.99,855.9,1957.6,83.636,0.0,2.231,85.868,20
GM0310,2021,De Bilt,Utrecht,67.14,52.141748,5.174345,43718,661.0,0,0,0,10.48,6.22,14.38,81.21,1016.01,861.3,1725.5,83.636,0.0,2.231,85.868,20
GM0310,2022,De Bilt,Utrecht,67.14,52.141748,5.174345,43718,661.0,44,1,0,11.57,6.57,15.96,76.65,1016.98,820.9,2208.7,83.636,0.0,2.231,85.868,20
GM0310,2023,De Bilt,Utrecht,67.14,52.141748,5.174345,43718,661.0,44,1,0,11.79,7.65,15.64,79.55,1013.98,1179.6,1842.3,83.636,0.0,2.231,85.868,20
GM0310,2024,De Bilt,Utrecht,67.14,52.141748,5.174345,43718,661.0,48,0,0,11.8,7.71,15.63,81.99,1014.32,1064.3,1699.2,83.636,0.0,2.231,85.868,20
GM0312,2015,Bunnik,Utrecht,37.59,52.04096,5.216956,16108,436.0,0,0,0,,,,,,,,28.644,0.141,4.678,33.463,32
GM0312,2016,Bunnik,Utrecht,37.59,52.04096,5.216956,16108,436.0,0,0,0,,,,,,,,28.644,0.141,4.678,33.463,32
GM0312,2017,Bunnik,Utrecht,37.59,52.04096,5.216956,16108,436.0,0,0,0,,,,,,,,28.644,0.141,4.678,33.463,32
GM0312,2018,Bunnik,Utrecht,37.59,52.04096,5.216956,16108,436.0,0,0,0,,,,,,,,28.644,0.141,4.678,33.463,32
GM0312,2019,Bunnik,Utrecht,37.59,52.04096,5.216956,16108,436.0,0,0,0,,,,,,,,28.644,0.141,4.678,33.463,32
GM0312,2020,Bunnik,Utrecht,37.59,52.04096,5.216956,16108,436.0,0,0,0,,,,,,,,28.644,0.141,4.678,33.463,32
GM0312,2021,Bunnik,Utrecht,37.59,52.04096,5.216956,16108,436.0,0,0,0,,,,,,,,28.644,0.141,4.678,33.463,32
GM0312,2022,Bunnik,Utrecht,37.59,52.04096,5.216956,16108,436.0,11,0,0,,,,,,,,28.644,0.141,4.678,33.463,32
GM0312,2023,Bunnik,Utrecht,37.59,52.04096,5.216956,16108,436.0,7,0,0,,,,,,,,28.644,0.141,4.678,33.463,32
GM0312,2024,Bunnik,Utrecht,37.59,52.04096,5.216956,16108,436.0,8,0,0,,,,,,,,28.644,0.141,4.678,33.463,32
GM0313,2015,Bunschoten,Utrecht,30.92,52.238736,5.358041,22619,744.0,0,0,0,,,,,,,,123.54,0.0,4.113,127.653,3
GM0313,2016,Bunschoten,Utrecht,30.92,52.238736,5.358041,22619,744.0,0,0,0,,,,,,,,123.54,0.0,4.113,127.653,3
GM0313,2017,Bunschoten,Utrecht,30.92,52.238736,5.358041,22619,744.0,0,0,0,,,,,,,,123.54,0.0,4.113,127.653,3
GM0313,2018,Bunschoten,Utrecht,30.92,52.238736,5.358041,22619,744.0,0,0,0,,,,,,,,123.54,0.0,4.113,127.653,3
GM0313,2019,Bunschoten,Utrecht,30.92,52.238736,5.358041,22619,744.0,0,0,0,,,,,,,,123.54,0.0,4.113,127.653,3
GM0313,2020,Bunschoten,Utrecht,30.92,52.238736,5.358041,22619,744.0,0,0,0,,,,,,,,123.54,0.0,4.113,127.653,3
GM0313,2021,Bunschoten,Utrecht,30.92,52.238736,5.358041,22619,744.0,0,0,0,,,,,,,,123.54,0.0,4.113,127.653,3
GM0313,2022,Bunschoten,Utrecht,30.92,52.238736,5.358041,22619,744.0,21,0,0,,,,,,,,123.54,0.0,4.113,127.653,3
GM0313,2023,Bunschoten,Utrecht,30.92,52.238736,5.358041,22619,744.0,23,1,0,,,,,,,,123.54,0.0,4.113,127.653,3
GM0313,2024,Bunschoten,Utrecht,30.92,52.238736,5.358041,22619,744.0,19,0,0,,,,,,,,123.54,0.0,4.113,127.653,3
GM0317,2015,Eemnes,Utrecht,31.43,52.249886,5.27966,9755,314.0,0,0,0,,,,,,,,59.806,0.0,2.693,62.498,6
GM0317,2016,Eemnes,Utrecht,31.43,52.249886,5.27966,9755,314.0,0,0,0,,,,,,,,59.806,0.0,2.693,62.498,6
GM0317,2017,Eemnes,Utrecht,31.43,52.249886,5.27966,9755,314.0,0,0,0,,,,,,,,59.806,0.0,2.693,62.498,6
GM0317,2018,Eemnes,Utrecht,31.43,52.249886,5.27966,9755,314.0,0,0,0,,,,,,,,59.806,0.0,2.693,62.498,6
GM0317,2019,Eemnes,Utrecht,31.43,52.249886,5.27966,9755,314.0,0,0,0,,,,,,,,59.806,0.0,2.693,62.498,6
GM0317,2020,Eemnes,Utrecht,31.43,52.249886,5.27966,9755,314.0,0,0,0,,,,,,,,59.806,0.0,2.693,62.498,6
GM0317,2021,Eemnes,Utrecht,31.43,52.249886,5.27966,9755,314.0,0,0,0,,,,,,,,59.806,0.0,2.693,62.498,6
GM0317,2022,Eemnes,Utrecht,31.43,52.249886,5.27966,9755,314.0,5,0,0,,,,,,,,59.806,0.0,2.693,62.498,6
GM0317,2023,Eemnes,Utrecht,31.43,52.249886,5.27966,9755,314.0,12,0,0,,,,,,,,59.806,0.0,2.693,62.498,6
GM0317,2024,Eemnes,Utrecht,31.43,52.249886,5.27966,9755,314.0,4,0,0,,,,,,,,59.806,0.0,2.693,62.498,6
GM0321,2015,Houten,Utrecht,58.99,52.00412,5.181724,50847,926.0,0,0,0,,,,,,,,69.831,0.0,0.784,70.615,48
GM0321,2016,Houten,Utrecht,58.99,52.00412,5.181724,50847,926.0,0,0,0,,,,,,,,69.831,0.0,0.784,70.615,48
GM0321,2017,Houten,Utrecht,58.99,52.00412,5.181724,50847,926.0,0,0,0,,,,,,,,69.831,0.0,0.784,70.615,48
GM0321,2018,Houten,Utrecht,58.99,52.00412,5.181724,50847,926.0,0,0,0,,,,,,,,69.831,0.0,0.784,70.615,48
GM0321,2019,Houten,Utrecht,58.99,52.00412,5.181724,50847,926.0,0,0,0,,,,,,,,69.831,0.0,0.784,70.615,48
GM0321,2020,Houten,Utrecht,58.99,52.00412,5.181724,50847,926.0,0,0,0,,,,,,,,69.831,0.0,0.784,70.615,48
GM0321,2021,Houten,Utrecht,58.99,52.00412,5.181724,50847,926.0,0,0,0,,,,,,,,69.831,0.0,0.784,70.615,48
GM0321,2022,Houten,Utrecht,58.99,52.00412,5.181724,50847,926.0,34,0,0,,,,,,,,69.831,0.0,0.784,70.615,48
GM0321,2023,Houten,Utrecht,58.99,52.00412,5.181724,50847,926.0,35,0,0,,,,,,,,69.831,0.0,0.784,70.615,48
GM0321,2024,Houten,Utrecht,58.99,52.00412,5.181724,50847,926.0,36,2,0,,,,,,,,69.831,0.0,0.784,70.615,48
GM0327,2015,Leusden,Utrecht,58.83,52.122253,5.41652,31681,541.0,0,0,0,,,,,,,,87.054,0.0,3.005,90.059,30
GM0327,2016,Leusden,Utrecht,58.83,52.122253,5.41652,31681,541.0,0,0,0,,,,,,,,87.054,0.0,3.005,90.059,30
GM0327,2017,Leusden,Utrecht,58.83,52.122253,5.41652,31681,541.0,0,0,0,,,,,,,,87.054,0.0,3.005,90.059,30
GM0327,2018,Leusden,Utrecht,58.83,52.122253,5.41652,31681,541.0,0,0,0,,,,,,,,87.054,0.0,3.005,90.059,30
GM0327,2019,Leusden,Utrecht,58.83,52.122253,5.41652,31681,541.0,0,0,0,,,,,,,,87.054,0.0,3.005,90.059,30
GM0327,2020,Leusden,Utrecht,58.83,52.122253,5.41652,31681,541.0,0,0,0,,,,,,,,87.054,0.0,3.005,90.059,30
GM0327,2021,Leusden,Utrecht,58.83,52.122253,5.41652,31681,541.0,0,0,0,,,,,,,,87.054,0.0,3.005,90.059,30
GM0327,2022,Leusden,Utrecht,58.83,52.122253,5.41652,31681,541.0,11,0,0,,,,,,,,87.054,0.0,3.005,90.059,30
GM0327,2023,Leusden,Utrecht,58.83,52.122253,5.41652,31681,541.0,21,0,0,,,,,,,,87.054,0.0,3.005,90.059,30
GM0327,2024,Leusden,Utrecht,58.83,52.122253,5.41652,31681,541.0,10,0,0,,,,,,,,87.054,0.0,3.005,90.059,30
GM0331,2015,Lopik,Utrecht,78.89,51.98539,4.945561,14724,195.0,0,0,0,,,,,,,,35.059,0.0,6.911,41.97,9
GM0331,2016,Lopik,Utrecht,78.89,51.98539,4.945561,14724,195.0,0,0,0,,,,,,,,35.059,0.0,6.911,41.97,9
GM0331,2017,Lopik,Utrecht,78.89,51.98539,4.945561,14724,195.0,0,0,0,,,,,,,,35.059,0.0,6.911,41.97,9
GM0331,2018,Lopik,Utrecht,78.89,51.98539,4.945561,14724,195.0,0,0,0,,,,,,,,35.059,0.0,6.911,41.97,9
GM0331,2019,Lopik,Utrecht,78.89,51.98539,4.945561,14724,195.0,0,0,0,,,,,,,,35.059,0.0,6.911,41.97,9
GM0331,2020,Lopik,Utrecht,78.89,51.98539,4.945561,14724,195.0,0,0,0,,,,,,,,35.059,0.0,6.911,41.97,9
GM0331,2021,Lopik,Utrecht,78.89,51.98539,4.945561,14724,195.0,0,0,0,,,,,,,,35.059,0.0,6.911,41.97,9
GM0331,2022,Lopik,Utrecht,78.89,51.98539,4.945561,14724,195.0,11,0,0,,,,,,,,35.059,0.0,6.911,41.97,9
GM0331,2023,Lopik,Utrecht,78.89,51.98539,4.945561,14724,195.0,5,0,0,,,,,,,,35.059,0.0,6.911,41.97,9
GM0331,2024,Lopik,Utrecht,78.89,51.98539,4.945561,14724,195.0,10,0,0,,,,,,,,35.059,0.0,6.911,41.97,9
GM0335,2015,Montfoort,Utrecht,38.26,52.04771,4.944086,13868,369.0,0,0,0,,,,,,,,41.063,0.0,8.969,50.033,16
GM0335,2016,Montfoort,Utrecht,38.26,52.04771,4.944086,13868,369.0,0,0,0,,,,,,,,41.063,0.0,8.969,50.033,16
GM0335,2017,Montfoort,Utrecht,38.26,52.04771,4.944086,13868,369.0,0,0,0,,,,,,,,41.063,0.0,8.969,50.033,16
GM0335,2018,Montfoort,Utrecht,38.26,52.04771,4.944086,13868,369.0,0,0,0,,,,,,,,41.063,0.0,8.969,50.033,16
GM0335,2019,Montfoort,Utrecht,38.26,52.04771,4.944086,13868,369.0,0,0,0,,,,,,,,41.063,0.0,8.969,50.033,16
GM0335,2020,Montfoort,Utrecht,38.26,52.04771,4.944086,13868,369.0,0,0,0,,,,,,,,41.063,0.0,8.969,50.033,16
GM0335,2021,Montfoort,Utrecht,38.26,52.04771,4.944086,13868,369.0,0,0,0,,,,,,,,41.063,0.0,8.969,50.033,16
GM0335,2022,Montfoort,Utrecht,38.26,52.04771,4.944086,13868,369.0,5,0,0,,,,,,,,41.063,0.0,8.969,50.033,16
GM0335,2023,Montfoort,Utrecht,38.26,52.04771,4.944086,13868,369.0,10,0,0,,,,,,,,41.063,0.0,8.969,50.033,16
GM0335,2024,Montfoort,Utrecht,38.26,52.04771,4.944086,13868,369.0,19,0,0,,,,,,,,41.063,0.0,8.969,50.033,16
GM0339,2015,Renswoude,Utrecht,18.51,52.068973,5.534167,5753,313.0,0,0,0,,,,,,,,41.696,0.0,1.089,42.785,4
GM0339,2016,Renswoude,Utrecht,18.51,52.068973,5.534167,5753,313.0,0,0,0,,,,,,,,41.696,0.0,1.089,42.785,4
GM0339,2017,Renswoude,Utrecht,18.51,52.068973,5.534167,5753,313.0,0,0,0,,,,,,,,41.696,0.0,1.089,42.785,4
GM0339,2018,Renswoude,Utrecht,18.51,52.068973,5.534167,5753,313.0,0,0,0,,,,,,,,41.696,0.0,1.089,42.785,4
GM0339,2019,Renswoude,Utrecht,18.51,52.068973,5.534167,5753,313.0,0,0,0,,,,,,,,41.696,0.0,1.089,42.785,4
GM0339,2020,Renswoude,Utrecht,18.51,52.068973,5.534167,5753,313.0,0,0,0,,,,,,,,41.696,0.0,1.089,42.785,4
GM0339,2021,Renswoude,Utrecht,18.51,52.068973,5.534167,5753,313.0,0,0,0,,,,,,,,41.696,0.0,1.089,42.785,4
GM0339,2022,Renswoude,Utrecht,18.51,52.068973,5.534167,5753,313.0,3,0,0,,,,,,,,41.696,0.0,1.089,42.785,4
GM0339,2023,Renswoude,Utrecht,18.51,52.068973,5.534167,5753,313.0,5,1,0,,,,,,,,41.696,0.0,1.089,42.785,4
GM0339,2024,Renswoude,Utrecht,18.51,52.068973,5.534167,5753,313.0,3,1,0,,,,,,,,41.696,0.0,1.089,42.785,4
GM0340,2015,Rhenen,Utrecht,43.74,51.980779,5.560489,20235,482.0,0,0,0,,,,,,,,110.439,0.057,1.754,112.251,34
GM0340,2016,Rhenen,Utrecht,43.74,51.980779,5.560489,20235,482.0,0,0,0,,,,,,,,110.439,0.057,1.754,112.251,34
GM0340,2017,Rhenen,Utrecht,43.74,51.980779,5.560489,20235,482.0,0,0,0,,,,,,,,110.439,0.057,1.754,112.251,34
GM0340,2018,Rhenen,Utrecht,43.74,51.980779,5.560489,20235,482.0,0,0,0,,,,,,,,110.439,0.057,1.754,112.251,34
GM0340,2019,Rhenen,Utrecht,43.74,51.980779,5.560489,20235,482.0,0,0,0,,,,,,,,110.439,0.057,1.754,112.251,34
GM0340,2020,Rhenen,Utrecht,43.74,51.980779,5.560489,20235,482.0,0,0,0,,,,,,,,110.439,0.057,1.754,112.251,34
GM0340,2021,Rhenen,Utrecht,43.74,51.980779,5.560489,20235,482.0,0,0,0,,,,,,,,110.439,0.057,1.754,112.251,34
GM0340,2022,Rhenen,Utrecht,43.74,51.980779,5.560489,20235,482.0,11,0,0,,,,,,,,110.439,0.057,1.754,112.251,34
GM0340,2023,Rhenen,Utrecht,43.74,51.980779,5.560489,20235,482.0,9,0,0,,,,,,,,110.439,0.057,1.754,112.251,34
GM0340,2024,Rhenen,Utrecht,43.74,51.980779,5.560489,20235,482.0,10,0,0,,,,,,,,110.439,0.057,1.754,112.251,34
GM0342,2015,Soest,Utrecht,46.47,52.156198,5.296291,47682,1031.0,0,0,0,,,,,,,,94.553,0.0,5.562,100.115,19
GM0342,2016,Soest,Utrecht,46.47,52.156198,5.296291,47682,1031.0,0,0,0,,,,,,,,94.553,0.0,5.562,100.115,19
GM0342,2017,Soest,Utrecht,46.47,52.156198,5.296291,47682,1031.0,0,0,0,,,,,,,,94.553,0.0,5.562,100.115,19
GM0342,2018,Soest,Utrecht,46.47,52.156198,5.296291,47682,1031.0,0,0,0,,,,,,,,94.553,0.0,5.562,100.115,19
GM0342,2019,Soest,Utrecht,46.47,52.156198,5.296291,47682,1031.0,0,0,0,,,,,,,,94.553,0.0,5.562,100.115,19
GM0342,2020,Soest,Utrecht,46.47,52.156198,5.296291,47682,1031.0,0,0,0,,,,,,,,94.553,0.0,5.562,100.115,19
GM0342,2021,Soest,Utrecht,46.47,52.156198,5.296291,47682,1031.0,0,0,0,,,,,,,,94.553,0.0,5.562,100.115,19
GM0342,2022,Soest,Utrecht,46.47,52.156198,5.296291,47682,1031.0,34,0,0,,,,,,,,94.553,0.0,5.562,100.115,19
GM0342,2023,Soest,Utrecht,46.47,52.156198,5.296291,47682,1031.0,38,0,0,,,,,,,,94.553,0.0,5.562,100.115,19
GM0342,2024,Soest,Utrecht,46.47,52.156198,5.296291,47682,1031.0,35,0,0,,,,,,,,94.553,0.0,5.562,100.115,19
GM0344,2015,Utrecht,Utrecht,99.19,52.091156,5.074746,374238,3991.0,0,0,0,,,,,,,,358.009,0.442,25.391,383.842,532
GM0344,2016,Utrecht,Utrecht,99.19,52.091156,5.074746,374238,3991.0,0,0,0,,,,,,,,358.009,0.442,25.391,383.842,532
GM0344,2017,Utrecht,Utrecht,99.19,52.091156,5.074746,374238,3991.0,0,0,0,,,,,,,,358.009,0.442,25.391,383.842,532
GM0344,2018,Utrecht,Utrecht,99.19,52.091156,5.074746,374238,3991.0,0,0,0,,,,,,,,358.009,0.442,25.391,383.842,532
GM0344,2019,Utrecht,Utrecht,99.19,52.091156,5.074746,374238,3991.0,0,0,0,,,,,,,,358.009,0.442,25.391,383.842,532
GM0344,2020,Utrecht,Utrecht,99.19,52.091156,5.074746,374238,3991.0,0,0,0,,,,,,,,358.009,0.442,25.391,383.842,532
GM0344,2021,Utrecht,Utrecht,99.19,52.091156,5.074746,374238,3991.0,0,0,0,,,,,,,,358.009,0.442,25.391,383.842,532
GM0344,2022,Utrecht,Utrecht,99.19,52.091156,5.074746,374238,3991.0,348,2,0,,,,,,,,358.009,0.442,25.391,383.842,532
GM0344,2023,Utrecht,Utrecht,99.19,52.091156,5.074746,374238,3991.0,384,2,0,,,,,,,,358.009,0.442,25.391,383.842,532
GM0344,2024,Utrecht,Utrecht,99.19,52.091156,5.074746,374238,3991.0,385,3,0,,,,,,,,358.009,0.442,25.391,383.842,532
GM0345,2015,Veenendaal,Utrecht,19.74,52.023679,5.555665,69440,3575.0,0,0,0,,,,,,,,172.717,0.368,8.931,182.016,110
GM0345,2016,Veenendaal,Utrecht,19.74,52.023679,5.555665,69440,3575.0,0,0,0,,,,,,,,172.717,0.368,8.931,182.016,110
GM0345,2017,Veenendaal,Utrecht,19.74,52.023679,5.555665,69440,3575.0,0,0,0,,,,,,,,172.717,0.368,8.931,182.016,110
GM0345,2018,Veenendaal,Utrecht,19.74,52.023679,5.555665,69440,3575.0,0,0,0,,,,,,,,172.717,0.368,8.931,182.016,110
GM0345,2019,Veenendaal,Utrecht,19.74,52.023679,5.555665,69440,3575.0,0,0,0,,,,,,,,172.717,0.368,8.931,182.016,110
GM0345,2020,Veenendaal,Utrecht,19.74,52.023679,5.555665,69440,3575.0,0,0,0,,,,,,,,172.717,0.368,8.931,182.016,110
GM0345,2021,Veenendaal,Utrecht,19.74,52.023679,5.555665,69440,3575.0,0,0,0,,,,,,,,172.717,0.368,8.931,182.016,110
GM0345,2022,Veenendaal,Utrecht,19.74,52.023679,5.555665,69440,3575.0,62,0,0,,,,,,,,172.717,0.368,8.931,182.016,110
GM0345,2023,Veenendaal,Utrecht,19.74,52.023679,5.555665,69440,3575.0,53,1,0,,,,,,,,172.717,0.368,8.931,182.016,110
GM0345,2024,Veenendaal,Utrecht,19.74,52.023679,5.555665,69440,3575.0,75,0,0,,,,,,,,172.717,0.368,8.931,182.016,110
GM0351,2015,Woudenberg,Utrecht,36.78,52.081145,5.426801,14637,401.0,0,0,0,,,,,,,,38.525,0.0,0.197,38.722,5
GM0351,2016,Woudenberg,Utrecht,36.78,52.081145,5.426801,14637,401.0,0,0,0,,,,,,,,38.525,0.0,0.197,38.722,5
GM0351,2017,Woudenberg,Utrecht,36.78,52.081145,5.426801,14637,401.0,0,0,0,,,,,,,,38.525,0.0,0.197,38.722,5
GM0351,2018,Woudenberg,Utrecht,36.78,52.081145,5.426801,14637,401.0,0,0,0,,,,,,,,38.525,0.0,0.197,38.722,5
GM0351,2019,Woudenberg,Utrecht,36.78,52.081145,5.426801,14637,401.0,0,0,0,,,,,,,,38.525,0.0,0.197,38.722,5
GM0351,2020,Woudenberg,Utrecht,36.78,52.081145,5.426801,14637,401.0,0,0,0,,,,,,,,38.525,0.0,0.197,38.722,5
GM0351,2021,Woudenberg,Utrecht,36.78,52.081145,5.426801,14637,401.0,0,0,0,,,,,,,,38.525,0.0,0.197,38.722,5
GM0351,2022,Woudenberg,Utrecht,36.78,52.081145,5.426801,14637,401.0,7,0,0,,,,,,,,38.525,0.0,0.197,38.722,5
GM0351,2023,Woudenberg,Utrecht,36.78,52.081145,5.426801,14637,401.0,9,0,0,,,,,,,,38.525,0.0,0.197,38.722,5
GM0351,2024,Woudenberg,Utrecht,36.78,52.081145,5.426801,14637,401.0,5,0,0,,,,,,,,38.525,0.0,0.197,38.722,5
GM0352,2015,Wijk bij Duurstede,Utrecht,50.42,51.989225,5.325261,23945,503.0,0,0,0,,,,,,,,26.178,0.0,2.827,29.005,14
GM0352,2016,Wijk bij Duurstede,Utrecht,50.42,51.989225,5.325261,23945,503.0,0,0,0,,,,,,,,26.178,0.0,2.827,29.005,14
GM0352,2017,Wijk bij Duurstede,Utrecht,50.42,51.989225,5.325261,23945,503.0,0,0,0,,,,,,,,26.178,0.0,2.827,29.005,14
GM0352,2018,Wijk bij Duurstede,Utrecht,50.42,51.989225,5.325261,23945,503.0,0,0,0,,,,,,,,26.178,0.0,2.827,29.005,14
GM0352,2019,Wijk bij Duurstede,Utrecht,50.42,51.989225,5.325261,23945,503.0,0,0,0,,,,,,,,26.178,0.0,2.827,29.005,14
GM0352,2020,Wijk bij Duurstede,Utrecht,50.42,51.989225,5.325261,23945,503.0,0,0,0,,,,,,,,26.178,0.0,2.827,29.005,14
GM0352,2021,Wijk bij Duurstede,Utrecht,50.42,51.989225,5.325261,23945,503.0,0,0,0,,,,,,,,26.178,0.0,2.827,29.005,14
GM0352,2022,Wijk bij Duurstede,Utrecht,50.42,51.989225,5.325261,23945,503.0,15,0,0,,,,,,,,26.178,0.0,2.827,29.005,14
GM0352,2023,Wijk bij Duurstede,Utrecht,50.42,51.989225,5.325261,23945,503.0,16,0,0,,,,,,,,26.178,0.0,2.827,29.005,14
GM0352,2024,Wijk bij Duurstede,Utrecht,50.42,51.989225,5.325261,23945,503.0,15,0,0,,,,,,,,26.178,0.0,2.827,29.005,14
GM0353,2015,IJsselstein,Utrecht,21.7,52.027657,5.028882,33421,1591.0,0,0,0,,,,,,,,36.727,0.0,3.605,40.332,10
GM0353,2016,IJsselstein,Utrecht,21.7,52.027657,5.028882,33421,1591.0,0,0,0,,,,,,,,36.727,0.0,3.605,40.332,10
GM0353,2017,IJsselstein,Utrecht,21.7,52.027657,5.028882,33421,1591.0,0,0,0,,,,,,,,36.727,0.0,3.605,40.332,10
GM0353,2018,IJsselstein,Utrecht,21.7,52.027657,5.028882,33421,1591.0,0,0,0,,,,,,,,36.727,0.0,3.605,40.332,10
GM0353,2019,IJsselstein,Utrecht,21.7,52.027657,5.028882,33421,1591.0,0,0,0,,,,,,,,36.727,0.0,3.605,40.332,10
GM0353,2020,IJsselstein,Utrecht,21.7,52.027657,5.028882,33421,1591.0,0,0,0,,,,,,,,36.727,0.0,3.605,40.332,10
GM0353,2021,IJsselstein,Utrecht,21.7,52.027657,5.028882,33421,1591.0,0,0,0,,,,,,,,36.727,0.0,3.605,40.332,10
GM0353,2022,IJsselstein,Utrecht,21.7,52.027657,5.028882,33421,1591.0,18,0,0,,,,,,,,36.727,0.0,3.605,40.332,10
GM0353,2023,IJsselstein,Utrecht,21.7,52.027657,5.028882,33421,1591.0,22,1,0,,,,,,,,36.727,0.0,3.605,40.332,10
GM0353,2024,IJsselstein,Utrecht,21.7,52.027657,5.028882,33421,1591.0,26,1,0,,,,,,,,36.727,0.0,3.605,40.332,10
GM0355,2015,Zeist,Utrecht,48.61,52.101965,5.255252,66641,1374.0,0,0,0,,,,,,,,117.336,0.661,4.459,122.457,9
GM0355,2016,Zeist,Utrecht,48.61,52.101965,5.255252,66641,1374.0,0,0,0,,,,,,,,117.336,0.661,4.459,122.457,9
GM0355,2017,Zeist,Utrecht,48.61,52.101965,5.255252,66641,1374.0,0,0,0,,,,,,,,117.336,0.661,4.459,122.457,9
GM0355,2018,Zeist,Utrecht,48.61,52.101965,5.255252,66641,1374.0,0,0,0,,,,,,,,117.336,0.661,4.459,122.457,9
GM0355,2019,Zeist,Utrecht,48.61,52.101965,5.255252,66641,1374.0,0,0,0,,,,,,,,117.336,0.661,4.459,122.457,9
GM0355,2020,Zeist,Utrecht,48.61,52.101965,5.255252,66641,1374.0,0,0,0,,,,,,,,117.336,0.661,4.459,122.457,9
GM0355,2021,Zeist,Utrecht,48.61,52.101965,5.255252,66641,1374.0,0,0,0,,,,,,,,117.336,0.661,4.459,122.457,9
GM0355,2022,Zeist,Utrecht,48.61,52.101965,5.255252,66641,1374.0,55,1,0,,,,,,,,117.336,0.661,4.459,122.457,9
GM0355,2023,Zeist,Utrecht,48.61,52.101965,5.255252,66641,1374.0,58,0,0,,,,,,,,117.336,0.661,4.459,122.457,9
GM0355,2024,Zeist,Utrecht,48.61,52.101965,5.255252,66641,1374.0,49,0,0,,,,,,,,117.336,0.661,4.459,122.457,9
GM0356,2015,Nieuwegein,Utrecht,25.68,52.030803,5.094668,65971,2817.0,0,0,0,,,,,,,,88.063,0.106,14.777,102.946,83
GM0356,2016,Nieuwegein,Utrecht,25.68,52.030803,5.094668,65971,2817.0,0,0,0,,,,,,,,88.063,0.106,14.777,102.946,83
GM0356,2017,Nieuwegein,Utrecht,25.68,52.030803,5.094668,65971,2817.0,0,0,0,,,,,,,,88.063,0.106,14.777,102.946,83
GM0356,2018,Nieuwegein,Utrecht,25.68,52.030803,5.094668,65971,2817.0,0,0,0,,,,,,,,88.063,0.106,14.777,102.946,83
GM0356,2019,Nieuwegein,Utrecht,25.68,52.030803,5.094668,65971,2817.0,0,0,0,,,,,,,,88.063,0.106,14.777,102.946,83
GM0356,2020,Nieuwegein,Utrecht,25.68,52.030803,5.094668,65971,2817.0,0,0,0,,,,,,,,88.063,0.106,14.777,102.946,83
GM0356,2021,Nieuwegein,Utrecht,25.68,52.030803,5.094668,65971,2817.0,0,0,0,,,,,,,,88.063,0.106,14.777,102.946,83
GM0356,2022,Nieuwegein,Utrecht,25.68,52.030803,5.094668,65971,2817.0,53,3,0,,,,,,,,88.063,0.106,14.777,102.946,83
GM0356,2023,Nieuwegein,Utrecht,25.68,52.030803,5.094668,65971,2817.0,61,0,0,,,,,,,,88.063,0.106,14.777,102.946,83
GM0356,2024,Nieuwegein,Utrecht,25.68,52.030803,5.094668,65971,2817.0,62,0,0,,,,,,,,88.063,0.106,14.777,102.946,83
GM0358,2015,Aalsmeer,Noord-Holland,32.35,52.257743,4.755072,33279,1656.0,0,0,0,,,,,,,,112.067,0.0,28.339,140.406,6
GM0358,2016,Aalsmeer,Noord-Holland,32.35,52.257743,4.755072,33279,1656.0,0,0,0,,,,,,,,112.067,0.0,28.339,140.406,6
GM0358,2017,Aalsmeer,Noord-Holland,32.35,52.257743,4.755072,33279,1656.0,0,0,0,,,,,,,,112.067,0.0,28.339,140.406,6
GM0358,2018,Aalsmeer,Noord-Holland,32.35,52.257743,4.755072,33279,1656.0,0,0,0,,,,,,,,112.067,0.0,28.339,140.406,6
GM0358,2019,Aalsmeer,Noord-Holland,32.35,52.257743,4.755072,33279,1656.0,0,0,0,,,,,,,,112.067,0.0,28.339,140.406,6
GM0358,2020,Aalsmeer,Noord-Holland,32.35,52.257743,4.755072,33279,1656.0,0,0,0,,,,,,,,112.067,0.0,28.339,140.406,6
GM0358,2021,Aalsmeer,Noord-Holland,32.35,52.257743,4.755072,33279,1656.0,0,0,0,,,,,,,,112.067,0.0,28.339,140.406,6
GM0358,2022,Aalsmeer,Noord-Holland,32.35,52.257743,4.755072,33279,1656.0,40,1,0,,,,,,,,112.067,0.0,28.339,140.406,6
GM0358,2023,Aalsmeer,Noord-Holland,32.35,52.257743,4.755072,33279,1656.0,36,0,0,,,,,,,,112.067,0.0,28.339,140.406,6
GM0358,2024,Aalsmeer,Noord-Holland,32.35,52.257743,4.755072,33279,1656.0,44,0,0,,,,,,,,112.067,0.0,28.339,140.406,6
GM0361,2015,Alkmaar,Noord-Holland,117.33,52.601808,4.803304,112304,1018.0,0,0,0,,,,,,,,123.155,0.0,44.325,167.479,24
GM0361,2016,Alkmaar,Noord-Holland,117.33,52.601808,4.803304,112304,1018.0,0,0,0,,,,,,,,123.155,0.0,44.325,167.479,24
GM0361,2017,Alkmaar,Noord-Holland,117.33,52.601808,4.803304,112304,1018.0,0,0,0,,,,,,,,123.155,0.0,44.325,167.479,24
GM0361,2018,Alkmaar,Noord-Holland,117.33,52.601808,4.803304,112304,1018.0,0,0,0,,,,,,,,123.155,0.0,44.325,167.479,24
GM0361,2019,Alkmaar,Noord-Holland,117.33,52.601808,4.803304,112304,1018.0,0,0,0,,,,,,,,123.155,0.0,44.325,167.479,24
GM0361,2020,Alkmaar,Noord-Holland,117.33,52.601808,4.803304,112304,1018.0,0,0,0,,,,,,,,123.155,0.0,44.325,167.479,24
GM0361,2021,Alkmaar,Noord-Holland,117.33,52.601808,4.803304,112304,1018.0,0,0,0,,,,,,,,123.155,0.0,44.325,167.479,24
GM0361,2022,Alkmaar,Noord-Holland,117.33,52.601808,4.803304,112304,1018.0,190,2,0,,,,,,,,123.155,0.0,44.325,167.479,24
GM0361,2023,Alkmaar,Noord-Holland,117.33,52.601808,4.803304,112304,1018.0,189,3,0,,,,,,,,123.155,0.0,44.325,167.479,24
GM0361,2024,Alkmaar,Noord-Holland,117.33,52.601808,4.803304,112304,1018.0,211,2,0,,,,,,,,123.155,0.0,44.325,167.479,24
GM0362,2015,Amstelveen,Noord-Holland,44.05,52.289273,4.851497,95014,2311.0,0,0,0,10.97,7.06,14.7,80.65,1017.03,885.1,1889.2,333.274,0.144,31.979,365.397,69
GM0362,2016,Amstelveen,Noord-Holland,44.05,52.289273,4.851497,95014,2311.0,0,0,0,10.92,7.02,14.63,81.23,1015.79,862.6,1910.9,333.274,0.144,31.979,365.397,69
GM0362,2017,Amstelveen,Noord-Holland,44.05,52.289273,4.851497,95014,2311.0,0,0,0,11.12,7.18,14.79,80.24,1015.82,935.7,1773.2,333.274,0.144,31.979,365.397,69
GM0362,2018,Amstelveen,Noord-Holland,44.05,52.289273,4.851497,95014,2311.0,0,0,0,11.51,7.36,15.52,77.81,1015.21,559.2,2071.5,333.274,0.144,31.979,365.397,69
GM0362,2019,Amstelveen,Noord-Holland,44.05,52.289273,4.851497,95014,2311.0,0,0,0,11.32,7.24,15.23,78.95,1014.14,861.1,1977.0,333.274,0.144,31.979,365.397,69
GM0362,2020,Amstelveen,Noord-Holland,44.05,52.289273,4.851497,95014,2311.0,0,0,0,11.81,7.76,15.6,77.3,1014.69,869.6,2015.1,333.274,0.144,31.979,365.397,69
GM0362,2021,Amstelveen,Noord-Holland,44.05,52.289273,4.851497,95014,2311.0,0,0,0,10.61,6.72,14.3,80.72,1015.81,860.8,1771.3,333.274,0.144,31.979,365.397,69
GM0362,2022,Amstelveen,Noord-Holland,44.05,52.289273,4.851497,95014,2311.0,90,0,0,11.86,7.58,15.74,76.75,1016.84,819.3,2246.9,333.274,0.144,31.979,365.397,69
GM0362,2023,Amstelveen,Noord-Holland,44.05,52.289273,4.851497,95014,2311.0,81,1,0,11.98,8.34,15.41,80.39,1013.81,1094.1,1896.0,333.274,0.144,31.979,365.397,69
GM0362,2024,Amstelveen,Noord-Holland,44.05,52.289273,4.851497,95014,2311.0,85,0,0,11.97,8.36,15.43,81.74,1014.12,1047.1,1757.8,333.274,0.144,31.979,365.397,69
GM0363,2015,Amsterdam,Noord-Holland,220.83,52.365041,4.908512,931298,4950.0,0,0,0,,,,,,,,1176.07,3.311,75.087,1254.468,2166
GM0363,2016,Amsterdam,Noord-Holland,220.83,52.365041,4.908512,931298,4950.0,0,0,0,,,,,,,,1176.07,3.311,75.087,1254.468,2166
GM0363,2017,Amsterdam,Noord-Holland,220.83,52.365041,4.908512,931298,4950.0,0,0,0,,,,,,,,1176.07,3.311,75.087,1254.468,2166
GM0363,2018,Amsterdam,Noord-Holland,220.83,52.365041,4.908512,931298,4950.0,0,0,0,,,,,,,,1176.07,3.311,75.087,1254.468,2166
GM0363,2019,Amsterdam,Noord-Holland,220.83,52.365041,4.908512,931298,4950.0,0,0,0,,,,,,,,1176.07,3.311,75.087,1254.468,2166
GM0363,2020,Amsterdam,Noord-Holland,220.83,52.365041,4.908512,931298,4950.0,0,0,0,,,,,,,,1176.07,3.311,75.087,1254.468,2166
GM0363,2021,Amsterdam,Noord-Holland,220.83,52.365041,4.908512,931298,4950.0,0,0,0,,,,,,,,1176.07,3.311,75.087,1254.468,2166
GM0363,2022,Amsterdam,Noord-Holland,220.83,52.365041,4.908512,931298,4950.0,1370,3,0,,,,,,,,1176.07,3.311,75.087,1254.468,2166
GM0363,2023,Amsterdam,Noord-Holland,220.83,52.365041,4.908512,931298,4950.0,1287,5,0,,,,,,,,1176.07,3.311,75.087,1254.468,2166
GM0363,2024,Amsterdam,Noord-Holland,220.83,52.365041,4.908512,931298,4950.0,1324,9,0,,,,,,,,1176.07,3.311,75.087,1254.468,2166
GM0373,2015,Bergen (NH.),Noord-Holland,99.79,52.663461,4.669911,29932,302.0,0,0,0,,,,,,,,105.615,0.107,3.823,109.546,43
GM0373,2016,Bergen (NH.),Noord-Holland,99.79,52.663461,4.669911,29932,302.0,0,0,0,,,,,,,,105.615,0.107,3.823,109.546,43
GM0373,2017,Bergen (NH.),Noord-Holland,99.79,52.663461,4.669911,29932,302.0,0,0,0,,,,,,,,105.615,0.107,3.823,109.546,43
GM0373,2018,Bergen (NH.),Noord-Holland,99.79,52.663461,4.669911,29932,302.0,0,0,0,,,,,,,,105.615,0.107,3.823,109.546,43
GM0373,2019,Bergen (NH.),Noord-Holland,99.79,52.663461,4.669911,29932,302.0,0,0,0,,,,,,,,105.615,0.107,3.823,109.546,43
GM0373,2020,Bergen (NH.),Noord-Holland,99.79,52.663461,4.669911,29932,302.0,0,0,0,,,,,,,,105.615,0.107,3.823,109.546,43
GM0373,2021,Bergen (NH.),Noord-Holland,99.79,52.663461,4.669911,29932,302.0,0,0,0,,,,,,,,105.615,0.107,3.823,109.546,43
GM0373,2022,Bergen (NH.),Noord-Holland,99.79,52.663461,4.669911,29932,302.0,0,0,0,,,,,,,,105.615,0.107,3.823,109.546,43
GM0373,2023,Bergen (NH.),Noord-Holland,99.79,52.663461,4.669911,29932,302.0,0,0,0,,,,,,,,105.615,0.107,3.823,109.546,43
GM0373,2024,Bergen (NH.),Noord-Holland,99.79,52.663461,4.669911,29932,302.0,0,0,0,,,,,,,,105.615,0.107,3.823,109.546,43
GM0375,2015,Beverwijk,Noord-Holland,18.92,52.484081,4.653663,42866,2336.0,0,0,0,,,,,,,,62.225,0.0,9.891,72.116,5
GM0375,2016,Beverwijk,Noord-Holland,18.92,52.484081,4.653663,42866,2336.0,0,0,0,,,,,,,,62.225,0.0,9.891,72.116,5
GM0375,2017,Beverwijk,Noord-Holland,18.92,52.484081,4.653663,42866,2336.0,0,0,0,,,,,,,,62.225,0.0,9.891,72.116,5
GM0375,2018,Beverwijk,Noord-Holland,18.92,52.484081,4.653663,42866,2336.0,0,0,0,,,,,,,,62.225,0.0,9.891,72.116,5
GM0375,2019,Beverwijk,Noord-Holland,18.92,52.484081,4.653663,42866,2336.0,0,0,0,,,,,,,,62.225,0.0,9.891,72.116,5
GM0375,2020,Beverwijk,Noord-Holland,18.92,52.484081,4.653663,42866,2336.0,0,0,0,,,,,,,,62.225,0.0,9.891,72.116,5
GM0375,2021,Beverwijk,Noord-Holland,18.92,52.484081,4.653663,42866,2336.0,0,0,0,,,,,,,,62.225,0.0,9.891,72.116,5
GM0375,2022,Beverwijk,Noord-Holland,18.92,52.484081,4.653663,42866,2336.0,62,1,0,,,,,,,,62.225,0.0,9.891,72.116,5
GM0375,2023,Beverwijk,Noord-Holland,18.92,52.484081,4.653663,42866,2336.0,72,1,0,,,,,,,,62.225,0.0,9.891,72.116,5
GM0375,2024,Beverwijk,Noord-Holland,18.92,52.484081,4.653663,42866,2336.0,69,1,0,,,,,,,,62.225,0.0,9.891,72.116,5
GM0376,2015,Blaricum,Noord-Holland,11.28,52.279598,5.260123,12724,1149.0,0,0,0,,,,,,,,89.329,0.0,0.0,89.329,6
GM0376,2016,Blaricum,Noord-Holland,11.28,52.279598,5.260123,12724,1149.0,0,0,0,,,,,,,,89.329,0.0,0.0,89.329,6
GM0376,2017,Blaricum,Noord-Holland,11.28,52.279598,5.260123,12724,1149.0,0,0,0,,,,,,,,89.329,0.0,0.0,89.329,6
GM0376,2018,Blaricum,Noord-Holland,11.28,52.279598,5.260123,12724,1149.0,0,0,0,,,,,,,,89.329,0.0,0.0,89.329,6
GM0376,2019,Blaricum,Noord-Holland,11.28,52.279598,5.260123,12724,1149.0,0,0,0,,,,,,,,89.329,0.0,0.0,89.329,6
GM0376,2020,Blaricum,Noord-Holland,11.28,52.279598,5.260123,12724,1149.0,0,0,0,,,,,,,,89.329,0.0,0.0,89.329,6
GM0376,2021,Blaricum,Noord-Holland,11.28,52.279598,5.260123,12724,1149.0,0,0,0,,,,,,,,89.329,0.0,0.0,89.329,6
GM0376,2022,Blaricum,Noord-Holland,11.28,52.279598,5.260123,12724,1149.0,13,0,0,,,,,,,,89.329,0.0,0.0,89.329,6
GM0376,2023,Blaricum,Noord-Holland,11.28,52.279598,5.260123,12724,1149.0,14,0,0,,,,,,,,89.329,0.0,0.0,89.329,6
GM0376,2024,Blaricum,Noord-Holland,11.28,52.279598,5.260123,12724,1149.0,8,0,0,,,,,,,,89.329,0.0,0.0,89.329,6
GM0377,2015,Bloemendaal,Noord-Holland,40.69,52.38195,4.585797,23786,598.0,0,0,0,,,,,,,,78.046,0.0,5.85,83.897,22
GM0377,2016,Bloemendaal,Noord-Holland,40.69,52.38195,4.585797,23786,598.0,0,0,0,,,,,,,,78.046,0.0,5.85,83.897,22
GM0377,2017,Bloemendaal,Noord-Holland,40.69,52.38195,4.585797,23786,598.0,0,0,0,,,,,,,,78.046,0.0,5.85,83.897,22
GM0377,2018,Bloemendaal,Noord-Holland,40.69,52.38195,4.585797,23786,598.0,0,0,0,,,,,,,,78.046,0.0,5.85,83.897,22
GM0377,2019,Bloemendaal,Noord-Holland,40.69,52.38195,4.585797,23786,598.0,0,0,0,,,,,,,,78.046,0.0,5.85,83.897,22
GM0377,2020,Bloemendaal,Noord-Holland,40.69,52.38195,4.585797,23786,598.0,0,0,0,,,,,,,,78.046,0.0,5.85,83.897,22
GM0377,2021,Bloemendaal,Noord-Holland,40.69,52.38195,4.585797,23786,598.0,0,0,0,,,,,,,,78.046,0.0,5.85,83.897,22
GM0377,2022,Bloemendaal,Noord-Holland,40.69,52.38195,4.585797,23786,598.0,44,0,0,,,,,,,,78.046,0.0,5.85,83.897,22
GM0377,2023,Bloemendaal,Noord-Holland,40.69,52.38195,4.585797,23786,598.0,44,1,0,,,,,,,,78.046,0.0,5.85,83.897,22
GM0377,2024,Bloemendaal,Noord-Holland,40.69,52.38195,4.585797,23786,598.0,47,1,0,,,,,,,,78.046,0.0,5.85,83.897,22
GM0383,2015,Castricum,Noord-Holland,55.24,52.556969,4.682916,36366,733.0,0,0,0,,,,,,,,71.288,0.0,3.306,74.594,11
GM0383,2016,Castricum,Noord-Holland,55.24,52.556969,4.682916,36366,733.0,0,0,0,,,,,,,,71.288,0.0,3.306,74.594,11
GM0383,2017,Castricum,Noord-Holland,55.24,52.556969,4.682916,36366,733.0,0,0,0,,,,,,,,71.288,0.0,3.306,74.594,11
GM0383,2018,Castricum,Noord-Holland,55.24,52.556969,4.682916,36366,733.0,0,0,0,,,,,,,,71.288,0.0,3.306,74.594,11
GM0383,2019,Castricum,Noord-Holland,55.24,52.556969,4.682916,36366,733.0,0,0,0,,,,,,,,71.288,0.0,3.306,74.594,11
GM0383,2020,Castricum,Noord-Holland,55.24,52.556969,4.682916,36366,733.0,0,0,0,,,,,,,,71.288,0.0,3.306,74.594,11
GM0383,2021,Castricum,Noord-Holland,55.24,52.556969,4.682916,36366,733.0,0,0,0,,,,,,,,71.288,0.0,3.306,74.594,11
GM0383,2022,Castricum,Noord-Holland,55.24,52.556969,4.682916,36366,733.0,38,0,0,,,,,,,,71.288,0.0,3.306,74.594,11
GM0383,2023,Castricum,Noord-Holland,55.24,52.556969,4.682916,36366,733.0,55,0,0,,,,,,,,71.288,0.0,3.306,74.594,11
GM0383,2024,Castricum,Noord-Holland,55.24,52.556969,4.682916,36366,733.0,56,0,0,,,,,,,,71.288,0.0,3.306,74.594,11
GM0384,2015,Diemen,Noord-Holland,12.92,52.336448,4.986924,32977,2760.0,0,0,0,,,,,,,,91.74,0.001,1.929,93.671,82
GM0384,2016,Diemen,Noord-Holland,12.92,52.336448,4.986924,32977,2760.0,0,0,0,,,,,,,,91.74,0.001,1.929,93.671,82
GM0384,2017,Diemen,Noord-Holland,12.92,52.336448,4.986924,32977,2760.0,0,0,0,,,,,,,,91.74,0.001,1.929,93.671,82
GM0384,2018,Diemen,Noord-Holland,12.92,52.336448,4.986924,32977,2760.0,0,0,0,,,,,,,,91.74,0.001,1.929,93.671,82
GM0384,2019,Diemen,Noord-Holland,12.92,52.336448,4.986924,32977,2760.0,0,0,0,,,,,,,,91.74,0.001,1.929,93.671,82
GM0384,2020,Diemen,Noord-Holland,12.92,52.336448,4.986924,32977,2760.0,0,0,0,,,,,,,,91.74,0.001,1.929,93.671,82
GM0384,2021,Diemen,Noord-Holland,12.92,52.336448,4.986924,32977,2760.0,0,0,0,,,,,,,,91.74,0.001,1.929,93.671,82
GM0384,2022,Diemen,Noord-Holland,12.92,52.336448,4.986924,32977,2760.0,18,0,0,,,,,,,,91.74,0.001,1.929,93.671,82
GM0384,2023,Diemen,Noord-Holland,12.92,52.336448,4.986924,32977,2760.0,19,0,0,,,,,,,,91.74,0.001,1.929,93.671,82
GM0384,2024,Diemen,Noord-Holland,12.92,52.336448,4.986924,32977,2760.0,28,0,0,,,,,,,,91.74,0.001,1.929,93.671,82
GM0385,2015,Edam-Volendam,Noord-Holland,57.3,52.541356,5.018976,36917,680.0,0,0,0,,,,,,,,56.317,0.065,10.634,67.017,5
GM0385,2016,Edam-Volendam,Noord-Holland,57.3,52.541356,5.018976,36917,680.0,0,0,0,,,,,,,,56.317,0.065,10.634,67.017,5
GM0385,2017,Edam-Volendam,Noord-Holland,57.3,52.541356,5.018976,36917,680.0,0,0,0,,,,,,,,56.317,0.065,10.634,67.017,5
GM0385,2018,Edam-Volendam,Noord-Holland,57.3,52.541356,5.018976,36917,680.0,0,0,0,,,,,,,,56.317,0.065,10.634,67.017,5
GM0385,2019,Edam-Volendam,Noord-Holland,57.3,52.541356,5.018976,36917,680.0,0,0,0,,,,,,,,56.317,0.065,10.634,67.017,5
GM0385,2020,Edam-Volendam,Noord-Holland,57.3,52.541356,5.018976,36917,680.0,0,0,0,,,,,,,,56.317,0.065,10.634,67.017,5
GM0385,2021,Edam-Volendam,Noord-Holland,57.3,52.541356,5.018976,36917,680.0,0,0,0,,,,,,,,56.317,0.065,10.634,67.017,5
GM0385,2022,Edam-Volendam,Noord-Holland,57.3,52.541356,5.018976,36917,680.0,21,1,0,,,,,,,,56.317,0.065,10.634,67.017,5
GM0385,2023,Edam-Volendam,Noord-Holland,57.3,52.541356,5.018976,36917,680.0,16,2,0,,,,,,,,56.317,0.065,10.634,67.017,5
GM0385,2024,Edam-Volendam,Noord-Holland,57.3,52.541356,5.018976,36917,680.0,25,0,0,,,,,,,,56.317,0.065,10.634,67.017,5
GM0388,2015,Enkhuizen,Noord-Holland,13.81,52.720783,5.270708,18895,1492.0,0,0,0,,,,,,,,43.798,0.0,7.487,51.285,10
GM0388,2016,Enkhuizen,Noord-Holland,13.81,52.720783,5.270708,18895,1492.0,0,0,0,,,,,,,,43.798,0.0,7.487,51.285,10
GM0388,2017,Enkhuizen,Noord-Holland,13.81,52.720783,5.270708,18895,1492.0,0,0,0,,,,,,,,43.798,0.0,7.487,51.285,10
GM0388,2018,Enkhuizen,Noord-Holland,13.81,52.720783,5.270708,18895,1492.0,0,0,0,,,,,,,,43.798,0.0,7.487,51.285,10
GM0388,2019,Enkhuizen,Noord-Holland,13.81,52.720783,5.270708,18895,1492.0,0,0,0,,,,,,,,43.798,0.0,7.487,51.285,10
GM0388,2020,Enkhuizen,Noord-Holland,13.81,52.720783,5.270708,18895,1492.0,0,0,0,,,,,,,,43.798,0.0,7.487,51.285,10
GM0388,2021,Enkhuizen,Noord-Holland,13.81,52.720783,5.270708,18895,1492.0,0,0,0,,,,,,,,43.798,0.0,7.487,51.285,10
GM0388,2022,Enkhuizen,Noord-Holland,13.81,52.720783,5.270708,18895,1492.0,20,0,0,,,,,,,,43.798,0.0,7.487,51.285,10
GM0388,2023,Enkhuizen,Noord-Holland,13.81,52.720783,5.270708,18895,1492.0,17,0,0,,,,,,,,43.798,0.0,7.487,51.285,10
GM0388,2024,Enkhuizen,Noord-Holland,13.81,52.720783,5.270708,18895,1492.0,16,0,0,,,,,,,,43.798,0.0,7.487,51.285,10
GM0392,2015,Haarlem,Noord-Holland,32.06,52.383426,4.647572,167636,5739.0,0,0,0,,,,,,,,137.136,0.267,24.484,161.888,173
GM0392,2016,Haarlem,Noord-Holland,32.06,52.383426,4.647572,167636,5739.0,0,0,0,,,,,,,,137.136,0.267,24.484,161.888,173
GM0392,2017,Haarlem,Noord-Holland,32.06,52.383426,4.647572,167636,5739.0,0,0,0,,,,,,,,137.136,0.267,24.484,161.888,173
GM0392,2018,Haarlem,Noord-Holland,32.06,52.383426,4.647572,167636,5739.0,0,0,0,,,,,,,,137.136,0.267,24.484,161.888,173
GM0392,2019,Haarlem,Noord-Holland,32.06,52.383426,4.647572,167636,5739.0,0,0,0,,,,,,,,137.136,0.267,24.484,161.888,173
GM0392,2020,Haarlem,Noord-Holland,32.06,52.383426,4.647572,167636,5739.0,0,0,0,,,,,,,,137.136,0.267,24.484,161.888,173
GM0392,2021,Haarlem,Noord-Holland,32.06,52.383426,4.647572,167636,5739.0,0,0,0,,,,,,,,137.136,0.267,24.484,161.888,173
GM0392,2022,Haarlem,Noord-Holland,32.06,52.383426,4.647572,167636,5739.0,255,2,0,,,,,,,,137.136,0.267,24.484,161.888,173
GM0392,2023,Haarlem,Noord-Holland,32.06,52.383426,4.647572,167636,5739.0,300,0,0,,,,,,,,137.136,0.267,24.484,161.888,173
GM0392,2024,Haarlem,Noord-Holland,32.06,52.383426,4.647572,167636,5739.0,290,0,0,,,,,,,,137.136,0.267,24.484,161.888,173
GM0394,2015,Haarlemmermeer,Noord-Holland,206.23,52.308099,4.686459,163128,827.0,0,0,0,,,,,,,,548.25,0.069,108.31,656.629,480
GM0394,2016,Haarlemmermeer,Noord-Holland,206.23,52.308099,4.686459,163128,827.0,0,0,0,,,,,,,,548.25,0.069,108.31,656.629,480
GM0394,2017,Haarlemmermeer,Noord-Holland,206.23,52.308099,4.686459,163128,827.0,0,0,0,,,,,,,,548.25,0.069,108.31,656.629,480
GM0394,2018,Haarlemmermeer,Noord-Holland,206.23,52.308099,4.686459,163128,827.0,0,0,0,,,,,,,,548.25,0.069,108.31,656.629,480
GM0394,2019,Haarlemmermeer,Noord-Holland,206.23,52.308099,4.686459,163128,827.0,0,0,0,,,,,,,,548.25,0.069,108.31,656.629,480
GM0394,2020,Haarlemmermeer,Noord-Holland,206.23,52.308099,4.686459,163128,827.0,0,0,0,,,,,,,,548.25,0.069,108.31,656.629,480
GM0394,2021,Haarlemmermeer,Noord-Holland,206.23,52.308099,4.686459,163128,827.0,0,0,0,,,,,,,,548.25,0.069,108.31,656.629,480
GM0394,2022,Haarlemmermeer,Noord-Holland,206.23,52.308099,4.686459,163128,827.0,152,1,0,,,,,,,,548.25,0.069,108.31,656.629,480
GM0394,2023,Haarlemmermeer,Noord-Holland,206.23,52.308099,4.686459,163128,827.0,160,3,0,,,,,,,,548.25,0.069,108.31,656.629,480
GM0394,2024,Haarlemmermeer,Noord-Holland,206.23,52.308099,4.686459,163128,827.0,197,0,0,,,,,,,,548.25,0.069,108.31,656.629,480
GM0396,2015,Heemskerk,Noord-Holland,27.77,52.511937,4.648182,39452,1447.0,0,0,0,,,,,,,,42.351,0.0,9.067,51.418,14
GM0396,2016,Heemskerk,Noord-Holland,27.77,52.511937,4.648182,39452,1447.0,0,0,0,,,,,,,,42.351,0.0,9.067,51.418,14
GM0396,2017,Heemskerk,Noord-Holland,27.77,52.511937,4.648182,39452,1447.0,0,0,0,,,,,,,,42.351,0.0,9.067,51.418,14
GM0396,2018,Heemskerk,Noord-Holland,27.77,52.511937,4.648182,39452,1447.0,0,0,0,,,,,,,,42.351,0.0,9.067,51.418,14
GM0396,2019,Heemskerk,Noord-Holland,27.77,52.511937,4.648182,39452,1447.0,0,0,0,,,,,,,,42.351,0.0,9.067,51.418,14
GM0396,2020,Heemskerk,Noord-Holland,27.77,52.511937,4.648182,39452,1447.0,0,0,0,,,,,,,,42.351,0.0,9.067,51.418,14
GM0396,2021,Heemskerk,Noord-Holland,27.77,52.511937,4.648182,39452,1447.0,0,0,0,,,,,,,,42.351,0.0,9.067,51.418,14
GM0396,2022,Heemskerk,Noord-Holland,27.77,52.511937,4.648182,39452,1447.0,62,1,0,,,,,,,,42.351,0.0,9.067,51.418,14
GM0396,2023,Heemskerk,Noord-Holland,27.77,52.511937,4.648182,39452,1447.0,50,1,0,,,,,,,,42.351,0.0,9.067,51.418,14
GM0396,2024,Heemskerk,Noord-Holland,27.77,52.511937,4.648182,39452,1447.0,59,0,0,,,,,,,,42.351,0.0,9.067,51.418,14
GM0397,2015,Heemstede,Noord-Holland,9.65,52.344765,4.615428,27593,3008.0,0,0,0,,,,,,,,32.961,0.0,7.954,40.915,18
GM0397,2016,Heemstede,Noord-Holland,9.65,52.344765,4.615428,27593,3008.0,0,0,0,,,,,,,,32.961,0.0,7.954,40.915,18
GM0397,2017,Heemstede,Noord-Holland,9.65,52.344765,4.615428,27593,3008.0,0,0,0,,,,,,,,32.961,0.0,7.954,40.915,18
GM0397,2018,Heemstede,Noord-Holland,9.65,52.344765,4.615428,27593,3008.0,0,0,0,,,,,,,,32.961,0.0,7.954,40.915,18
GM0397,2019,Heemstede,Noord-Holland,9.65,52.344765,4.615428,27593,3008.0,0,0,0,,,,,,,,32.961,0.0,7.954,40.915,18
GM0397,2020,Heemstede,Noord-Holland,9.65,52.344765,4.615428,27593,3008.0,0,0,0,,,,,,,,32.961,0.0,7.954,40.915,18
GM0397,2021,Heemstede,Noord-Holland,9.65,52.344765,4.615428,27593,3008.0,0,0,0,,,,,,,,32.961,0.0,7.954,40.915,18
GM0397,2022,Heemstede,Noord-Holland,9.65,52.344765,4.615428,27593,3008.0,55,2,0,,,,,,,,32.961,0.0,7.954,40.915,18
GM0397,2023,Heemstede,Noord-Holland,9.65,52.344765,4.615428,27593,3008.0,48,0,0,,,,,,,,32.961,0.0,7.954,40.915,18
GM0397,2024,Heemstede,Noord-Holland,9.65,52.344765,4.615428,27593,3008.0,37,0,0,,,,,,,,32.961,0.0,7.954,40.915,18
GM0399,2015,Heiloo,Noord-Holland,19.04,52.599862,4.708518,24312,1300.0,0,0,0,,,,,,,,48.435,0.0,4.827,53.262,3
GM0399,2016,Heiloo,Noord-Holland,19.04,52.599862,4.708518,24312,1300.0,0,0,0,,,,,,,,48.435,0.0,4.827,53.262,3
GM0399,2017,Heiloo,Noord-Holland,19.04,52.599862,4.708518,24312,1300.0,0,0,0,,,,,,,,48.435,0.0,4.827,53.262,3
GM0399,2018,Heiloo,Noord-Holland,19.04,52.599862,4.708518,24312,1300.0,0,0,0,,,,,,,,48.435,0.0,4.827,53.262,3
GM0399,2019,Heiloo,Noord-Holland,19.04,52.599862,4.708518,24312,1300.0,0,0,0,,,,,,,,48.435,0.0,4.827,53.262,3
GM0399,2020,Heiloo,Noord-Holland,19.04,52.599862,4.708518,24312,1300.0,0,0,0,,,,,,,,48.435,0.0,4.827,53.262,3
GM0399,2021,Heiloo,Noord-Holland,19.04,52.599862,4.708518,24312,1300.0,0,0,0,,,,,,,,48.435,0.0,4.827,53.262,3
GM0399,2022,Heiloo,Noord-Holland,19.04,52.599862,4.708518,24312,1300.0,25,1,0,,,,,,,,48.435,0.0,4.827,53.262,3
GM0399,2023,Heiloo,Noord-Holland,19.04,52.599862,4.708518,24312,1300.0,39,0,0,,,,,,,,48.435,0.0,4.827,53.262,3
GM0399,2024,Heiloo,Noord-Holland,19.04,52.599862,4.708518,24312,1300.0,21,0,0,,,,,,,,48.435,0.0,4.827,53.262,3
GM0400,2015,Den Helder,Noord-Holland,47.35,52.92261,4.75402,56432,1251.0,0,0,0,10.86,7.86,13.6,82.16,1016.42,856.9,1947.3,118.598,0.034,7.212,125.843,60
GM0400,2016,Den Helder,Noord-Holland,47.35,52.92261,4.75402,56432,1251.0,0,0,0,10.9,7.76,13.75,82.5,1015.41,733.2,2046.0,118.598,0.034,7.212,125.843,60
GM0400,2017,Den Helder,Noord-Holland,47.35,52.92261,4.75402,56432,1251.0,0,0,0,11.06,7.88,13.97,80.75,1015.25,847.7,1893.2,118.598,0.034,7.212,125.843,60
GM0400,2018,Den Helder,Noord-Holland,47.35,52.92261,4.75402,56432,1251.0,0,0,0,11.09,7.94,14.15,80.91,1014.99,592.8,2110.7,118.598,0.034,7.212,125.843,60
GM0400,2019,Den Helder,Noord-Holland,47.35,52.92261,4.75402,56432,1251.0,0,0,0,11.2,8.02,14.22,81.33,1013.68,913.9,2054.7,118.598,0.034,7.212,125.843,60
GM0400,2020,Den Helder,Noord-Holland,47.35,52.92261,4.75402,56432,1251.0,0,0,0,11.57,8.4,14.47,79.63,1014.25,955.0,2090.4,118.598,0.034,7.212,125.843,60
GM0400,2021,Den Helder,Noord-Holland,47.35,52.92261,4.75402,56432,1251.0,0,0,0,10.57,7.7,13.28,81.43,1015.48,862.7,1840.7,118.598,0.034,7.212,125.843,60
GM0400,2022,Den Helder,Noord-Holland,47.35,52.92261,4.75402,56432,1251.0,67,1,0,11.64,8.28,14.72,78.31,1016.39,757.6,2402.8,118.598,0.034,7.212,125.843,60
GM0400,2023,Den Helder,Noord-Holland,47.35,52.92261,4.75402,56432,1251.0,61,0,0,11.68,8.77,14.44,80.58,1013.31,1116.9,1954.1,118.598,0.034,7.212,125.843,60
GM0400,2024,Den Helder,Noord-Holland,47.35,52.92261,4.75402,56432,1251.0,56,0,0,11.88,8.86,14.66,81.14,1013.62,995.9,1874.2,118.598,0.034,7.212,125.843,60
GM0402,2015,Hilversum,Noord-Holland,46.38,52.223143,5.167977,94435,2070.0,0,0,0,,,,,,,,437.759,0.0,17.927,455.686,62
GM0402,2016,Hilversum,Noord-Holland,46.38,52.223143,5.167977,94435,2070.0,0,0,0,,,,,,,,437.759,0.0,17.927,455.686,62
GM0402,2017,Hilversum,Noord-Holland,46.38,52.223143,5.167977,94435,2070.0,0,0,0,,,,,,,,437.759,0.0,17.927,455.686,62
GM0402,2018,Hilversum,Noord-Holland,46.38,52.223143,5.167977,94435,2070.0,0,0,0,,,,,,,,437.759,0.0,17.927,455.686,62
GM0402,2019,Hilversum,Noord-Holland,46.38,52.223143,5.167977,94435,2070.0,0,0,0,,,,,,,,437.759,0.0,17.927,455.686,62
GM0402,2020,Hilversum,Noord-Holland,46.38,52.223143,5.167977,94435,2070.0,0,0,0,,,,,,,,437.759,0.0,17.927,455.686,62
GM0402,2021,Hilversum,Noord-Holland,46.38,52.223143,5.167977,94435,2070.0,0,0,0,,,,,,,,437.759,0.0,17.927,455.686,62
GM0402,2022,Hilversum,Noord-Holland,46.38,52.223143,5.167977,94435,2070.0,96,1,0,,,,,,,,437.759,0.0,17.927,455.686,62
GM0402,2023,Hilversum,Noord-Holland,46.38,52.223143,5.167977,94435,2070.0,115,2,0,,,,,,,,437.759,0.0,17.927,455.686,62
GM0402,2024,Hilversum,Noord-Holland,46.38,52.223143,5.167977,94435,2070.0,135,0,0,,,,,,,,437.759,0.0,17.927,455.686,62
GM0405,2015,Hoorn,Noord-Holland,20.96,52.656125,5.070036,75645,3713.0,0,0,0,,,,,,,,146.334,0.0,50.685,197.018,37
GM0405,2016,Hoorn,Noord-Holland,20.96,52.656125,5.070036,75645,3713.0,0,0,0,,,,,,,,146.334,0.0,50.685,197.018,37
GM0405,2017,Hoorn,Noord-Holland,20.96,52.656125,5.070036,75645,3713.0,0,0,0,,,,,,,,146.334,0.0,50.685,197.018,37
GM0405,2018,Hoorn,Noord-Holland,20.96,52.656125,5.070036,75645,3713.0,0,0,0,,,,,,,,146.334,0.0,50.685,197.018,37
GM0405,2019,Hoorn,Noord-Holland,20.96,52.656125,5.070036,75645,3713.0,0,0,0,,,,,,,,146.334,0.0,50.685,197.018,37
GM0405,2020,Hoorn,Noord-Holland,20.96,52.656125,5.070036,75645,3713.0,0,0,0,,,,,,,,146.334,0.0,50.685,197.018,37
GM0405,2021,Hoorn,Noord-Holland,20.96,52.656125,5.070036,75645,3713.0,0,0,0,,,,,,,,146.334,0.0,50.685,197.018,37
GM0405,2022,Hoorn,Noord-Holland,20.96,52.656125,5.070036,75645,3713.0,103,3,0,,,,,,,,146.334,0.0,50.685,197.018,37
GM0405,2023,Hoorn,Noord-Holland,20.96,52.656125,5.070036,75645,3713.0,99,1,0,,,,,,,,146.334,0.0,50.685,197.018,37
GM0405,2024,Hoorn,Noord-Holland,20.96,52.656125,5.070036,75645,3713.0,125,0,0,,,,,,,,146.334,0.0,50.685,197.018,37
GM0406,2015,Huizen,Noord-Holland,15.92,52.292212,5.231773,41193,2605.0,0,0,0,,,,,,,,181.911,0.0,11.711,193.622,75
GM0406,2016,Huizen,Noord-Holland,15.92,52.292212,5.231773,41193,2605.0,0,0,0,,,,,,,,181.911,0.0,11.711,193.622,75
GM0406,2017,Huizen,Noord-Holland,15.92,52.292212,5.231773,41193,2605.0,0,0,0,,,,,,,,181.911,0.0,11.711,193.622,75
GM0406,2018,Huizen,Noord-Holland,15.92,52.292212,5.231773,41193,2605.0,0,0,0,,,,,,,,181.911,0.0,11.711,193.622,75
GM0406,2019,Huizen,Noord-Holland,15.92,52.292212,5.231773,41193,2605.0,0,0,0,,,,,,,,181.911,0.0,11.711,193.622,75
GM0406,2020,Huizen,Noord-Holland,15.92,52.292212,5.231773,41193,2605.0,0,0,0,,,,,,,,181.911,0.0,11.711,193.622,75
GM0406,2021,Huizen,Noord-Holland,15.92,52.292212,5.231773,41193,2605.0,0,0,0,,,,,,,,181.911,0.0,11.711,193.622,75
GM0406,2022,Huizen,Noord-Holland,15.92,52.292212,5.231773,41193,2605.0,22,1,0,,,,,,,,181.911,0.0,11.711,193.622,75
GM0406,2023,Huizen,Noord-Holland,15.92,52.292212,5.231773,41193,2605.0,26,1,0,,,,,,,,181.911,0.0,11.711,193.622,75
GM0406,2024,Huizen,Noord-Holland,15.92,52.292212,5.231773,41193,2605.0,28,0,0,,,,,,,,181.911,0.0,11.711,193.622,75
GM0415,2015,Landsmeer,Noord-Holland,26.53,52.450573,4.924532,11661,520.0,0,0,0,,,,,,,,30.676,0.0,5.868,36.544,21
GM0415,2016,Landsmeer,Noord-Holland,26.53,52.450573,4.924532,11661,520.0,0,0,0,,,,,,,,30.676,0.0,5.868,36.544,21
GM0415,2017,Landsmeer,Noord-Holland,26.53,52.450573,4.924532,11661,520.0,0,0,0,,,,,,,,30.676,0.0,5.868,36.544,21
GM0415,2018,Landsmeer,Noord-Holland,26.53,52.450573,4.924532,11661,520.0,0,0,0,,,,,,,,30.676,0.0,5.868,36.544,21
GM0415,2019,Landsmeer,Noord-Holland,26.53,52.450573,4.924532,11661,520.0,0,0,0,,,,,,,,30.676,0.0,5.868,36.544,21
GM0415,2020,Landsmeer,Noord-Holland,26.53,52.450573,4.924532,11661,520.0,0,0,0,,,,,,,,30.676,0.0,5.868,36.544,21
GM0415,2021,Landsmeer,Noord-Holland,26.53,52.450573,4.924532,11661,520.0,0,0,0,,,,,,,,30.676,0.0,5.868,36.544,21
GM0415,2022,Landsmeer,Noord-Holland,26.53,52.450573,4.924532,11661,520.0,5,0,0,,,,,,,,30.676,0.0,5.868,36.544,21
GM0415,2023,Landsmeer,Noord-Holland,26.53,52.450573,4.924532,11661,520.0,7,0,0,,,,,,,,30.676,0.0,5.868,36.544,21
GM0415,2024,Landsmeer,Noord-Holland,26.53,52.450573,4.924532,11661,520.0,12,0,0,,,,,,,,30.676,0.0,5.868,36.544,21
GM0417,2015,Laren (NH.),Noord-Holland,12.41,52.247142,5.217055,11439,922.0,0,0,0,,,,,,,,91.228,0.058,4.249,95.535,15
GM0417,2016,Laren (NH.),Noord-Holland,12.41,52.247142,5.217055,11439,922.0,0,0,0,,,,,,,,91.228,0.058,4.249,95.535,15
GM0417,2017,Laren (NH.),Noord-Holland,12.41,52.247142,5.217055,11439,922.0,0,0,0,,,,,,,,91.228,0.058,4.249,95.535,15
GM0417,2018,Laren (NH.),Noord-Holland,12.41,52.247142,5.217055,11439,922.0,0,0,0,,,,,,,,91.228,0.058,4.249,95.535,15
GM0417,2019,Laren (NH.),Noord-Holland,12.41,52.247142,5.217055,11439,922.0,0,0,0,,,,,,,,91.228,0.058,4.249,95.535,15
GM0417,2020,Laren (NH.),Noord-Holland,12.41,52.247142,5.217055,11439,922.0,0,0,0,,,,,,,,91.228,0.058,4.249,95.535,15
GM0417,2021,Laren (NH.),Noord-Holland,12.41,52.247142,5.217055,11439,922.0,0,0,0,,,,,,,,91.228,0.058,4.249,95.535,15
GM0417,2022,Laren (NH.),Noord-Holland,12.41,52.247142,5.217055,11439,922.0,0,0,0,,,,,,,,91.228,0.058,4.249,95.535,15
GM0417,2023,Laren (NH.),Noord-Holland,12.41,52.247142,5.217055,11439,922.0,0,0,0,,,,,,,,91.228,0.058,4.249,95.535,15
GM0417,2024,Laren (NH.),Noord-Holland,12.41,52.247142,5.217055,11439,922.0,0,0,0,,,,,,,,91.228,0.058,4.249,95.535,15
GM0420,2015,Medemblik,Noord-Holland,126.19,52.720795,5.099198,46002,379.0,0,0,0,,,,,,,,216.896,0.0,29.728,246.624,7
GM0420,2016,Medemblik,Noord-Holland,126.19,52.720795,5.099198,46002,379.0,0,0,0,,,,,,,,216.896,0.0,29.728,246.624,7
GM0420,2017,Medemblik,Noord-Holland,126.19,52.720795,5.099198,46002,379.0,0,0,0,,,,,,,,216.896,0.0,29.728,246.624,7
GM0420,2018,Medemblik,Noord-Holland,126.19,52.720795,5.099198,46002,379.0,0,0,0,,,,,,,,216.896,0.0,29.728,246.624,7
GM0420,2019,Medemblik,Noord-Holland,126.19,52.720795,5.099198,46002,379.0,0,0,0,,,,,,,,216.896,0.0,29.728,246.624,7
GM0420,2020,Medemblik,Noord-Holland,126.19,52.720795,5.099198,46002,379.0,0,0,0,,,,,,,,216.896,0.0,29.728,246.624,7
GM0420,2021,Medemblik,Noord-Holland,126.19,52.720795,5.099198,46002,379.0,0,0,0,,,,,,,,216.896,0.0,29.728,246.624,7
GM0420,2022,Medemblik,Noord-Holland,126.19,52.720795,5.099198,46002,379.0,39,0,0,,,,,,,,216.896,0.0,29.728,246.624,7
GM0420,2023,Medemblik,Noord-Holland,126.19,52.720795,5.099198,46002,379.0,32,1,0,,,,,,,,216.896,0.0,29.728,246.624,7
GM0420,2024,Medemblik,Noord-Holland,126.19,52.720795,5.099198,46002,379.0,39,1,0,,,,,,,,216.896,0.0,29.728,246.624,7
GM0431,2015,Oostzaan,Noord-Holland,16.09,52.45196,4.876075,9694,839.0,0,0,0,,,,,,,,23.204,0.0,1.093,24.297,1
GM0431,2016,Oostzaan,Noord-Holland,16.09,52.45196,4.876075,9694,839.0,0,0,0,,,,,,,,23.204,0.0,1.093,24.297,1
GM0431,2017,Oostzaan,Noord-Holland,16.09,52.45196,4.876075,9694,839.0,0,0,0,,,,,,,,23.204,0.0,1.093,24.297,1
GM0431,2018,Oostzaan,Noord-Holland,16.09,52.45196,4.876075,9694,839.0,0,0,0,,,,,,,,23.204,0.0,1.093,24.297,1
GM0431,2019,Oostzaan,Noord-Holland,16.09,52.45196,4.876075,9694,839.0,0,0,0,,,,,,,,23.204,0.0,1.093,24.297,1
GM0431,2020,Oostzaan,Noord-Holland,16.09,52.45196,4.876075,9694,839.0,0,0,0,,,,,,,,23.204,0.0,1.093,24.297,1
GM0431,2021,Oostzaan,Noord-Holland,16.09,52.45196,4.876075,9694,839.0,0,0,0,,,,,,,,23.204,0.0,1.093,24.297,1
GM0431,2022,Oostzaan,Noord-Holland,16.09,52.45196,4.876075,9694,839.0,2,0,0,,,,,,,,23.204,0.0,1.093,24.297,1
GM0431,2023,Oostzaan,Noord-Holland,16.09,52.45196,4.876075,9694,839.0,9,0,0,,,,,,,,23.204,0.0,1.093,24.297,1
GM0431,2024,Oostzaan,Noord-Holland,16.09,52.45196,4.876075,9694,839.0,9,1,0,,,,,,,,23.204,0.0,1.093,24.297,1
GM0432,2015,Opmeer,Noord-Holland,41.96,52.715282,4.953471,12199,294.0,0,0,0,,,,,,,,30.506,0.0,4.361,34.867,0
GM0432,2016,Opmeer,Noord-Holland,41.96,52.715282,4.953471,12199,294.0,0,0,0,,,,,,,,30.506,0.0,4.361,34.867,0
GM0432,2017,Opmeer,Noord-Holland,41.96,52.715282,4.953471,12199,294.0,0,0,0,,,,,,,,30.506,0.0,4.361,34.867,0
GM0432,2018,Opmeer,Noord-Holland,41.96,52.715282,4.953471,12199,294.0,0,0,0,,,,,,,,30.506,0.0,4.361,34.867,0
GM0432,2019,Opmeer,Noord-Holland,41.96,52.715282,4.953471,12199,294.0,0,0,0,,,,,,,,30.506,0.0,4.361,34.867,0
GM0432,2020,Opmeer,Noord-Holland,41.96,52.715282,4.953471,12199,294.0,0,0,0,,,,,,,,30.506,0.0,4.361,34.867,0
GM0432,2021,Opmeer,Noord-Holland,41.96,52.715282,4.953471,12199,294.0,0,0,0,,,,,,,,30.506,0.0,4.361,34.867,0
GM0432,2022,Opmeer,Noord-Holland,41.96,52.715282,4.953471,12199,294.0,9,1,0,,,,,,,,30.506,0.0,4.361,34.867,0
GM0432,2023,Opmeer,Noord-Holland,41.96,52.715282,4.953471,12199,294.0,10,0,0,,,,,,,,30.506,0.0,4.361,34.867,0
GM0432,2024,Opmeer,Noord-Holland,41.96,52.715282,4.953471,12199,294.0,7,1,0,,,,,,,,30.506,0.0,4.361,34.867,0
GM0437,2015,Ouder-Amstel,Noord-Holland,25.77,52.289363,4.913504,14447,603.0,0,0,0,,,,,,,,93.253,0.0,5.199,98.453,22
GM0437,2016,Ouder-Amstel,Noord-Holland,25.77,52.289363,4.913504,14447,603.0,0,0,0,,,,,,,,93.253,0.0,5.199,98.453,22
GM0437,2017,Ouder-Amstel,Noord-Holland,25.77,52.289363,4.913504,14447,603.0,0,0,0,,,,,,,,93.253,0.0,5.199,98.453,22
GM0437,2018,Ouder-Amstel,Noord-Holland,25.77,52.289363,4.913504,14447,603.0,0,0,0,,,,,,,,93.253,0.0,5.199,98.453,22
GM0437,2019,Ouder-Amstel,Noord-Holland,25.77,52.289363,4.913504,14447,603.0,0,0,0,,,,,,,,93.253,0.0,5.199,98.453,22
GM0437,2020,Ouder-Amstel,Noord-Holland,25.77,52.289363,4.913504,14447,603.0,0,0,0,,,,,,,,93.253,0.0,5.199,98.453,22
GM0437,2021,Ouder-Amstel,Noord-Holland,25.77,52.289363,4.913504,14447,603.0,0,0,0,,,,,,,,93.253,0.0,5.199,98.453,22
GM0437,2022,Ouder-Amstel,Noord-Holland,25.77,52.289363,4.913504,14447,603.0,17,0,0,,,,,,,,93.253,0.0,5.199,98.453,22
GM0437,2023,Ouder-Amstel,Noord-Holland,25.77,52.289363,4.913504,14447,603.0,19,0,0,,,,,,,,93.253,0.0,5.199,98.453,22
GM0437,2024,Ouder-Amstel,Noord-Holland,25.77,52.289363,4.913504,14447,603.0,27,0,0,,,,,,,,93.253,0.0,5.199,98.453,22
GM0439,2015,Purmerend,Noord-Holland,96.6,52.543569,4.930662,95168,1017.0,0,0,0,,,,,,,,137.848,0.0,10.167,148.015,14
GM0439,2016,Purmerend,Noord-Holland,96.6,52.543569,4.930662,95168,1017.0,0,0,0,,,,,,,,137.848,0.0,10.167,148.015,14
GM0439,2017,Purmerend,Noord-Holland,96.6,52.543569,4.930662,95168,1017.0,0,0,0,,,,,,,,137.848,0.0,10.167,148.015,14
GM0439,2018,Purmerend,Noord-Holland,96.6,52.543569,4.930662,95168,1017.0,0,0,0,,,,,,,,137.848,0.0,10.167,148.015,14
GM0439,2019,Purmerend,Noord-Holland,96.6,52.543569,4.930662,95168,1017.0,0,0,0,,,,,,,,137.848,0.0,10.167,148.015,14
GM0439,2020,Purmerend,Noord-Holland,96.6,52.543569,4.930662,95168,1017.0,0,0,0,,,,,,,,137.848,0.0,10.167,148.015,14
GM0439,2021,Purmerend,Noord-Holland,96.6,52.543569,4.930662,95168,1017.0,0,0,0,,,,,,,,137.848,0.0,10.167,148.015,14
GM0439,2022,Purmerend,Noord-Holland,96.6,52.543569,4.930662,95168,1017.0,82,1,0,,,,,,,,137.848,0.0,10.167,148.015,14
GM0439,2023,Purmerend,Noord-Holland,96.6,52.543569,4.930662,95168,1017.0,86,3,0,,,,,,,,137.848,0.0,10.167,148.015,14
GM0439,2024,Purmerend,Noord-Holland,96.6,52.543569,4.930662,95168,1017.0,97,0,0,,,,,,,,137.848,0.0,10.167,148.015,14
GM0441,2015,Schagen,Noord-Holland,172.1,52.784286,4.748222,47744,284.0,0,0,0,,,,,,,,110.075,0.0,16.317,126.393,17
GM0441,2016,Schagen,Noord-Holland,172.1,52.784286,4.748222,47744,284.0,0,0,0,,,,,,,,110.075,0.0,16.317,126.393,17
GM0441,2017,Schagen,Noord-Holland,172.1,52.784286,4.748222,47744,284.0,0,0,0,,,,,,,,110.075,0.0,16.317,126.393,17
GM0441,2018,Schagen,Noord-Holland,172.1,52.784286,4.748222,47744,284.0,0,0,0,,,,,,,,110.075,0.0,16.317,126.393,17
GM0441,2019,Schagen,Noord-Holland,172.1,52.784286,4.748222,47744,284.0,0,0,0,,,,,,,,110.075,0.0,16.317,126.393,17
GM0441,2020,Schagen,Noord-Holland,172.1,52.784286,4.748222,47744,284.0,0,0,0,,,,,,,,110.075,0.0,16.317,126.393,17
GM0441,2021,Schagen,Noord-Holland,172.1,52.784286,4.748222,47744,284.0,0,0,0,,,,,,,,110.075,0.0,16.317,126.393,17
GM0441,2022,Schagen,Noord-Holland,172.1,52.784286,4.748222,47744,284.0,47,1,0,,,,,,,,110.075,0.0,16.317,126.393,17
GM0441,2023,Schagen,Noord-Holland,172.1,52.784286,4.748222,47744,284.0,40,0,0,,,,,,,,110.075,0.0,16.317,126.393,17
GM0441,2024,Schagen,Noord-Holland,172.1,52.784286,4.748222,47744,284.0,53,2,0,,,,,,,,110.075,0.0,16.317,126.393,17
GM0448,2015,Texel,Noord-Holland,166.46,53.078749,4.80512,13815,85.0,0,0,0,,,,,,,,181.99,5.074,3.178,190.243,62
GM0448,2016,Texel,Noord-Holland,166.46,53.078749,4.80512,13815,85.0,0,0,0,,,,,,,,181.99,5.074,3.178,190.243,62
GM0448,2017,Texel,Noord-Holland,166.46,53.078749,4.80512,13815,85.0,0,0,0,,,,,,,,181.99,5.074,3.178,190.243,62
GM0448,2018,Texel,Noord-Holland,166.46,53.078749,4.80512,13815,85.0,0,0,0,,,,,,,,181.99,5.074,3.178,190.243,62
GM0448,2019,Texel,Noord-Holland,166.46,53.078749,4.80512,13815,85.0,0,0,0,,,,,,,,181.99,5.074,3.178,190.243,62
GM0448,2020,Texel,Noord-Holland,166.46,53.078749,4.80512,13815,85.0,0,0,0,,,,,,,,181.99,5.074,3.178,190.243,62
GM0448,2021,Texel,Noord-Holland,166.46,53.078749,4.80512,13815,85.0,0,0,0,,,,,,,,181.99,5.074,3.178,190.243,62
GM0448,2022,Texel,Noord-Holland,166.46,53.078749,4.80512,13815,85.0,38,2,0,,,,,,,,181.99,5.074,3.178,190.243,62
GM0448,2023,Texel,Noord-Holland,166.46,53.078749,4.80512,13815,85.0,23,1,0,,,,,,,,181.99,5.074,3.178,190.243,62
GM0448,2024,Texel,Noord-Holland,166.46,53.078749,4.80512,13815,85.0,39,0,0,,,,,,,,181.99,5.074,3.178,190.243,62
GM0450,2015,Uitgeest,Noord-Holland,22.28,52.523423,4.728603,13400,700.0,0,0,0,,,,,,,,20.66,0.0,0.691,21.351,7
GM0450,2016,Uitgeest,Noord-Holland,22.28,52.523423,4.728603,13400,700.0,0,0,0,,,,,,,,20.66,0.0,0.691,21.351,7
GM0450,2017,Uitgeest,Noord-Holland,22.28,52.523423,4.728603,13400,700.0,0,0,0,,,,,,,,20.66,0.0,0.691,21.351,7
GM0450,2018,Uitgeest,Noord-Holland,22.28,52.523423,4.728603,13400,700.0,0,0,0,,,,,,,,20.66,0.0,0.691,21.351,7
GM0450,2019,Uitgeest,Noord-Holland,22.28,52.523423,4.728603,13400,700.0,0,0,0,,,,,,,,20.66,0.0,0.691,21.351,7
GM0450,2020,Uitgeest,Noord-Holland,22.28,52.523423,4.728603,13400,700.0,0,0,0,,,,,,,,20.66,0.0,0.691,21.351,7
GM0450,2021,Uitgeest,Noord-Holland,22.28,52.523423,4.728603,13400,700.0,0,0,0,,,,,,,,20.66,0.0,0.691,21.351,7
GM0450,2022,Uitgeest,Noord-Holland,22.28,52.523423,4.728603,13400,700.0,16,0,0,,,,,,,,20.66,0.0,0.691,21.351,7
GM0450,2023,Uitgeest,Noord-Holland,22.28,52.523423,4.728603,13400,700.0,11,0,0,,,,,,,,20.66,0.0,0.691,21.351,7
GM0450,2024,Uitgeest,Noord-Holland,22.28,52.523423,4.728603,13400,700.0,15,0,0,,,,,,,,20.66,0.0,0.691,21.351,7
GM0451,2015,Uithoorn,Noord-Holland,19.41,52.236902,4.790866,31685,1749.0,0,0,0,,,,,,,,106.751,0.0,13.055,119.806,10
GM0451,2016,Uithoorn,Noord-Holland,19.41,52.236902,4.790866,31685,1749.0,0,0,0,,,,,,,,106.751,0.0,13.055,119.806,10
GM0451,2017,Uithoorn,Noord-Holland,19.41,52.236902,4.790866,31685,1749.0,0,0,0,,,,,,,,106.751,0.0,13.055,119.806,10
GM0451,2018,Uithoorn,Noord-Holland,19.41,52.236902,4.790866,31685,1749.0,0,0,0,,,,,,,,106.751,0.0,13.055,119.806,10
GM0451,2019,Uithoorn,Noord-Holland,19.41,52.236902,4.790866,31685,1749.0,0,0,0,,,,,,,,106.751,0.0,13.055,119.806,10
GM0451,2020,Uithoorn,Noord-Holland,19.41,52.236902,4.790866,31685,1749.0,0,0,0,,,,,,,,106.751,0.0,13.055,119.806,10
GM0451,2021,Uithoorn,Noord-Holland,19.41,52.236902,4.790866,31685,1749.0,0,0,0,,,,,,,,106.751,0.0,13.055,119.806,10
GM0451,2022,Uithoorn,Noord-Holland,19.41,52.236902,4.790866,31685,1749.0,19,0,0,,,,,,,,106.751,0.0,13.055,119.806,10
GM0451,2023,Uithoorn,Noord-Holland,19.41,52.236902,4.790866,31685,1749.0,23,0,0,,,,,,,,106.751,0.0,13.055,119.806,10
GM0451,2024,Uithoorn,Noord-Holland,19.41,52.236902,4.790866,31685,1749.0,27,1,0,,,,,,,,106.751,0.0,13.055,119.806,10
GM0453,2015,Velsen,Noord-Holland,49.28,52.449459,4.630186,69241,1538.0,0,0,0,,,,,,0.0,0.0,147.947,0.575,9.86,158.382,18
GM0453,2016,Velsen,Noord-Holland,49.28,52.449459,4.630186,69241,1538.0,0,0,0,,,,,,0.0,0.0,147.947,0.575,9.86,158.382,18
GM0453,2017,Velsen,Noord-Holland,49.28,52.449459,4.630186,69241,1538.0,0,0,0,,,,,,0.0,0.0,147.947,0.575,9.86,158.382,18
GM0453,2018,Velsen,Noord-Holland,49.28,52.449459,4.630186,69241,1538.0,0,0,0,,,,,,0.0,0.0,147.947,0.575,9.86,158.382,18
GM0453,2019,Velsen,Noord-Holland,49.28,52.449459,4.630186,69241,1538.0,0,0,0,,,,,,0.0,0.0,147.947,0.575,9.86,158.382,18
GM0453,2020,Velsen,Noord-Holland,49.28,52.449459,4.630186,69241,1538.0,0,0,0,,,,,,0.0,0.0,147.947,0.575,9.86,158.382,18
GM0453,2021,Velsen,Noord-Holland,49.28,52.449459,4.630186,69241,1538.0,0,0,0,,,,,,0.0,0.0,147.947,0.575,9.86,158.382,18
GM0453,2022,Velsen,Noord-Holland,49.28,52.449459,4.630186,69241,1538.0,80,0,0,,,,,,0.0,0.0,147.947,0.575,9.86,158.382,18
GM0453,2023,Velsen,Noord-Holland,49.28,52.449459,4.630186,69241,1538.0,75,0,0,,,,,,0.0,0.0,147.947,0.575,9.86,158.382,18
GM0453,2024,Velsen,Noord-Holland,49.28,52.449459,4.630186,69241,1538.0,87,1,0,,,,,,0.0,0.0,147.947,0.575,9.86,158.382,18
GM0473,2015,Zandvoort,Noord-Holland,33.81,52.358092,4.543507,17469,545.0,0,0,0,,,,,,,,32.879,0.0,3.885,36.764,16
GM0473,2016,Zandvoort,Noord-Holland,33.81,52.358092,4.543507,17469,545.0,0,0,0,,,,,,,,32.879,0.0,3.885,36.764,16
GM0473,2017,Zandvoort,Noord-Holland,33.81,52.358092,4.543507,17469,545.0,0,0,0,,,,,,,,32.879,0.0,3.885,36.764,16
GM0473,2018,Zandvoort,Noord-Holland,33.81,52.358092,4.543507,17469,545.0,0,0,0,,,,,,,,32.879,0.0,3.885,36.764,16
GM0473,2019,Zandvoort,Noord-Holland,33.81,52.358092,4.543507,17469,545.0,0,0,0,,,,,,,,32.879,0.0,3.885,36.764,16
GM0473,2020,Zandvoort,Noord-Holland,33.81,52.358092,4.543507,17469,545.0,0,0,0,,,,,,,,32.879,0.0,3.885,36.764,16
GM0473,2021,Zandvoort,Noord-Holland,33.81,52.358092,4.543507,17469,545.0,0,0,0,,,,,,,,32.879,0.0,3.885,36.764,16
GM0473,2022,Zandvoort,Noord-Holland,33.81,52.358092,4.543507,17469,545.0,26,0,0,,,,,,,,32.879,0.0,3.885,36.764,16
GM0473,2023,Zandvoort,Noord-Holland,33.81,52.358092,4.543507,17469,545.0,39,1,0,,,,,,,,32.879,0.0,3.885,36.764,16
GM0473,2024,Zandvoort,Noord-Holland,33.81,52.358092,4.543507,17469,545.0,25,0,0,,,,,,,,32.879,0.0,3.885,36.764,16
GM0479,2015,Zaanstad,Noord-Holland,83.22,52.462936,4.773021,161389,2189.0,0,0,0,,,,,,,,146.775,0.672,10.384,157.83,33
GM0479,2016,Zaanstad,Noord-Holland,83.22,52.462936,4.773021,161389,2189.0,0,0,0,,,,,,,,146.775,0.672,10.384,157.83,33
GM0479,2017,Zaanstad,Noord-Holland,83.22,52.462936,4.773021,161389,2189.0,0,0,0,,,,,,,,146.775,0.672,10.384,157.83,33
GM0479,2018,Zaanstad,Noord-Holland,83.22,52.462936,4.773021,161389,2189.0,0,0,0,,,,,,,,146.775,0.672,10.384,157.83,33
GM0479,2019,Zaanstad,Noord-Holland,83.22,52.462936,4.773021,161389,2189.0,0,0,0,,,,,,,,146.775,0.672,10.384,157.83,33
GM0479,2020,Zaanstad,Noord-Holland,83.22,52.462936,4.773021,161389,2189.0,0,0,0,,,,,,,,146.775,0.672,10.384,157.83,33
GM0479,2021,Zaanstad,Noord-Holland,83.22,52.462936,4.773021,161389,2189.0,0,0,0,,,,,,,,146.775,0.672,10.384,157.83,33
GM0479,2022,Zaanstad,Noord-Holland,83.22,52.462936,4.773021,161389,2189.0,142,1,0,,,,,,,,146.775,0.672,10.384,157.83,33
GM0479,2023,Zaanstad,Noord-Holland,83.22,52.462936,4.773021,161389,2189.0,175,1,0,,,,,,,,146.775,0.672,10.384,157.83,33
GM0479,2024,Zaanstad,Noord-Holland,83.22,52.462936,4.773021,161389,2189.0,212,0,0,,,,,,,,146.775,0.672,10.384,157.83,33
GM0482,2015,Alblasserdam,Zuid-Holland,10.05,51.864618,4.665779,20314,2316.0,0,0,0,,,,,,,,70.23,0.0,3.858,74.088,8
GM0482,2016,Alblasserdam,Zuid-Holland,10.05,51.864618,4.665779,20314,2316.0,0,0,0,,,,,,,,70.23,0.0,3.858,74.088,8
GM0482,2017,Alblasserdam,Zuid-Holland,10.05,51.864618,4.665779,20314,2316.0,0,0,0,,,,,,,,70.23,0.0,3.858,74.088,8
GM0482,2018,Alblasserdam,Zuid-Holland,10.05,51.864618,4.665779,20314,2316.0,0,0,0,,,,,,,,70.23,0.0,3.858,74.088,8
GM0482,2019,Alblasserdam,Zuid-Holland,10.05,51.864618,4.665779,20314,2316.0,0,0,0,,,,,,,,70.23,0.0,3.858,74.088,8
GM0482,2020,Alblasserdam,Zuid-Holland,10.05,51.864618,4.665779,20314,2316.0,0,0,0,,,,,,,,70.23,0.0,3.858,74.088,8
GM0482,2021,Alblasserdam,Zuid-Holland,10.05,51.864618,4.665779,20314,2316.0,0,0,0,,,,,,,,70.23,0.0,3.858,74.088,8
GM0482,2022,Alblasserdam,Zuid-Holland,10.05,51.864618,4.665779,20314,2316.0,15,0,0,,,,,,,,70.23,0.0,3.858,74.088,8
GM0482,2023,Alblasserdam,Zuid-Holland,10.05,51.864618,4.665779,20314,2316.0,21,0,0,,,,,,,,70.23,0.0,3.858,74.088,8
GM0482,2024,Alblasserdam,Zuid-Holland,10.05,51.864618,4.665779,20314,2316.0,19,0,0,,,,,,,,70.23,0.0,3.858,74.088,8
GM0484,2015,Alphen aan den Rijn,Zuid-Holland,132.54,52.113308,4.641007,114966,913.0,0,0,0,,,,,,,,208.798,0.0,5.954,214.752,17
GM0484,2016,Alphen aan den Rijn,Zuid-Holland,132.54,52.113308,4.641007,114966,913.0,0,0,0,,,,,,,,208.798,0.0,5.954,214.752,17
GM0484,2017,Alphen aan den Rijn,Zuid-Holland,132.54,52.113308,4.641007,114966,913.0,0,0,0,,,,,,,,208.798,0.0,5.954,214.752,17
GM0484,2018,Alphen aan den Rijn,Zuid-Holland,132.54,52.113308,4.641007,114966,913.0,0,0,0,,,,,,,,208.798,0.0,5.954,214.752,17
GM0484,2019,Alphen aan den Rijn,Zuid-Holland,132.54,52.113308,4.641007,114966,913.0,0,0,0,,,,,,,,208.798,0.0,5.954,214.752,17
GM0484,2020,Alphen aan den Rijn,Zuid-Holland,132.54,52.113308,4.641007,114966,913.0,0,0,0,,,,,,,,208.798,0.0,5.954,214.752,17
GM0484,2021,Alphen aan den Rijn,Zuid-Holland,132.54,52.113308,4.641007,114966,913.0,0,0,0,,,,,,,,208.798,0.0,5.954,214.752,17
GM0484,2022,Alphen aan den Rijn,Zuid-Holland,132.54,52.113308,4.641007,114966,913.0,195,1,0,,,,,,,,208.798,0.0,5.954,214.752,17
GM0484,2023,Alphen aan den Rijn,Zuid-Holland,132.54,52.113308,4.641007,114966,913.0,200,1,0,,,,,,,,208.798,0.0,5.954,214.752,17
GM0484,2024,Alphen aan den Rijn,Zuid-Holland,132.54,52.113308,4.641007,114966,913.0,193,2,0,,,,,,,,208.798,0.0,5.954,214.752,17
GM0489,2015,Barendrecht,Zuid-Holland,21.73,51.851061,4.525405,48690,2487.0,0,0,0,,,,,,,,199.561,0.0,1.828,201.389,82
GM0489,2016,Barendrecht,Zuid-Holland,21.73,51.851061,4.525405,48690,2487.0,0,0,0,,,,,,,,199.561,0.0,1.828,201.389,82
GM0489,2017,Barendrecht,Zuid-Holland,21.73,51.851061,4.525405,48690,2487.0,0,0,0,,,,,,,,199.561,0.0,1.828,201.389,82
GM0489,2018,Barendrecht,Zuid-Holland,21.73,51.851061,4.525405,48690,2487.0,0,0,0,,,,,,,,199.561,0.0,1.828,201.389,82
GM0489,2019,Barendrecht,Zuid-Holland,21.73,51.851061,4.525405,48690,2487.0,0,0,0,,,,,,,,199.561,0.0,1.828,201.389,82
GM0489,2020,Barendrecht,Zuid-Holland,21.73,51.851061,4.525405,48690,2487.0,0,0,0,,,,,,,,199.561,0.0,1.828,201.389,82
GM0489,2021,Barendrecht,Zuid-Holland,21.73,51.851061,4.525405,48690,2487.0,0,0,0,,,,,,,,199.561,0.0,1.828,201.389,82
GM0489,2022,Barendrecht,Zuid-Holland,21.73,51.851061,4.525405,48690,2487.0,48,0,0,,,,,,,,199.561,0.0,1.828,201.389,82
GM0489,2023,Barendrecht,Zuid-Holland,21.73,51.851061,4.525405,48690,2487.0,35,0,0,,,,,,,,199.561,0.0,1.828,201.389,82
GM0489,2024,Barendrecht,Zuid-Holland,21.73,51.851061,4.525405,48690,2487.0,46,0,0,,,,,,,,199.561,0.0,1.828,201.389,82
GM0498,2015,Drechterland,Noord-Holland,59.54,52.663929,5.164996,20496,348.0,0,0,0,10.57,6.71,14.12,83.34,,919.5,1908.1,54.337,0.0,38.855,93.193,4
GM0498,2016,Drechterland,Noord-Holland,59.54,52.663929,5.164996,20496,348.0,0,0,0,10.38,6.41,14.08,85.35,,784.0,1958.4,54.337,0.0,38.855,93.193,4
GM0498,2017,Drechterland,Noord-Holland,59.54,52.663929,5.164996,20496,348.0,0,0,0,10.53,6.62,14.19,83.74,,1011.9,1833.6,54.337,0.0,38.855,93.193,4
GM0498,2018,Drechterland,Noord-Holland,59.54,52.663929,5.164996,20496,348.0,0,0,0,10.9,6.73,14.85,81.97,,672.2,2097.5,54.337,0.0,38.855,93.193,4
GM0498,2019,Drechterland,Noord-Holland,59.54,52.663929,5.164996,20496,348.0,0,0,0,10.91,6.85,14.72,81.69,,933.4,1984.2,54.337,0.0,38.855,93.193,4
GM0498,2020,Drechterland,Noord-Holland,59.54,52.663929,5.164996,20496,348.0,0,0,0,11.3,7.16,15.09,82.43,,938.5,2019.5,54.337,0.0,38.855,93.193,4
GM0498,2021,Drechterland,Noord-Holland,59.54,52.663929,5.164996,20496,348.0,0,0,0,10.17,6.26,13.79,84.81,,851.6,1819.9,54.337,0.0,38.855,93.193,4
GM0498,2022,Drechterland,Noord-Holland,59.54,52.663929,5.164996,20496,348.0,10,0,0,11.27,6.88,15.25,81.13,,737.0,2291.0,54.337,0.0,38.855,93.193,4
GM0498,2023,Drechterland,Noord-Holland,59.54,52.663929,5.164996,20496,348.0,17,2,0,11.42,7.54,14.97,83.0,,1127.9,1918.7,54.337,0.0,38.855,93.193,4
GM0498,2024,Drechterland,Noord-Holland,59.54,52.663929,5.164996,20496,348.0,22,1,0,11.55,7.81,15.07,83.66,,1050.2,1816.8,54.337,0.0,38.855,93.193,4
GM0502,2015,Capelle aan den IJssel,Zuid-Holland,15.39,51.934944,4.580136,67925,4803.0,0,0,0,,,,,,,,146.939,0.0,7.996,154.935,16
GM0502,2016,Capelle aan den IJssel,Zuid-Holland,15.39,51.934944,4.580136,67925,4803.0,0,0,0,,,,,,,,146.939,0.0,7.996,154.935,16
GM0502,2017,Capelle aan den IJssel,Zuid-Holland,15.39,51.934944,4.580136,67925,4803.0,0,0,0,,,,,,,,146.939,0.0,7.996,154.935,16
GM0502,2018,Capelle aan den IJssel,Zuid-Holland,15.39,51.934944,4.580136,67925,4803.0,0,0,0,,,,,,,,146.939,0.0,7.996,154.935,16
GM0502,2019,Capelle aan den IJssel,Zuid-Holland,15.39,51.934944,4.580136,67925,4803.0,0,0,0,,,,,,,,146.939,0.0,7.996,154.935,16
GM0502,2020,Capelle aan den IJssel,Zuid-Holland,15.39,51.934944,4.580136,67925,4803.0,0,0,0,,,,,,,,146.939,0.0,7.996,154.935,16
GM0502,2021,Capelle aan den IJssel,Zuid-Holland,15.39,51.934944,4.580136,67925,4803.0,0,0,0,,,,,,,,146.939,0.0,7.996,154.935,16
GM0502,2022,Capelle aan den IJssel,Zuid-Holland,15.39,51.934944,4.580136,67925,4803.0,42,1,0,,,,,,,,146.939,0.0,7.996,154.935,16
GM0502,2023,Capelle aan den IJssel,Zuid-Holland,15.39,51.934944,4.580136,67925,4803.0,46,0,0,,,,,,,,146.939,0.0,7.996,154.935,16
GM0502,2024,Capelle aan den IJssel,Zuid-Holland,15.39,51.934944,4.580136,67925,4803.0,48,2,0,,,,,,,,146.939,0.0,7.996,154.935,16
GM0503,2015,Delft,Zuid-Holland,24.06,51.998439,4.363154,109577,4835.0,0,0,0,,,,,,,,110.505,0.0,12.318,122.823,280
GM0503,2016,Delft,Zuid-Holland,24.06,51.998439,4.363154,109577,4835.0,0,0,0,,,,,,,,110.505,0.0,12.318,122.823,280
GM0503,2017,Delft,Zuid-Holland,24.06,51.998439,4.363154,109577,4835.0,0,0,0,,,,,,,,110.505,0.0,12.318,122.823,280
GM0503,2018,Delft,Zuid-Holland,24.06,51.998439,4.363154,109577,4835.0,0,0,0,,,,,,,,110.505,0.0,12.318,122.823,280
GM0503,2019,Delft,Zuid-Holland,24.06,51.998439,4.363154,109577,4835.0,0,0,0,,,,,,,,110.505,0.0,12.318,122.823,280
GM0503,2020,Delft,Zuid-Holland,24.06,51.998439,4.363154,109577,4835.0,0,0,0,,,,,,,,110.505,0.0,12.318,122.823,280
GM0503,2021,Delft,Zuid-Holland,24.06,51.998439,4.363154,109577,4835.0,0,0,0,,,,,,,,110.505,0.0,12.318,122.823,280
GM0503,2022,Delft,Zuid-Holland,24.06,51.998439,4.363154,109577,4835.0,260,3,0,,,,,,,,110.505,0.0,12.318,122.823,280
GM0503,2023,Delft,Zuid-Holland,24.06,51.998439,4.363154,109577,4835.0,259,0,0,,,,,,,,110.505,0.0,12.318,122.823,280
GM0503,2024,Delft,Zuid-Holland,24.06,51.998439,4.363154,109577,4835.0,223,0,0,,,,,,,,110.505,0.0,12.318,122.823,280
GM0505,2015,Dordrecht,Zuid-Holland,98.73,51.782051,4.70953,122070,1574.0,0,0,0,,,,,,,,329.732,0.633,65.87,396.235,112
GM0505,2016,Dordrecht,Zuid-Holland,98.73,51.782051,4.70953,122070,1574.0,0,0,0,,,,,,,,329.732,0.633,65.87,396.235,112
GM0505,2017,Dordrecht,Zuid-Holland,98.73,51.782051,4.70953,122070,1574.0,0,0,0,,,,,,,,329.732,0.633,65.87,396.235,112
GM0505,2018,Dordrecht,Zuid-Holland,98.73,51.782051,4.70953,122070,1574.0,0,0,0,,,,,,,,329.732,0.633,65.87,396.235,112
GM0505,2019,Dordrecht,Zuid-Holland,98.73,51.782051,4.70953,122070,1574.0,0,0,0,,,,,,,,329.732,0.633,65.87,396.235,112
GM0505,2020,Dordrecht,Zuid-Holland,98.73,51.782051,4.70953,122070,1574.0,0,0,0,,,,,,,,329.732,0.633,65.87,396.235,112
GM0505,2021,Dordrecht,Zuid-Holland,98.73,51.782051,4.70953,122070,1574.0,0,0,0,,,,,,,,329.732,0.633,65.87,396.235,112
GM0505,2022,Dordrecht,Zuid-Holland,98.73,51.782051,4.70953,122070,1574.0,128,1,0,,,,,,,,329.732,0.633,65.87,396.235,112
GM0505,2023,Dordrecht,Zuid-Holland,98.73,51.782051,4.70953,122070,1574.0,151,2,0,,,,,,,,329.732,0.633,65.87,396.235,112
GM0505,2024,Dordrecht,Zuid-Holland,98.73,51.782051,4.70953,122070,1574.0,130,1,0,,,,,,,,329.732,0.633,65.87,396.235,112
GM0512,2015,Gorinchem,Zuid-Holland,21.97,51.838442,4.97704,38671,2066.0,0,0,0,,,,,,,,73.498,0.0,0.283,73.781,19
GM0512,2016,Gorinchem,Zuid-Holland,21.97,51.838442,4.97704,38671,2066.0,0,0,0,,,,,,,,73.498,0.0,0.283,73.781,19
GM0512,2017,Gorinchem,Zuid-Holland,21.97,51.838442,4.97704,38671,2066.0,0,0,0,,,,,,,,73.498,0.0,0.283,73.781,19
GM0512,2018,Gorinchem,Zuid-Holland,21.97,51.838442,4.97704,38671,2066.0,0,0,0,,,,,,,,73.498,0.0,0.283,73.781,19
GM0512,2019,Gorinchem,Zuid-Holland,21.97,51.838442,4.97704,38671,2066.0,0,0,0,,,,,,,,73.498,0.0,0.283,73.781,19
GM0512,2020,Gorinchem,Zuid-Holland,21.97,51.838442,4.97704,38671,2066.0,0,0,0,,,,,,,,73.498,0.0,0.283,73.781,19
GM0512,2021,Gorinchem,Zuid-Holland,21.97,51.838442,4.97704,38671,2066.0,0,0,0,,,,,,,,73.498,0.0,0.283,73.781,19
GM0512,2022,Gorinchem,Zuid-Holland,21.97,51.838442,4.97704,38671,2066.0,41,0,0,,,,,,,,73.498,0.0,0.283,73.781,19
GM0512,2023,Gorinchem,Zuid-Holland,21.97,51.838442,4.97704,38671,2066.0,47,0,0,,,,,,,,73.498,0.0,0.283,73.781,19
GM0512,2024,Gorinchem,Zuid-Holland,21.97,51.838442,4.97704,38671,2066.0,62,0,0,,,,,,,,73.498,0.0,0.283,73.781,19
GM0513,2015,Gouda,Zuid-Holland,18.11,52.015299,4.706215,75758,4592.0,0,0,0,,,,,,,,81.27,0.065,8.269,89.605,57
GM0513,2016,Gouda,Zuid-Holland,18.11,52.015299,4.706215,75758,4592.0,0,0,0,,,,,,,,81.27,0.065,8.269,89.605,57
GM0513,2017,Gouda,Zuid-Holland,18.11,52.015299,4.706215,75758,4592.0,0,0,0,,,,,,,,81.27,0.065,8.269,89.605,57
GM0513,2018,Gouda,Zuid-Holland,18.11,52.015299,4.706215,75758,4592.0,0,0,0,,,,,,,,81.27,0.065,8.269,89.605,57
GM0513,2019,Gouda,Zuid-Holland,18.11,52.015299,4.706215,75758,4592.0,0,0,0,,,,,,,,81.27,0.065,8.269,89.605,57
GM0513,2020,Gouda,Zuid-Holland,18.11,52.015299,4.706215,75758,4592.0,0,0,0,,,,,,,,81.27,0.065,8.269,89.605,57
GM0513,2021,Gouda,Zuid-Holland,18.11,52.015299,4.706215,75758,4592.0,0,0,0,,,,,,,,81.27,0.065,8.269,89.605,57
GM0513,2022,Gouda,Zuid-Holland,18.11,52.015299,4.706215,75758,4592.0,116,0,0,,,,,,,,81.27,0.065,8.269,89.605,57
GM0513,2023,Gouda,Zuid-Holland,18.11,52.015299,4.706215,75758,4592.0,157,0,0,,,,,,,,81.27,0.065,8.269,89.605,57
GM0513,2024,Gouda,Zuid-Holland,18.11,52.015299,4.706215,75758,4592.0,126,0,0,,,,,,,,81.27,0.065,8.269,89.605,57
GM0518,2015,'s-Gravenhage,Zuid-Holland,85.57,52.068561,4.300296,566221,6868.0,0,0,0,,,,,,,,437.596,0.103,49.975,487.675,651
GM0518,2016,'s-Gravenhage,Zuid-Holland,85.57,52.068561,4.300296,566221,6868.0,0,0,0,,,,,,,,437.596,0.103,49.975,487.675,651
GM0518,2017,'s-Gravenhage,Zuid-Holland,85.57,52.068561,4.300296,566221,6868.0,0,0,0,,,,,,,,437.596,0.103,49.975,487.675,651
GM0518,2018,'s-Gravenhage,Zuid-Holland,85.57,52.068561,4.300296,566221,6868.0,0,0,0,,,,,,,,437.596,0.103,49.975,487.675,651
GM0518,2019,'s-Gravenhage,Zuid-Holland,85.57,52.068561,4.300296,566221,6868.0,0,0,0,,,,,,,,437.596,0.103,49.975,487.675,651
GM0518,2020,'s-Gravenhage,Zuid-Holland,85.57,52.068561,4.300296,566221,6868.0,0,0,0,,,,,,,,437.596,0.103,49.975,487.675,651
GM0518,2021,'s-Gravenhage,Zuid-Holland,85.57,52.068561,4.300296,566221,6868.0,0,0,0,,,,,,,,437.596,0.103,49.975,487.675,651
GM0518,2022,'s-Gravenhage,Zuid-Holland,85.57,52.068561,4.300296,566221,6868.0,1294,1,0,,,,,,,,437.596,0.103,49.975,487.675,651
GM0518,2023,'s-Gravenhage,Zuid-Holland,85.57,52.068561,4.300296,566221,6868.0,1316,8,0,,,,,,,,437.596,0.103,49.975,487.675,651
GM0518,2024,'s-Gravenhage,Zuid-Holland,85.57,52.068561,4.300296,566221,6868.0,1216,3,0,,,,,,,,437.596,0.103,49.975,487.675,651
GM0523,2015,Hardinxveld-Giessendam,Zuid-Holland,19.37,51.832636,4.852411,18762,1113.0,0,0,0,,,,,,,,58.485,2.044,7.545,68.074,10
GM0523,2016,Hardinxveld-Giessendam,Zuid-Holland,19.37,51.832636,4.852411,18762,1113.0,0,0,0,,,,,,,,58.485,2.044,7.545,68.074,10
GM0523,2017,Hardinxveld-Giessendam,Zuid-Holland,19.37,51.832636,4.852411,18762,1113.0,0,0,0,,,,,,,,58.485,2.044,7.545,68.074,10
GM0523,2018,Hardinxveld-Giessendam,Zuid-Holland,19.37,51.832636,4.852411,18762,1113.0,0,0,0,,,,,,,,58.485,2.044,7.545,68.074,10
GM0523,2019,Hardinxveld-Giessendam,Zuid-Holland,19.37,51.832636,4.852411,18762,1113.0,0,0,0,,,,,,,,58.485,2.044,7.545,68.074,10
GM0523,2020,Hardinxveld-Giessendam,Zuid-Holland,19.37,51.832636,4.852411,18762,1113.0,0,0,0,,,,,,,,58.485,2.044,7.545,68.074,10
GM0523,2021,Hardinxveld-Giessendam,Zuid-Holland,19.37,51.832636,4.852411,18762,1113.0,0,0,0,,,,,,,,58.485,2.044,7.545,68.074,10
GM0523,2022,Hardinxveld-Giessendam,Zuid-Holland,19.37,51.832636,4.852411,18762,1113.0,15,1,0,,,,,,,,58.485,2.044,7.545,68.074,10
GM0523,2023,Hardinxveld-Giessendam,Zuid-Holland,19.37,51.832636,4.852411,18762,1113.0,10,0,0,,,,,,,,58.485,2.044,7.545,68.074,10
GM0523,2024,Hardinxveld-Giessendam,Zuid-Holland,19.37,51.832636,4.852411,18762,1113.0,12,0,0,,,,,,,,58.485,2.044,7.545,68.074,10
GM0531,2015,Hendrik-Ido-Ambacht,Zuid-Holland,11.88,51.84175,4.638801,32689,3209.0,0,0,0,,,,,,,,74.416,0.0,3.547,77.962,18
GM0531,2016,Hendrik-Ido-Ambacht,Zuid-Holland,11.88,51.84175,4.638801,32689,3209.0,0,0,0,,,,,,,,74.416,0.0,3.547,77.962,18
GM0531,2017,Hendrik-Ido-Ambacht,Zuid-Holland,11.88,51.84175,4.638801,32689,3209.0,0,0,0,,,,,,,,74.416,0.0,3.547,77.962,18
GM0531,2018,Hendrik-Ido-Ambacht,Zuid-Holland,11.88,51.84175,4.638801,32689,3209.0,0,0,0,,,,,,,,74.416,0.0,3.547,77.962,18
GM0531,2019,Hendrik-Ido-Ambacht,Zuid-Holland,11.88,51.84175,4.638801,32689,3209.0,0,0,0,,,,,,,,74.416,0.0,3.547,77.962,18
GM0531,2020,Hendrik-Ido-Ambacht,Zuid-Holland,11.88,51.84175,4.638801,32689,3209.0,0,0,0,,,,,,,,74.416,0.0,3.547,77.962,18
GM0531,2021,Hendrik-Ido-Ambacht,Zuid-Holland,11.88,51.84175,4.638801,32689,3209.0,0,0,0,,,,,,,,74.416,0.0,3.547,77.962,18
GM0531,2022,Hendrik-Ido-Ambacht,Zuid-Holland,11.88,51.84175,4.638801,32689,3209.0,22,0,0,,,,,,,,74.416,0.0,3.547,77.962,18
GM0531,2023,Hendrik-Ido-Ambacht,Zuid-Holland,11.88,51.84175,4.638801,32689,3209.0,25,0,0,,,,,,,,74.416,0.0,3.547,77.962,18
GM0531,2024,Hendrik-Ido-Ambacht,Zuid-Holland,11.88,51.84175,4.638801,32689,3209.0,25,0,0,,,,,,,,74.416,0.0,3.547,77.962,18
GM0532,2015,Stede Broec,Noord-Holland,15.58,52.700988,5.225244,22217,1534.0,0,0,0,,,,,,,,67.098,0.0,17.662,84.76,2
GM0532,2016,Stede Broec,Noord-Holland,15.58,52.700988,5.225244,22217,1534.0,0,0,0,,,,,,,,67.098,0.0,17.662,84.76,2
GM0532,2017,Stede Broec,Noord-Holland,15.58,52.700988,5.225244,22217,1534.0,0,0,0,,,,,,,,67.098,0.0,17.662,84.76,2
GM0532,2018,Stede Broec,Noord-Holland,15.58,52.700988,5.225244,22217,1534.0,0,0,0,,,,,,,,67.098,0.0,17.662,84.76,2
GM0532,2019,Stede Broec,Noord-Holland,15.58,52.700988,5.225244,22217,1534.0,0,0,0,,,,,,,,67.098,0.0,17.662,84.76,2
GM0532,2020,Stede Broec,Noord-Holland,15.58,52.700988,5.225244,22217,1534.0,0,0,0,,,,,,,,67.098,0.0,17.662,84.76,2
GM0532,2021,Stede Broec,Noord-Holland,15.58,52.700988,5.225244,22217,1534.0,0,0,0,,,,,,,,67.098,0.0,17.662,84.76,2
GM0532,2022,Stede Broec,Noord-Holland,15.58,52.700988,5.225244,22217,1534.0,24,0,0,,,,,,,,67.098,0.0,17.662,84.76,2
GM0532,2023,Stede Broec,Noord-Holland,15.58,52.700988,5.225244,22217,1534.0,20,0,0,,,,,,,,67.098,0.0,17.662,84.76,2
GM0532,2024,Stede Broec,Noord-Holland,15.58,52.700988,5.225244,22217,1534.0,18,0,0,,,,,,,,67.098,0.0,17.662,84.76,2
GM0534,2015,Hillegom,Zuid-Holland,13.49,52.296751,4.576933,22822,1775.0,0,0,0,,,,,,,,45.241,0.0,0.964,46.204,0
GM0534,2016,Hillegom,Zuid-Holland,13.49,52.296751,4.576933,22822,1775.0,0,0,0,,,,,,,,45.241,0.0,0.964,46.204,0
GM0534,2017,Hillegom,Zuid-Holland,13.49,52.296751,4.576933,22822,1775.0,0,0,0,,,,,,,,45.241,0.0,0.964,46.204,0
GM0534,2018,Hillegom,Zuid-Holland,13.49,52.296751,4.576933,22822,1775.0,0,0,0,,,,,,,,45.241,0.0,0.964,46.204,0
GM0534,2019,Hillegom,Zuid-Holland,13.49,52.296751,4.576933,22822,1775.0,0,0,0,,,,,,,,45.241,0.0,0.964,46.204,0
GM0534,2020,Hillegom,Zuid-Holland,13.49,52.296751,4.576933,22822,1775.0,0,0,0,,,,,,,,45.241,0.0,0.964,46.204,0
GM0534,2021,Hillegom,Zuid-Holland,13.49,52.296751,4.576933,22822,1775.0,0,0,0,,,,,,,,45.241,0.0,0.964,46.204,0
GM0534,2022,Hillegom,Zuid-Holland,13.49,52.296751,4.576933,22822,1775.0,48,0,0,,,,,,,,45.241,0.0,0.964,46.204,0
GM0534,2023,Hillegom,Zuid-Holland,13.49,52.296751,4.576933,22822,1775.0,35,0,0,,,,,,,,45.241,0.0,0.964,46.204,0
GM0534,2024,Hillegom,Zuid-Holland,13.49,52.296751,4.576933,22822,1775.0,42,0,0,,,,,,,,45.241,0.0,0.964,46.204,0
GM0537,2015,Katwijk,Zuid-Holland,26.34,52.189816,4.422382,66966,2700.0,0,0,0,10.91,7.17,14.29,81.2,1017.13,820.1,1915.9,67.88,0.0,6.757,74.638,36
GM0537,2016,Katwijk,Zuid-Holland,26.34,52.189816,4.422382,66966,2700.0,0,0,0,6.22,2.88,9.18,82.01,1011.67,323.1,579.2,67.88,0.0,6.757,74.638,36
GM0537,2017,Katwijk,Zuid-Holland,26.34,52.189816,4.422382,66966,2700.0,0,0,0,,,,,,,,67.88,0.0,6.757,74.638,36
GM0537,2018,Katwijk,Zuid-Holland,26.34,52.189816,4.422382,66966,2700.0,0,0,0,,,,,,,,67.88,0.0,6.757,74.638,36
GM0537,2019,Katwijk,Zuid-Holland,26.34,52.189816,4.422382,66966,2700.0,0,0,0,,,,,,,,67.88,0.0,6.757,74.638,36
GM0537,2020,Katwijk,Zuid-Holland,26.34,52.189816,4.422382,66966,2700.0,0,0,0,,,,,,,,67.88,0.0,6.757,74.638,36
GM0537,2021,Katwijk,Zuid-Holland,26.34,52.189816,4.422382,66966,2700.0,0,0,0,,,,,,,,67.88,0.0,6.757,74.638,36
GM0537,2022,Katwijk,Zuid-Holland,26.34,52.189816,4.422382,66966,2700.0,112,0,0,,,,,,,,67.88,0.0,6.757,74.638,36
GM0537,2023,Katwijk,Zuid-Holland,26.34,52.189816,4.422382,66966,2700.0,128,0,0,,,,,,,,67.88,0.0,6.757,74.638,36
GM0537,2024,Katwijk,Zuid-Holland,26.34,52.189816,4.422382,66966,2700.0,118,1,0,,,,,,,,67.88,0.0,6.757,74.638,36
GM0542,2015,Krimpen aan den IJssel,Zuid-Holland,8.97,51.914686,4.601973,29626,3861.0,0,0,0,,,,,,,,58.527,0.0,14.263,72.789,12
GM0542,2016,Krimpen aan den IJssel,Zuid-Holland,8.97,51.914686,4.601973,29626,3861.0,0,0,0,,,,,,,,58.527,0.0,14.263,72.789,12
GM0542,2017,Krimpen aan den IJssel,Zuid-Holland,8.97,51.914686,4.601973,29626,3861.0,0,0,0,,,,,,,,58.527,0.0,14.263,72.789,12
GM0542,2018,Krimpen aan den IJssel,Zuid-Holland,8.97,51.914686,4.601973,29626,3861.0,0,0,0,,,,,,,,58.527,0.0,14.263,72.789,12
GM0542,2019,Krimpen aan den IJssel,Zuid-Holland,8.97,51.914686,4.601973,29626,3861.0,0,0,0,,,,,,,,58.527,0.0,14.263,72.789,12
GM0542,2020,Krimpen aan den IJssel,Zuid-Holland,8.97,51.914686,4.601973,29626,3861.0,0,0,0,,,,,,,,58.527,0.0,14.263,72.789,12
GM0542,2021,Krimpen aan den IJssel,Zuid-Holland,8.97,51.914686,4.601973,29626,3861.0,0,0,0,,,,,,,,58.527,0.0,14.263,72.789,12
GM0542,2022,Krimpen aan den IJssel,Zuid-Holland,8.97,51.914686,4.601973,29626,3861.0,9,0,0,,,,,,,,58.527,0.0,14.263,72.789,12
GM0542,2023,Krimpen aan den IJssel,Zuid-Holland,8.97,51.914686,4.601973,29626,3861.0,18,0,0,,,,,,,,58.527,0.0,14.263,72.789,12
GM0542,2024,Krimpen aan den IJssel,Zuid-Holland,8.97,51.914686,4.601973,29626,3861.0,24,0,0,,,,,,,,58.527,0.0,14.263,72.789,12
GM0546,2015,Leiden,Zuid-Holland,23.32,52.154979,4.485119,130108,5954.0,0,0,0,,,,,,,,124.349,0.13,14.612,139.091,103
GM0546,2016,Leiden,Zuid-Holland,23.32,52.154979,4.485119,130108,5954.0,0,0,0,,,,,,,,124.349,0.13,14.612,139.091,103
GM0546,2017,Leiden,Zuid-Holland,23.32,52.154979,4.485119,130108,5954.0,0,0,0,,,,,,,,124.349,0.13,14.612,139.091,103
GM0546,2018,Leiden,Zuid-Holland,23.32,52.154979,4.485119,130108,5954.0,0,0,0,,,,,,,,124.349,0.13,14.612,139.091,103
GM0546,2019,Leiden,Zuid-Holland,23.32,52.154979,4.485119,130108,5954.0,0,0,0,,,,,,,,124.349,0.13,14.612,139.091,103
GM0546,2020,Leiden,Zuid-Holland,23.32,52.154979,4.485119,130108,5954.0,0,0,0,,,,,,,,124.349,0.13,14.612,139.091,103
GM0546,2021,Leiden,Zuid-Holland,23.32,52.154979,4.485119,130108,5954.0,0,0,0,,,,,,,,124.349,0.13,14.612,139.091,103
GM0546,2022,Leiden,Zuid-Holland,23.32,52.154979,4.485119,130108,5954.0,360,1,0,,,,,,,,124.349,0.13,14.612,139.091,103
GM0546,2023,Leiden,Zuid-Holland,23.32,52.154979,4.485119,130108,5954.0,392,0,0,,,,,,,,124.349,0.13,14.612,139.091,103
GM0546,2024,Leiden,Zuid-Holland,23.32,52.154979,4.485119,130108,5954.0,427,2,0,,,,,,,,124.349,0.13,14.612,139.091,103
GM0547,2015,Leiderdorp,Zuid-Holland,12.28,52.156636,4.542068,27736,2413.0,0,0,0,,,,,,,,40.954,0.0,5.06,46.014,10
GM0547,2016,Leiderdorp,Zuid-Holland,12.28,52.156636,4.542068,27736,2413.0,0,0,0,,,,,,,,40.954,0.0,5.06,46.014,10
GM0547,2017,Leiderdorp,Zuid-Holland,12.28,52.156636,4.542068,27736,2413.0,0,0,0,,,,,,,,40.954,0.0,5.06,46.014,10
GM0547,2018,Leiderdorp,Zuid-Holland,12.28,52.156636,4.542068,27736,2413.0,0,0,0,,,,,,,,40.954,0.0,5.06,46.014,10
GM0547,2019,Leiderdorp,Zuid-Holland,12.28,52.156636,4.542068,27736,2413.0,0,0,0,,,,,,,,40.954,0.0,5.06,46.014,10
GM0547,2020,Leiderdorp,Zuid-Holland,12.28,52.156636,4.542068,27736,2413.0,0,0,0,,,,,,,,40.954,0.0,5.06,46.014,10
GM0547,2021,Leiderdorp,Zuid-Holland,12.28,52.156636,4.542068,27736,2413.0,0,0,0,,,,,,,,40.954,0.0,5.06,46.014,10
GM0547,2022,Leiderdorp,Zuid-Holland,12.28,52.156636,4.542068,27736,2413.0,35,0,0,,,,,,,,40.954,0.0,5.06,46.014,10
GM0547,2023,Leiderdorp,Zuid-Holland,12.28,52.156636,4.542068,27736,2413.0,33,0,0,,,,,,,,40.954,0.0,5.06,46.014,10
GM0547,2024,Leiderdorp,Zuid-Holland,12.28,52.156636,4.542068,27736,2413.0,35,0,0,,,,,,,,40.954,0.0,5.06,46.014,10
GM0553,2015,Lisse,Zuid-Holland,16.06,52.255515,4.545813,23447,1494.0,0,0,0,,,,,,,,57.162,0.0,11.544,68.706,4
GM0553,2016,Lisse,Zuid-Holland,16.06,52.255515,4.545813,23447,1494.0,0,0,0,,,,,,,,57.162,0.0,11.544,68.706,4
GM0553,2017,Lisse,Zuid-Holland,16.06,52.255515,4.545813,23447,1494.0,0,0,0,,,,,,,,57.162,0.0,11.544,68.706,4
GM0553,2018,Lisse,Zuid-Holland,16.06,52.255515,4.545813,23447,1494.0,0,0,0,,,,,,,,57.162,0.0,11.544,68.706,4
GM0553,2019,Lisse,Zuid-Holland,16.06,52.255515,4.545813,23447,1494.0,0,0,0,,,,,,,,57.162,0.0,11.544,68.706,4
GM0553,2020,Lisse,Zuid-Holland,16.06,52.255515,4.545813,23447,1494.0,0,0,0,,,,,,,,57.162,0.0,11.544,68.706,4
GM0553,2021,Lisse,Zuid-Holland,16.06,52.255515,4.545813,23447,1494.0,0,0,0,,,,,,,,57.162,0.0,11.544,68.706,4
GM0553,2022,Lisse,Zuid-Holland,16.06,52.255515,4.545813,23447,1494.0,36,0,0,,,,,,,,57.162,0.0,11.544,68.706,4
GM0553,2023,Lisse,Zuid-Holland,16.06,52.255515,4.545813,23447,1494.0,46,0,0,,,,,,,,57.162,0.0,11.544,68.706,4
GM0553,2024,Lisse,Zuid-Holland,16.06,52.255515,4.545813,23447,1494.0,49,0,0,,,,,,,,57.162,0.0,11.544,68.706,4
GM0556,2015,Maassluis,Zuid-Holland,10.11,51.925209,4.248775,35832,4243.0,0,0,0,,,,,,,,83.02,0.0,0.947,83.968,26
GM0556,2016,Maassluis,Zuid-Holland,10.11,51.925209,4.248775,35832,4243.0,0,0,0,,,,,,,,83.02,0.0,0.947,83.968,26
GM0556,2017,Maassluis,Zuid-Holland,10.11,51.925209,4.248775,35832,4243.0,0,0,0,,,,,,,,83.02,0.0,0.947,83.968,26
GM0556,2018,Maassluis,Zuid-Holland,10.11,51.925209,4.248775,35832,4243.0,0,0,0,,,,,,,,83.02,0.0,0.947,83.968,26
GM0556,2019,Maassluis,Zuid-Holland,10.11,51.925209,4.248775,35832,4243.0,0,0,0,,,,,,,,83.02,0.0,0.947,83.968,26
GM0556,2020,Maassluis,Zuid-Holland,10.11,51.925209,4.248775,35832,4243.0,0,0,0,,,,,,,,83.02,0.0,0.947,83.968,26
GM0556,2021,Maassluis,Zuid-Holland,10.11,51.925209,4.248775,35832,4243.0,0,0,0,,,,,,,,83.02,0.0,0.947,83.968,26
GM0556,2022,Maassluis,Zuid-Holland,10.11,51.925209,4.248775,35832,4243.0,28,1,0,,,,,,,,83.02,0.0,0.947,83.968,26
GM0556,2023,Maassluis,Zuid-Holland,10.11,51.925209,4.248775,35832,4243.0,21,0,0,,,,,,,,83.02,0.0,0.947,83.968,26
GM0556,2024,Maassluis,Zuid-Holland,10.11,51.925209,4.248775,35832,4243.0,46,2,0,,,,,,,,83.02,0.0,0.947,83.968,26
GM0569,2015,Nieuwkoop,Zuid-Holland,91.06,52.170815,4.779477,29501,376.0,0,0,0,,,,,,,,80.659,0.0,1.552,82.211,3
GM0569,2016,Nieuwkoop,Zuid-Holland,91.06,52.170815,4.779477,29501,376.0,0,0,0,,,,,,,,80.659,0.0,1.552,82.211,3
GM0569,2017,Nieuwkoop,Zuid-Holland,91.06,52.170815,4.779477,29501,376.0,0,0,0,,,,,,,,80.659,0.0,1.552,82.211,3
GM0569,2018,Nieuwkoop,Zuid-Holland,91.06,52.170815,4.779477,29501,376.0,0,0,0,,,,,,,,80.659,0.0,1.552,82.211,3
GM0569,2019,Nieuwkoop,Zuid-Holland,91.06,52.170815,4.779477,29501,376.0,0,0,0,,,,,,,,80.659,0.0,1.552,82.211,3
GM0569,2020,Nieuwkoop,Zuid-Holland,91.06,52.170815,4.779477,29501,376.0,0,0,0,,,,,,,,80.659,0.0,1.552,82.211,3
GM0569,2021,Nieuwkoop,Zuid-Holland,91.06,52.170815,4.779477,29501,376.0,0,0,0,,,,,,,,80.659,0.0,1.552,82.211,3
GM0569,2022,Nieuwkoop,Zuid-Holland,91.06,52.170815,4.779477,29501,376.0,40,0,0,,,,,,,,80.659,0.0,1.552,82.211,3
GM0569,2023,Nieuwkoop,Zuid-Holland,91.06,52.170815,4.779477,29501,376.0,33,0,0,,,,,,,,80.659,0.0,1.552,82.211,3
GM0569,2024,Nieuwkoop,Zuid-Holland,91.06,52.170815,4.779477,29501,376.0,36,0,0,,,,,,,,80.659,0.0,1.552,82.211,3
GM0575,2015,Noordwijk,Zuid-Holland,59.58,52.269817,4.484607,45734,784.0,0,0,0,,,,,,,,96.846,0.27,8.245,105.36,11
GM0575,2016,Noordwijk,Zuid-Holland,59.58,52.269817,4.484607,45734,784.0,0,0,0,,,,,,,,96.846,0.27,8.245,105.36,11
GM0575,2017,Noordwijk,Zuid-Holland,59.58,52.269817,4.484607,45734,784.0,0,0,0,,,,,,,,96.846,0.27,8.245,105.36,11
GM0575,2018,Noordwijk,Zuid-Holland,59.58,52.269817,4.484607,45734,784.0,0,0,0,,,,,,,,96.846,0.27,8.245,105.36,11
GM0575,2019,Noordwijk,Zuid-Holland,59.58,52.269817,4.484607,45734,784.0,0,0,0,,,,,,,,96.846,0.27,8.245,105.36,11
GM0575,2020,Noordwijk,Zuid-Holland,59.58,52.269817,4.484607,45734,784.0,0,0,0,,,,,,,,96.846,0.27,8.245,105.36,11
GM0575,2021,Noordwijk,Zuid-Holland,59.58,52.269817,4.484607,45734,784.0,0,0,0,,,,,,,,96.846,0.27,8.245,105.36,11
GM0575,2022,Noordwijk,Zuid-Holland,59.58,52.269817,4.484607,45734,784.0,108,1,0,,,,,,,,96.846,0.27,8.245,105.36,11
GM0575,2023,Noordwijk,Zuid-Holland,59.58,52.269817,4.484607,45734,784.0,110,1,0,,,,,,,,96.846,0.27,8.245,105.36,11
GM0575,2024,Noordwijk,Zuid-Holland,59.58,52.269817,4.484607,45734,784.0,112,0,0,,,,,,,,96.846,0.27,8.245,105.36,11
GM0579,2015,Oegstgeest,Zuid-Holland,7.99,52.185565,4.471147,25948,3557.0,0,0,0,,,,,,,,30.279,0.606,5.056,35.942,6
GM0579,2016,Oegstgeest,Zuid-Holland,7.99,52.185565,4.471147,25948,3557.0,0,0,0,,,,,,,,30.279,0.606,5.056,35.942,6
GM0579,2017,Oegstgeest,Zuid-Holland,7.99,52.185565,4.471147,25948,3557.0,0,0,0,,,,,,,,30.279,0.606,5.056,35.942,6
GM0579,2018,Oegstgeest,Zuid-Holland,7.99,52.185565,4.471147,25948,3557.0,0,0,0,,,,,,,,30.279,0.606,5.056,35.942,6
GM0579,2019,Oegstgeest,Zuid-Holland,7.99,52.185565,4.471147,25948,3557.0,0,0,0,,,,,,,,30.279,0.606,5.056,35.942,6
GM0579,2020,Oegstgeest,Zuid-Holland,7.99,52.185565,4.471147,25948,3557.0,0,0,0,,,,,,,,30.279,0.606,5.056,35.942,6
GM0579,2021,Oegstgeest,Zuid-Holland,7.99,52.185565,4.471147,25948,3557.0,0,0,0,,,,,,,,30.279,0.606,5.056,35.942,6
GM0579,2022,Oegstgeest,Zuid-Holland,7.99,52.185565,4.471147,25948,3557.0,46,0,0,,,,,,,,30.279,0.606,5.056,35.942,6
GM0579,2023,Oegstgeest,Zuid-Holland,7.99,52.185565,4.471147,25948,3557.0,53,0,0,,,,,,,,30.279,0.606,5.056,35.942,6
GM0579,2024,Oegstgeest,Zuid-Holland,7.99,52.185565,4.471147,25948,3557.0,53,0,0,,,,,,,,30.279,0.606,5.056,35.942,6
GM0589,2015,Oudewater,Utrecht,40.13,52.027459,4.864201,10223,263.0,0,0,0,,,,,,,,26.438,0.0,4.136,30.574,0
GM0589,2016,Oudewater,Utrecht,40.13,52.027459,4.864201,10223,263.0,0,0,0,,,,,,,,26.438,0.0,4.136,30.574,0
GM0589,2017,Oudewater,Utrecht,40.13,52.027459,4.864201,10223,263.0,0,0,0,,,,,,,,26.438,0.0,4.136,30.574,0
GM0589,2018,Oudewater,Utrecht,40.13,52.027459,4.864201,10223,263.0,0,0,0,,,,,,,,26.438,0.0,4.136,30.574,0
GM0589,2019,Oudewater,Utrecht,40.13,52.027459,4.864201,10223,263.0,0,0,0,,,,,,,,26.438,0.0,4.136,30.574,0
GM0589,2020,Oudewater,Utrecht,40.13,52.027459,4.864201,10223,263.0,0,0,0,,,,,,,,26.438,0.0,4.136,30.574,0
GM0589,2021,Oudewater,Utrecht,40.13,52.027459,4.864201,10223,263.0,0,0,0,,,,,,,,26.438,0.0,4.136,30.574,0
GM0589,2022,Oudewater,Utrecht,40.13,52.027459,4.864201,10223,263.0,5,0,0,,,,,,,,26.438,0.0,4.136,30.574,0
GM0589,2023,Oudewater,Utrecht,40.13,52.027459,4.864201,10223,263.0,9,0,0,,,,,,,,26.438,0.0,4.136,30.574,0
GM0589,2024,Oudewater,Utrecht,40.13,52.027459,4.864201,10223,263.0,10,0,0,,,,,,,,26.438,0.0,4.136,30.574,0
GM0590,2015,Papendrecht,Zuid-Holland,10.79,51.833247,4.703377,32178,3418.0,0,0,0,,,,,,,,98.335,0.0,0.753,99.088,12
GM0590,2016,Papendrecht,Zuid-Holland,10.79,51.833247,4.703377,32178,3418.0,0,0,0,,,,,,,,98.335,0.0,0.753,99.088,12
GM0590,2017,Papendrecht,Zuid-Holland,10.79,51.833247,4.703377,32178,3418.0,0,0,0,,,,,,,,98.335,0.0,0.753,99.088,12
GM0590,2018,Papendrecht,Zuid-Holland,10.79,51.833247,4.703377,32178,3418.0,0,0,0,,,,,,,,98.335,0.0,0.753,99.088,12
GM0590,2019,Papendrecht,Zuid-Holland,10.79,51.833247,4.703377,32178,3418.0,0,0,0,,,,,,,,98.335,0.0,0.753,99.088,12
GM0590,2020,Papendrecht,Zuid-Holland,10.79,51.833247,4.703377,32178,3418.0,0,0,0,,,,,,,,98.335,0.0,0.753,99.088,12
GM0590,2021,Papendrecht,Zuid-Holland,10.79,51.833247,4.703377,32178,3418.0,0,0,0,,,,,,,,98.335,0.0,0.753,99.088,12
GM0590,2022,Papendrecht,Zuid-Holland,10.79,51.833247,4.703377,32178,3418.0,31,0,0,,,,,,,,98.335,0.0,0.753,99.088,12
GM0590,2023,Papendrecht,Zuid-Holland,10.79,51.833247,4.703377,32178,3418.0,29,0,0,,,,,,,,98.335,0.0,0.753,99.088,12
GM0590,2024,Papendrecht,Zuid-Holland,10.79,51.833247,4.703377,32178,3418.0,34,0,0,,,,,,,,98.335,0.0,0.753,99.088,12
GM0597,2015,Ridderkerk,Zuid-Holland,25.31,51.868825,4.596176,47721,2033.0,0,0,0,,,,,,,,158.62,0.0,4.552,163.172,50
GM0597,2016,Ridderkerk,Zuid-Holland,25.31,51.868825,4.596176,47721,2033.0,0,0,0,,,,,,,,158.62,0.0,4.552,163.172,50
GM0597,2017,Ridderkerk,Zuid-Holland,25.31,51.868825,4.596176,47721,2033.0,0,0,0,,,,,,,,158.62,0.0,4.552,163.172,50
GM0597,2018,Ridderkerk,Zuid-Holland,25.31,51.868825,4.596176,47721,2033.0,0,0,0,,,,,,,,158.62,0.0,4.552,163.172,50
GM0597,2019,Ridderkerk,Zuid-Holland,25.31,51.868825,4.596176,47721,2033.0,0,0,0,,,,,,,,158.62,0.0,4.552,163.172,50
GM0597,2020,Ridderkerk,Zuid-Holland,25.31,51.868825,4.596176,47721,2033.0,0,0,0,,,,,,,,158.62,0.0,4.552,163.172,50
GM0597,2021,Ridderkerk,Zuid-Holland,25.31,51.868825,4.596176,47721,2033.0,0,0,0,,,,,,,,158.62,0.0,4.552,163.172,50
GM0597,2022,Ridderkerk,Zuid-Holland,25.31,51.868825,4.596176,47721,2033.0,39,0,0,,,,,,,,158.62,0.0,4.552,163.172,50
GM0597,2023,Ridderkerk,Zuid-Holland,25.31,51.868825,4.596176,47721,2033.0,42,1,0,,,,,,,,158.62,0.0,4.552,163.172,50
GM0597,2024,Ridderkerk,Zuid-Holland,25.31,51.868825,4.596176,47721,2033.0,36,1,0,,,,,,,,158.62,0.0,4.552,163.172,50
GM0599,2015,Rotterdam,Zuid-Holland,294.23,51.926934,4.304408,670610,3070.0,0,0,0,,,,,,,,1368.957,0.0,96.244,1465.201,1076
GM0599,2016,Rotterdam,Zuid-Holland,294.23,51.926934,4.304408,670610,3070.0,0,0,0,,,,,,,,1368.957,0.0,96.244,1465.201,1076
GM0599,2017,Rotterdam,Zuid-Holland,294.23,51.926934,4.304408,670610,3070.0,0,0,0,,,,,,,,1368.957,0.0,96.244,1465.201,1076
GM0599,2018,Rotterdam,Zuid-Holland,294.23,51.926934,4.304408,670610,3070.0,0,0,0,,,,,,,,1368.957,0.0,96.244,1465.201,1076
GM0599,2019,Rotterdam,Zuid-Holland,294.23,51.926934,4.304408,670610,3070.0,0,0,0,,,,,,,,1368.957,0.0,96.244,1465.201,1076
GM0599,2020,Rotterdam,Zuid-Holland,294.23,51.926934,4.304408,670610,3070.0,0,0,0,,,,,,,,1368.957,0.0,96.244,1465.201,1076
GM0599,2021,Rotterdam,Zuid-Holland,294.23,51.926934,4.304408,670610,3070.0,0,0,0,,,,,,,,1368.957,0.0,96.244,1465.201,1076
GM0599,2022,Rotterdam,Zuid-Holland,294.23,51.926934,4.304408,670610,3070.0,742,3,0,,,,,,,,1368.957,0.0,96.244,1465.201,1076
GM0599,2023,Rotterdam,Zuid-Holland,294.23,51.926934,4.304408,670610,3070.0,803,3,0,,,,,,,,1368.957,0.0,96.244,1465.201,1076
GM0599,2024,Rotterdam,Zuid-Holland,294.23,51.926934,4.304408,670610,3070.0,838,3,0,,,,,,,,1368.957,0.0,96.244,1465.201,1076
GM0603,2015,Rijswijk (ZH.),Zuid-Holland,14.52,52.036204,4.326036,59642,4267.0,0,0,0,,,,,,,,77.867,0.086,7.47,85.424,35
GM0603,2016,Rijswijk (ZH.),Zuid-Holland,14.52,52.036204,4.326036,59642,4267.0,0,0,0,,,,,,,,77.867,0.086,7.47,85.424,35
GM0603,2017,Rijswijk (ZH.),Zuid-Holland,14.52,52.036204,4.326036,59642,4267.0,0,0,0,,,,,,,,77.867,0.086,7.47,85.424,35
GM0603,2018,Rijswijk (ZH.),Zuid-Holland,14.52,52.036204,4.326036,59642,4267.0,0,0,0,,,,,,,,77.867,0.086,7.47,85.424,35
GM0603,2019,Rijswijk (ZH.),Zuid-Holland,14.52,52.036204,4.326036,59642,4267.0,0,0,0,,,,,,,,77.867,0.086,7.47,85.424,35
GM0603,2020,Rijswijk (ZH.),Zuid-Holland,14.52,52.036204,4.326036,59642,4267.0,0,0,0,,,,,,,,77.867,0.086,7.47,85.424,35
GM0603,2021,Rijswijk (ZH.),Zuid-Holland,14.52,52.036204,4.326036,59642,4267.0,0,0,0,,,,,,,,77.867,0.086,7.47,85.424,35
GM0603,2022,Rijswijk (ZH.),Zuid-Holland,14.52,52.036204,4.326036,59642,4267.0,0,0,0,,,,,,,,77.867,0.086,7.47,85.424,35
GM0603,2023,Rijswijk (ZH.),Zuid-Holland,14.52,52.036204,4.326036,59642,4267.0,0,0,0,,,,,,,,77.867,0.086,7.47,85.424,35
GM0603,2024,Rijswijk (ZH.),Zuid-Holland,14.52,52.036204,4.326036,59642,4267.0,0,0,0,,,,,,,,77.867,0.086,7.47,85.424,35
GM0606,2015,Schiedam,Zuid-Holland,19.85,51.926755,4.385266,81838,4596.0,0,0,0,11.11,7.05,14.83,80.43,1017.28,894.4,1881.0,155.569,0.0,5.906,161.475,44
GM0606,2016,Schiedam,Zuid-Holland,19.85,51.926755,4.385266,81838,4596.0,0,0,0,11.05,6.96,14.84,81.46,1015.96,871.1,1928.2,155.569,0.0,5.906,161.475,44
GM0606,2017,Schiedam,Zuid-Holland,19.85,51.926755,4.385266,81838,4596.0,0,0,0,11.26,7.14,15.0,80.79,1016.08,1036.6,1781.0,155.569,0.0,5.906,161.475,44
GM0606,2018,Schiedam,Zuid-Holland,19.85,51.926755,4.385266,81838,4596.0,0,0,0,11.54,7.14,15.6,78.42,1015.3,719.9,2053.3,155.569,0.0,5.906,161.475,44
GM0606,2019,Schiedam,Zuid-Holland,19.85,51.926755,4.385266,81838,4596.0,0,0,0,11.38,7.13,15.33,79.55,1014.36,884.6,1920.8,155.569,0.0,5.906,161.475,44
GM0606,2020,Schiedam,Zuid-Holland,19.85,51.926755,4.385266,81838,4596.0,0,0,0,11.95,7.73,15.81,78.23,1014.95,929.6,2031.4,155.569,0.0,5.906,161.475,44
GM0606,2021,Schiedam,Zuid-Holland,19.85,51.926755,4.385266,81838,4596.0,0,0,0,10.8,6.87,14.44,81.46,1016.1,849.1,1776.4,155.569,0.0,5.906,161.475,44
GM0606,2022,Schiedam,Zuid-Holland,19.85,51.926755,4.385266,81838,4596.0,78,0,0,11.97,7.47,16.04,77.79,1017.0,795.9,2211.8,155.569,0.0,5.906,161.475,44
GM0606,2023,Schiedam,Zuid-Holland,19.85,51.926755,4.385266,81838,4596.0,55,0,0,12.13,8.23,15.68,80.33,1014.01,1132.4,1871.0,155.569,0.0,5.906,161.475,44
GM0606,2024,Schiedam,Zuid-Holland,19.85,51.926755,4.385266,81838,4596.0,80,0,0,12.08,8.38,15.59,80.4,1014.35,993.3,1727.2,155.569,0.0,5.906,161.475,44
GM0610,2015,Sliedrecht,Zuid-Holland,14.02,51.830678,4.772954,26261,2044.0,0,0,0,,,,,,,,60.378,0.0,4.893,65.271,10
GM0610,2016,Sliedrecht,Zuid-Holland,14.02,51.830678,4.772954,26261,2044.0,0,0,0,,,,,,,,60.378,0.0,4.893,65.271,10
GM0610,2017,Sliedrecht,Zuid-Holland,14.02,51.830678,4.772954,26261,2044.0,0,0,0,,,,,,,,60.378,0.0,4.893,65.271,10
GM0610,2018,Sliedrecht,Zuid-Holland,14.02,51.830678,4.772954,26261,2044.0,0,0,0,,,,,,,,60.378,0.0,4.893,65.271,10
GM0610,2019,Sliedrecht,Zuid-Holland,14.02,51.830678,4.772954,26261,2044.0,0,0,0,,,,,,,,60.378,0.0,4.893,65.271,10
GM0610,2020,Sliedrecht,Zuid-Holland,14.02,51.830678,4.772954,26261,2044.0,0,0,0,,,,,,,,60.378,0.0,4.893,65.271,10
GM0610,2021,Sliedrecht,Zuid-Holland,14.02,51.830678,4.772954,26261,2044.0,0,0,0,,,,,,,,60.378,0.0,4.893,65.271,10
GM0610,2022,Sliedrecht,Zuid-Holland,14.02,51.830678,4.772954,26261,2044.0,12,0,0,,,,,,,,60.378,0.0,4.893,65.271,10
GM0610,2023,Sliedrecht,Zuid-Holland,14.02,51.830678,4.772954,26261,2044.0,19,0,0,,,,,,,,60.378,0.0,4.893,65.271,10
GM0610,2024,Sliedrecht,Zuid-Holland,14.02,51.830678,4.772954,26261,2044.0,28,0,0,,,,,,,,60.378,0.0,4.893,65.271,10
GM0613,2015,Albrandswaard,Zuid-Holland,23.75,51.852049,4.435711,26428,1220.0,0,0,0,,,,,,,,92.569,0.0,13.519,106.088,22
GM0613,2016,Albrandswaard,Zuid-Holland,23.75,51.852049,4.435711,26428,1220.0,0,0,0,,,,,,,,92.569,0.0,13.519,106.088,22
GM0613,2017,Albrandswaard,Zuid-Holland,23.75,51.852049,4.435711,26428,1220.0,0,0,0,,,,,,,,92.569,0.0,13.519,106.088,22
GM0613,2018,Albrandswaard,Zuid-Holland,23.75,51.852049,4.435711,26428,1220.0,0,0,0,,,,,,,,92.569,0.0,13.519,106.088,22
GM0613,2019,Albrandswaard,Zuid-Holland,23.75,51.852049,4.435711,26428,1220.0,0,0,0,,,,,,,,92.569,0.0,13.519,106.088,22
GM0613,2020,Albrandswaard,Zuid-Holland,23.75,51.852049,4.435711,26428,1220.0,0,0,0,,,,,,,,92.569,0.0,13.519,106.088,22
GM0613,2021,Albrandswaard,Zuid-Holland,23.75,51.852049,4.435711,26428,1220.0,0,0,0,,,,,,,,92.569,0.0,13.519,106.088,22
GM0613,2022,Albrandswaard,Zuid-Holland,23.75,51.852049,4.435711,26428,1220.0,19,0,0,,,,,,,,92.569,0.0,13.519,106.088,22
GM0613,2023,Albrandswaard,Zuid-Holland,23.75,51.852049,4.435711,26428,1220.0,17,0,0,,,,,,,,92.569,0.0,13.519,106.088,22
GM0613,2024,Albrandswaard,Zuid-Holland,23.75,51.852049,4.435711,26428,1220.0,10,0,0,,,,,,,,92.569,0.0,13.519,106.088,22
GM0622,2015,Vlaardingen,Zuid-Holland,26.62,51.917417,4.327948,76409,3270.0,0,0,0,,,,,,,,213.722,0.0,17.24,230.962,82
GM0622,2016,Vlaardingen,Zuid-Holland,26.62,51.917417,4.327948,76409,3270.0,0,0,0,,,,,,,,213.722,0.0,17.24,230.962,82
GM0622,2017,Vlaardingen,Zuid-Holland,26.62,51.917417,4.327948,76409,3270.0,0,0,0,,,,,,,,213.722,0.0,17.24,230.962,82
GM0622,2018,Vlaardingen,Zuid-Holland,26.62,51.917417,4.327948,76409,3270.0,0,0,0,,,,,,,,213.722,0.0,17.24,230.962,82
GM0622,2019,Vlaardingen,Zuid-Holland,26.62,51.917417,4.327948,76409,3270.0,0,0,0,,,,,,,,213.722,0.0,17.24,230.962,82
GM0622,2020,Vlaardingen,Zuid-Holland,26.62,51.917417,4.327948,76409,3270.0,0,0,0,,,,,,,,213.722,0.0,17.24,230.962,82
GM0622,2021,Vlaardingen,Zuid-Holland,26.62,51.917417,4.327948,76409,3270.0,0,0,0,,,,,,,,213.722,0.0,17.24,230.962,82
GM0622,2022,Vlaardingen,Zuid-Holland,26.62,51.917417,4.327948,76409,3270.0,65,0,0,,,,,,,,213.722,0.0,17.24,230.962,82
GM0622,2023,Vlaardingen,Zuid-Holland,26.62,51.917417,4.327948,76409,3270.0,52,1,0,,,,,,,,213.722,0.0,17.24,230.962,82
GM0622,2024,Vlaardingen,Zuid-Holland,26.62,51.917417,4.327948,76409,3270.0,55,0,0,,,,,,,,213.722,0.0,17.24,230.962,82
GM0626,2015,Voorschoten,Zuid-Holland,11.54,52.124812,4.438628,25625,2306.0,0,0,0,10.83,6.71,14.36,81.72,1017.2,908.2,1901.4,37.875,0.0,1.84,39.715,46
GM0626,2016,Voorschoten,Zuid-Holland,11.54,52.124812,4.438628,25625,2306.0,0,0,0,10.77,6.68,14.36,82.8,1015.93,833.8,1942.5,37.875,0.0,1.84,39.715,46
GM0626,2017,Voorschoten,Zuid-Holland,11.54,52.124812,4.438628,25625,2306.0,0,0,0,10.97,6.88,14.48,81.0,1016.04,1073.2,1885.2,37.875,0.0,1.84,39.715,46
GM0626,2018,Voorschoten,Zuid-Holland,11.54,52.124812,4.438628,25625,2306.0,0,0,0,11.08,6.81,14.94,81.05,1015.32,669.1,2105.8,37.875,0.0,1.84,39.715,46
GM0626,2019,Voorschoten,Zuid-Holland,11.54,52.124812,4.438628,25625,2306.0,0,0,0,11.04,6.74,14.81,82.54,1014.29,972.5,1961.9,37.875,0.0,1.84,39.715,46
GM0626,2020,Voorschoten,Zuid-Holland,11.54,52.124812,4.438628,25625,2306.0,0,0,0,11.58,7.3,15.28,79.37,1014.88,797.4,2070.8,37.875,0.0,1.84,39.715,46
GM0626,2021,Voorschoten,Zuid-Holland,11.54,52.124812,4.438628,25625,2306.0,0,0,0,10.49,6.49,14.01,82.5,1016.02,800.2,1873.3,37.875,0.0,1.84,39.715,46
GM0626,2022,Voorschoten,Zuid-Holland,11.54,52.124812,4.438628,25625,2306.0,39,0,0,11.55,6.96,15.51,78.43,1016.96,841.0,2312.2,37.875,0.0,1.84,39.715,46
GM0626,2023,Voorschoten,Zuid-Holland,11.54,52.124812,4.438628,25625,2306.0,35,0,0,11.8,7.82,15.29,80.49,1013.98,1154.5,1920.9,37.875,0.0,1.84,39.715,46
GM0626,2024,Voorschoten,Zuid-Holland,11.54,52.124812,4.438628,25625,2306.0,46,0,0,11.82,7.98,15.26,82.04,1014.28,1058.4,1776.4,37.875,0.0,1.84,39.715,46
GM0627,2015,Waddinxveen,Zuid-Holland,29.4,52.042402,4.640713,34000,1225.0,0,0,0,,,,,,,,55.013,0.368,6.851,62.232,71
GM0627,2016,Waddinxveen,Zuid-Holland,29.4,52.042402,4.640713,34000,1225.0,0,0,0,,,,,,,,55.013,0.368,6.851,62.232,71
GM0627,2017,Waddinxveen,Zuid-Holland,29.4,52.042402,4.640713,34000,1225.0,0,0,0,,,,,,,,55.013,0.368,6.851,62.232,71
GM0627,2018,Waddinxveen,Zuid-Holland,29.4,52.042402,4.640713,34000,1225.0,0,0,0,,,,,,,,55.013,0.368,6.851,62.232,71
GM0627,2019,Waddinxveen,Zuid-Holland,29.4,52.042402,4.640713,34000,1225.0,0,0,0,,,,,,,,55.013,0.368,6.851,62.232,71
GM0627,2020,Waddinxveen,Zuid-Holland,29.4,52.042402,4.640713,34000,1225.0,0,0,0,,,,,,,,55.013,0.368,6.851,62.232,71
GM0627,2021,Waddinxveen,Zuid-Holland,29.4,52.042402,4.640713,34000,1225.0,0,0,0,,,,,,,,55.013,0.368,6.851,62.232,71
GM0627,2022,Waddinxveen,Zuid-Holland,29.4,52.042402,4.640713,34000,1225.0,45,0,0,,,,,,,,55.013,0.368,6.851,62.232,71
GM0627,2023,Waddinxveen,Zuid-Holland,29.4,52.042402,4.640713,34000,1225.0,48,2,0,,,,,,,,55.013,0.368,6.851,62.232,71
GM0627,2024,Waddinxveen,Zuid-Holland,29.4,52.042402,4.640713,34000,1225.0,42,0,0,,,,,,,,55.013,0.368,6.851,62.232,71
GM0629,2015,Wassenaar,Zuid-Holland,52.94,52.137601,4.373143,27100,530.0,0,0,0,,,,,,,,68.216,0.064,3.24,71.52,20
GM0629,2016,Wassenaar,Zuid-Holland,52.94,52.137601,4.373143,27100,530.0,0,0,0,,,,,,,,68.216,0.064,3.24,71.52,20
GM0629,2017,Wassenaar,Zuid-Holland,52.94,52.137601,4.373143,27100,530.0,0,0,0,,,,,,,,68.216,0.064,3.24,71.52,20
GM0629,2018,Wassenaar,Zuid-Holland,52.94,52.137601,4.373143,27100,530.0,0,0,0,,,,,,,,68.216,0.064,3.24,71.52,20
GM0629,2019,Wassenaar,Zuid-Holland,52.94,52.137601,4.373143,27100,530.0,0,0,0,,,,,,,,68.216,0.064,3.24,71.52,20
GM0629,2020,Wassenaar,Zuid-Holland,52.94,52.137601,4.373143,27100,530.0,0,0,0,,,,,,,,68.216,0.064,3.24,71.52,20
GM0629,2021,Wassenaar,Zuid-Holland,52.94,52.137601,4.373143,27100,530.0,0,0,0,,,,,,,,68.216,0.064,3.24,71.52,20
GM0629,2022,Wassenaar,Zuid-Holland,52.94,52.137601,4.373143,27100,530.0,76,0,0,,,,,,,,68.216,0.064,3.24,71.52,20
GM0629,2023,Wassenaar,Zuid-Holland,52.94,52.137601,4.373143,27100,530.0,67,1,0,,,,,,,,68.216,0.064,3.24,71.52,20
GM0629,2024,Wassenaar,Zuid-Holland,52.94,52.137601,4.373143,27100,530.0,87,0,0,,,,,,,,68.216,0.064,3.24,71.52,20
GM0632,2015,Woerden,Utrecht,92.99,52.106945,4.898855,53724,607.0,0,0,0,,,,,,,,169.898,0.18,6.929,177.006,20
GM0632,2016,Woerden,Utrecht,92.99,52.106945,4.898855,53724,607.0,0,0,0,,,,,,,,169.898,0.18,6.929,177.006,20
GM0632,2017,Woerden,Utrecht,92.99,52.106945,4.898855,53724,607.0,0,0,0,,,,,,,,169.898,0.18,6.929,177.006,20
GM0632,2018,Woerden,Utrecht,92.99,52.106945,4.898855,53724,607.0,0,0,0,,,,,,,,169.898,0.18,6.929,177.006,20
GM0632,2019,Woerden,Utrecht,92.99,52.106945,4.898855,53724,607.0,0,0,0,,,,,,,,169.898,0.18,6.929,177.006,20
GM0632,2020,Woerden,Utrecht,92.99,52.106945,4.898855,53724,607.0,0,0,0,,,,,,,,169.898,0.18,6.929,177.006,20
GM0632,2021,Woerden,Utrecht,92.99,52.106945,4.898855,53724,607.0,0,0,0,,,,,,,,169.898,0.18,6.929,177.006,20
GM0632,2022,Woerden,Utrecht,92.99,52.106945,4.898855,53724,607.0,26,0,0,,,,,,,,169.898,0.18,6.929,177.006,20
GM0632,2023,Woerden,Utrecht,92.99,52.106945,4.898855,53724,607.0,53,1,0,,,,,,,,169.898,0.18,6.929,177.006,20
GM0632,2024,Woerden,Utrecht,92.99,52.106945,4.898855,53724,607.0,58,1,0,,,,,,,,169.898,0.18,6.929,177.006,20
GM0637,2015,Zoetermeer,Zuid-Holland,37.06,52.060905,4.489802,128434,3730.0,0,0,0,,,,,,,,184.997,0.0,6.321,191.318,32
GM0637,2016,Zoetermeer,Zuid-Holland,37.06,52.060905,4.489802,128434,3730.0,0,0,0,,,,,,,,184.997,0.0,6.321,191.318,32
GM0637,2017,Zoetermeer,Zuid-Holland,37.06,52.060905,4.489802,128434,3730.0,0,0,0,,,,,,,,184.997,0.0,6.321,191.318,32
GM0637,2018,Zoetermeer,Zuid-Holland,37.06,52.060905,4.489802,128434,3730.0,0,0,0,,,,,,,,184.997,0.0,6.321,191.318,32
GM0637,2019,Zoetermeer,Zuid-Holland,37.06,52.060905,4.489802,128434,3730.0,0,0,0,,,,,,,,184.997,0.0,6.321,191.318,32
GM0637,2020,Zoetermeer,Zuid-Holland,37.06,52.060905,4.489802,128434,3730.0,0,0,0,,,,,,,,184.997,0.0,6.321,191.318,32
GM0637,2021,Zoetermeer,Zuid-Holland,37.06,52.060905,4.489802,128434,3730.0,0,0,0,,,,,,,,184.997,0.0,6.321,191.318,32
GM0637,2022,Zoetermeer,Zuid-Holland,37.06,52.060905,4.489802,128434,3730.0,184,1,0,,,,,,,,184.997,0.0,6.321,191.318,32
GM0637,2023,Zoetermeer,Zuid-Holland,37.06,52.060905,4.489802,128434,3730.0,206,1,0,,,,,,,,184.997,0.0,6.321,191.318,32
GM0637,2024,Zoetermeer,Zuid-Holland,37.06,52.060905,4.489802,128434,3730.0,215,0,0,,,,,,,,184.997,0.0,6.321,191.318,32
GM0638,2015,Zoeterwoude,Zuid-Holland,21.93,52.114803,4.513863,9732,460.0,0,0,0,,,,,,,,29.877,0.0,4.225,34.102,16
GM0638,2016,Zoeterwoude,Zuid-Holland,21.93,52.114803,4.513863,9732,460.0,0,0,0,,,,,,,,29.877,0.0,4.225,34.102,16
GM0638,2017,Zoeterwoude,Zuid-Holland,21.93,52.114803,4.513863,9732,460.0,0,0,0,,,,,,,,29.877,0.0,4.225,34.102,16
GM0638,2018,Zoeterwoude,Zuid-Holland,21.93,52.114803,4.513863,9732,460.0,0,0,0,,,,,,,,29.877,0.0,4.225,34.102,16
GM0638,2019,Zoeterwoude,Zuid-Holland,21.93,52.114803,4.513863,9732,460.0,0,0,0,,,,,,,,29.877,0.0,4.225,34.102,16
GM0638,2020,Zoeterwoude,Zuid-Holland,21.93,52.114803,4.513863,9732,460.0,0,0,0,,,,,,,,29.877,0.0,4.225,34.102,16
GM0638,2021,Zoeterwoude,Zuid-Holland,21.93,52.114803,4.513863,9732,460.0,0,0,0,,,,,,,,29.877,0.0,4.225,34.102,16
GM0638,2022,Zoeterwoude,Zuid-Holland,21.93,52.114803,4.513863,9732,460.0,16,1,0,,,,,,,,29.877,0.0,4.225,34.102,16
GM0638,2023,Zoeterwoude,Zuid-Holland,21.93,52.114803,4.513863,9732,460.0,13,0,0,,,,,,,,29.877,0.0,4.225,34.102,16
GM0638,2024,Zoeterwoude,Zuid-Holland,21.93,52.114803,4.513863,9732,460.0,16,1,0,,,,,,,,29.877,0.0,4.225,34.102,16
GM0642,2015,Zwijndrecht,Zuid-Holland,22.75,51.821914,4.605773,44874,2210.0,0,0,0,,,,,,,,155.092,0.0,5.682,160.774,24
GM0642,2016,Zwijndrecht,Zuid-Holland,22.75,51.821914,4.605773,44874,2210.0,0,0,0,,,,,,,,155.092,0.0,5.682,160.774,24
GM0642,2017,Zwijndrecht,Zuid-Holland,22.75,51.821914,4.605773,44874,2210.0,0,0,0,,,,,,,,155.092,0.0,5.682,160.774,24
GM0642,2018,Zwijndrecht,Zuid-Holland,22.75,51.821914,4.605773,44874,2210.0,0,0,0,,,,,,,,155.092,0.0,5.682,160.774,24
GM0642,2019,Zwijndrecht,Zuid-Holland,22.75,51.821914,4.605773,44874,2210.0,0,0,0,,,,,,,,155.092,0.0,5.682,160.774,24
GM0642,2020,Zwijndrecht,Zuid-Holland,22.75,51.821914,4.605773,44874,2210.0,0,0,0,,,,,,,,155.092,0.0,5.682,160.774,24
GM0642,2021,Zwijndrecht,Zuid-Holland,22.75,51.821914,4.605773,44874,2210.0,0,0,0,,,,,,,,155.092,0.0,5.682,160.774,24
GM0642,2022,Zwijndrecht,Zuid-Holland,22.75,51.821914,4.605773,44874,2210.0,58,0,0,,,,,,,,155.092,0.0,5.682,160.774,24
GM0642,2023,Zwijndrecht,Zuid-Holland,22.75,51.821914,4.605773,44874,2210.0,54,0,0,,,,,,,,155.092,0.0,5.682,160.774,24
GM0642,2024,Zwijndrecht,Zuid-Holland,22.75,51.821914,4.605773,44874,2210.0,50,0,0,,,,,,,,155.092,0.0,5.682,160.774,24
GM0654,2015,Borsele,Zeeland,142.7,51.445153,3.812975,23121,163.0,0,0,0,,,,,,,,77.137,0.382,3.823,81.342,5
GM0654,2016,Borsele,Zeeland,142.7,51.445153,3.812975,23121,163.0,0,0,0,,,,,,,,77.137,0.382,3.823,81.342,5
GM0654,2017,Borsele,Zeeland,142.7,51.445153,3.812975,23121,163.0,0,0,0,,,,,,,,77.137,0.382,3.823,81.342,5
GM0654,2018,Borsele,Zeeland,142.7,51.445153,3.812975,23121,163.0,0,0,0,,,,,,,,77.137,0.382,3.823,81.342,5
GM0654,2019,Borsele,Zeeland,142.7,51.445153,3.812975,23121,163.0,0,0,0,,,,,,,,77.137,0.382,3.823,81.342,5
GM0654,2020,Borsele,Zeeland,142.7,51.445153,3.812975,23121,163.0,0,0,0,,,,,,,,77.137,0.382,3.823,81.342,5
GM0654,2021,Borsele,Zeeland,142.7,51.445153,3.812975,23121,163.0,0,0,0,,,,,,,,77.137,0.382,3.823,81.342,5
GM0654,2022,Borsele,Zeeland,142.7,51.445153,3.812975,23121,163.0,9,0,0,,,,,,,,77.137,0.382,3.823,81.342,5
GM0654,2023,Borsele,Zeeland,142.7,51.445153,3.812975,23121,163.0,8,0,0,,,,,,,,77.137,0.382,3.823,81.342,5
GM0654,2024,Borsele,Zeeland,142.7,51.445153,3.812975,23121,163.0,10,0,0,,,,,,,,77.137,0.382,3.823,81.342,5
GM0664,2015,Goes,Zeeland,94.83,51.515182,3.844927,39682,429.0,0,0,0,,,,,,,,95.662,0.0,5.955,101.617,13
GM0664,2016,Goes,Zeeland,94.83,51.515182,3.844927,39682,429.0,0,0,0,,,,,,,,95.662,0.0,5.955,101.617,13
GM0664,2017,Goes,Zeeland,94.83,51.515182,3.844927,39682,429.0,0,0,0,6.34,4.04,8.23,90.72,1013.28,67.4,29.6,95.662,0.0,5.955,101.617,13
GM0664,2018,Goes,Zeeland,94.83,51.515182,3.844927,39682,429.0,0,0,0,11.69,8.05,15.4,78.81,1015.43,712.3,2117.4,95.662,0.0,5.955,101.617,13
GM0664,2019,Goes,Zeeland,94.83,51.515182,3.844927,39682,429.0,0,0,0,11.48,7.59,15.28,79.88,1014.62,787.5,1994.1,95.662,0.0,5.955,101.617,13
GM0664,2020,Goes,Zeeland,94.83,51.515182,3.844927,39682,429.0,0,0,0,12.18,8.45,15.91,78.25,1015.16,796.0,2137.8,95.662,0.0,5.955,101.617,13
GM0664,2021,Goes,Zeeland,94.83,51.515182,3.844927,39682,429.0,0,0,0,10.95,7.55,14.37,80.52,1016.27,751.0,1913.0,95.662,0.0,5.955,101.617,13
GM0664,2022,Goes,Zeeland,94.83,51.515182,3.844927,39682,429.0,43,0,0,12.15,8.18,15.93,76.86,1017.27,800.8,2287.3,95.662,0.0,5.955,101.617,13
GM0664,2023,Goes,Zeeland,94.83,51.515182,3.844927,39682,429.0,52,1,0,12.22,8.77,15.68,80.75,1014.3,1031.1,2007.3,95.662,0.0,5.955,101.617,13
GM0664,2024,Goes,Zeeland,94.83,51.515182,3.844927,39682,429.0,60,1,0,12.07,8.75,15.46,81.87,1014.59,990.7,1771.3,95.662,0.0,5.955,101.617,13
GM0668,2015,West Maas en Waal,Gelderland,85.2,51.851651,5.49672,20330,267.0,0,0,0,,,,,,,,101.927,0.0,11.449,113.376,16
GM0668,2016,West Maas en Waal,Gelderland,85.2,51.851651,5.49672,20330,267.0,0,0,0,,,,,,,,101.927,0.0,11.449,113.376,16
GM0668,2017,West Maas en Waal,Gelderland,85.2,51.851651,5.49672,20330,267.0,0,0,0,,,,,,,,101.927,0.0,11.449,113.376,16
GM0668,2018,West Maas en Waal,Gelderland,85.2,51.851651,5.49672,20330,267.0,0,0,0,,,,,,,,101.927,0.0,11.449,113.376,16
GM0668,2019,West Maas en Waal,Gelderland,85.2,51.851651,5.49672,20330,267.0,0,0,0,,,,,,,,101.927,0.0,11.449,113.376,16
GM0668,2020,West Maas en Waal,Gelderland,85.2,51.851651,5.49672,20330,267.0,0,0,0,,,,,,,,101.927,0.0,11.449,113.376,16
GM0668,2021,West Maas en Waal,Gelderland,85.2,51.851651,5.49672,20330,267.0,0,0,0,,,,,,,,101.927,0.0,11.449,113.376,16
GM0668,2022,West Maas en Waal,Gelderland,85.2,51.851651,5.49672,20330,267.0,10,1,0,,,,,,,,101.927,0.0,11.449,113.376,16
GM0668,2023,West Maas en Waal,Gelderland,85.2,51.851651,5.49672,20330,267.0,7,0,0,,,,,,,,101.927,0.0,11.449,113.376,16
GM0668,2024,West Maas en Waal,Gelderland,85.2,51.851651,5.49672,20330,267.0,6,0,0,,,,,,,,101.927,0.0,11.449,113.376,16
GM0677,2015,Hulst,Zeeland,207.26,51.32215,4.067881,27330,136.0,0,0,0,,,,,,,,64.07,1.005,5.208,70.284,20
GM0677,2016,Hulst,Zeeland,207.26,51.32215,4.067881,27330,136.0,0,0,0,,,,,,,,64.07,1.005,5.208,70.284,20
GM0677,2017,Hulst,Zeeland,207.26,51.32215,4.067881,27330,136.0,0,0,0,,,,,,,,64.07,1.005,5.208,70.284,20
GM0677,2018,Hulst,Zeeland,207.26,51.32215,4.067881,27330,136.0,0,0,0,,,,,,,,64.07,1.005,5.208,70.284,20
GM0677,2019,Hulst,Zeeland,207.26,51.32215,4.067881,27330,136.0,0,0,0,,,,,,,,64.07,1.005,5.208,70.284,20
GM0677,2020,Hulst,Zeeland,207.26,51.32215,4.067881,27330,136.0,0,0,0,,,,,,,,64.07,1.005,5.208,70.284,20
GM0677,2021,Hulst,Zeeland,207.26,51.32215,4.067881,27330,136.0,0,0,0,,,,,,,,64.07,1.005,5.208,70.284,20
GM0677,2022,Hulst,Zeeland,207.26,51.32215,4.067881,27330,136.0,20,1,0,,,,,,,,64.07,1.005,5.208,70.284,20
GM0677,2023,Hulst,Zeeland,207.26,51.32215,4.067881,27330,136.0,19,1,0,,,,,,,,64.07,1.005,5.208,70.284,20
GM0677,2024,Hulst,Zeeland,207.26,51.32215,4.067881,27330,136.0,28,0,0,,,,,,,,64.07,1.005,5.208,70.284,20
GM0678,2015,Kapelle,Zeeland,38.12,51.484779,3.967587,13009,350.0,0,0,0,,,,,,,,42.224,0.0,0.0,42.224,7
GM0678,2016,Kapelle,Zeeland,38.12,51.484779,3.967587,13009,350.0,0,0,0,,,,,,,,42.224,0.0,0.0,42.224,7
GM0678,2017,Kapelle,Zeeland,38.12,51.484779,3.967587,13009,350.0,0,0,0,,,,,,,,42.224,0.0,0.0,42.224,7
GM0678,2018,Kapelle,Zeeland,38.12,51.484779,3.967587,13009,350.0,0,0,0,,,,,,,,42.224,0.0,0.0,42.224,7
GM0678,2019,Kapelle,Zeeland,38.12,51.484779,3.967587,13009,350.0,0,0,0,,,,,,,,42.224,0.0,0.0,42.224,7
GM0678,2020,Kapelle,Zeeland,38.12,51.484779,3.967587,13009,350.0,0,0,0,,,,,,,,42.224,0.0,0.0,42.224,7
GM0678,2021,Kapelle,Zeeland,38.12,51.484779,3.967587,13009,350.0,0,0,0,,,,,,,,42.224,0.0,0.0,42.224,7
GM0678,2022,Kapelle,Zeeland,38.12,51.484779,3.967587,13009,350.0,12,1,0,,,,,,,,42.224,0.0,0.0,42.224,7
GM0678,2023,Kapelle,Zeeland,38.12,51.484779,3.967587,13009,350.0,7,0,0,,,,,,,,42.224,0.0,0.0,42.224,7
GM0678,2024,Kapelle,Zeeland,38.12,51.484779,3.967587,13009,350.0,13,0,0,,,,,,,,42.224,0.0,0.0,42.224,7
GM0687,2015,Middelburg (Z.),Zeeland,50.08,51.501843,3.647839,50004,1034.0,0,0,0,,,,,,,,74.74,0.468,3.037,78.244,110
GM0687,2016,Middelburg (Z.),Zeeland,50.08,51.501843,3.647839,50004,1034.0,0,0,0,,,,,,,,74.74,0.468,3.037,78.244,110
GM0687,2017,Middelburg (Z.),Zeeland,50.08,51.501843,3.647839,50004,1034.0,0,0,0,,,,,,,,74.74,0.468,3.037,78.244,110
GM0687,2018,Middelburg (Z.),Zeeland,50.08,51.501843,3.647839,50004,1034.0,0,0,0,,,,,,,,74.74,0.468,3.037,78.244,110
GM0687,2019,Middelburg (Z.),Zeeland,50.08,51.501843,3.647839,50004,1034.0,0,0,0,,,,,,,,74.74,0.468,3.037,78.244,110
GM0687,2020,Middelburg (Z.),Zeeland,50.08,51.501843,3.647839,50004,1034.0,0,0,0,,,,,,,,74.74,0.468,3.037,78.244,110
GM0687,2021,Middelburg (Z.),Zeeland,50.08,51.501843,3.647839,50004,1034.0,0,0,0,,,,,,,,74.74,0.468,3.037,78.244,110
GM0687,2022,Middelburg (Z.),Zeeland,50.08,51.501843,3.647839,50004,1034.0,0,0,0,,,,,,,,74.74,0.468,3.037,78.244,110
GM0687,2023,Middelburg (Z.),Zeeland,50.08,51.501843,3.647839,50004,1034.0,0,0,0,,,,,,,,74.74,0.468,3.037,78.244,110
GM0687,2024,Middelburg (Z.),Zeeland,50.08,51.501843,3.647839,50004,1034.0,0,0,0,,,,,,,,74.74,0.468,3.037,78.244,110
GM0703,2015,Reimerswaal,,112.94,51.437072,4.1374,23325,229.0,0,0,0,,,,,,,,103.841,0.0,5.977,109.818,11
GM0703,2016,Reimerswaal,,112.94,51.437072,4.1374,23325,229.0,0,0,0,,,,,,,,103.841,0.0,5.977,109.818,11
GM0703,2017,Reimerswaal,,112.94,51.437072,4.1374,23325,229.0,0,0,0,,,,,,,,103.841,0.0,5.977,109.818,11
GM0703,2018,Reimerswaal,,112.94,51.437072,4.1374,23325,229.0,0,0,0,,,,,,,,103.841,0.0,5.977,109.818,11
GM0703,2019,Reimerswaal,,112.94,51.437072,4.1374,23325,229.0,0,0,0,,,,,,,,103.841,0.0,5.977,109.818,11
GM0703,2020,Reimerswaal,,112.94,51.437072,4.1374,23325,229.0,0,0,0,,,,,,,,103.841,0.0,5.977,109.818,11
GM0703,2021,Reimerswaal,,112.94,51.437072,4.1374,23325,229.0,0,0,0,,,,,,,,103.841,0.0,5.977,109.818,11
GM0703,2022,Reimerswaal,,112.94,51.437072,4.1374,23325,229.0,11,0,0,,,,,,,,103.841,0.0,5.977,109.818,11
GM0703,2023,Reimerswaal,,112.94,51.437072,4.1374,23325,229.0,8,0,0,,,,,,,,103.841,0.0,5.977,109.818,11
GM0703,2024,Reimerswaal,,112.94,51.437072,4.1374,23325,229.0,10,1,0,,,,,,,,103.841,0.0,5.977,109.818,11
GM0715,2015,Terneuzen,Zeeland,261.01,51.287892,3.845918,55132,220.0,0,0,0,11.2,6.9,15.45,80.65,1017.81,680.6,1923.7,196.107,0.0,10.313,206.42,23
GM0715,2016,Terneuzen,Zeeland,261.01,51.287892,3.845918,55132,220.0,0,0,0,11.03,6.9,15.13,81.48,1016.34,687.2,1825.2,196.107,0.0,10.313,206.42,23
GM0715,2017,Terneuzen,Zeeland,261.01,51.287892,3.845918,55132,220.0,0,0,0,11.42,7.14,15.62,80.01,1016.65,712.6,1801.0,196.107,0.0,10.313,206.42,23
GM0715,2018,Terneuzen,Zeeland,261.01,51.287892,3.845918,55132,220.0,0,0,0,11.65,7.05,16.14,78.44,1015.52,560.8,2066.5,196.107,0.0,10.313,206.42,23
GM0715,2019,Terneuzen,Zeeland,261.01,51.287892,3.845918,55132,220.0,0,0,0,11.47,7.0,15.88,78.65,1014.82,680.7,1925.2,196.107,0.0,10.313,206.42,23
GM0715,2020,Terneuzen,Zeeland,261.01,51.287892,3.845918,55132,220.0,0,0,0,12.1,7.65,16.41,77.25,1015.34,744.3,2056.0,196.107,0.0,10.313,206.42,23
GM0715,2021,Terneuzen,Zeeland,261.01,51.287892,3.845918,55132,220.0,0,0,0,10.84,6.85,14.76,81.44,1016.41,800.0,1810.3,196.107,0.0,10.313,206.42,23
GM0715,2022,Terneuzen,Zeeland,261.01,51.287892,3.845918,55132,220.0,39,0,0,12.12,7.38,16.65,76.69,1017.3,609.9,2234.3,196.107,0.0,10.313,206.42,23
GM0715,2023,Terneuzen,Zeeland,261.01,51.287892,3.845918,55132,220.0,46,0,0,12.13,8.14,15.99,80.76,1014.51,882.2,1883.3,196.107,0.0,10.313,206.42,23
GM0715,2024,Terneuzen,Zeeland,261.01,51.287892,3.845918,55132,220.0,34,0,0,12.09,8.43,15.82,82.05,1014.75,807.0,1608.8,196.107,0.0,10.313,206.42,23
GM0716,2015,Tholen,Zeeland,156.4,51.572979,4.132784,26851,183.0,0,0,0,,,,,,,,107.38,0.03,4.84,112.25,39
GM0716,2016,Tholen,Zeeland,156.4,51.572979,4.132784,26851,183.0,0,0,0,,,,,,,,107.38,0.03,4.84,112.25,39
GM0716,2017,Tholen,Zeeland,156.4,51.572979,4.132784,26851,183.0,0,0,0,,,,,,,,107.38,0.03,4.84,112.25,39
GM0716,2018,Tholen,Zeeland,156.4,51.572979,4.132784,26851,183.0,0,0,0,,,,,,,,107.38,0.03,4.84,112.25,39
GM0716,2019,Tholen,Zeeland,156.4,51.572979,4.132784,26851,183.0,0,0,0,,,,,,,,107.38,0.03,4.84,112.25,39
GM0716,2020,Tholen,Zeeland,156.4,51.572979,4.132784,26851,183.0,0,0,0,,,,,,,,107.38,0.03,4.84,112.25,39
GM0716,2021,Tholen,Zeeland,156.4,51.572979,4.132784,26851,183.0,0,0,0,,,,,,,,107.38,0.03,4.84,112.25,39
GM0716,2022,Tholen,Zeeland,156.4,51.572979,4.132784,26851,183.0,9,0,0,,,,,,,,107.38,0.03,4.84,112.25,39
GM0716,2023,Tholen,Zeeland,156.4,51.572979,4.132784,26851,183.0,11,0,0,,,,,,,,107.38,0.03,4.84,112.25,39
GM0716,2024,Tholen,Zeeland,156.4,51.572979,4.132784,26851,183.0,9,0,0,,,,,,,,107.38,0.03,4.84,112.25,39
GM0717,2015,Veere,Zeeland,134.95,51.538007,3.557049,22067,166.0,0,0,0,,,,,,,,139.117,0.0,5.423,144.54,97
GM0717,2016,Veere,Zeeland,134.95,51.538007,3.557049,22067,166.0,0,0,0,,,,,,,,139.117,0.0,5.423,144.54,97
GM0717,2017,Veere,Zeeland,134.95,51.538007,3.557049,22067,166.0,0,0,0,,,,,,,,139.117,0.0,5.423,144.54,97
GM0717,2018,Veere,Zeeland,134.95,51.538007,3.557049,22067,166.0,0,0,0,,,,,,,,139.117,0.0,5.423,144.54,97
GM0717,2019,Veere,Zeeland,134.95,51.538007,3.557049,22067,166.0,0,0,0,,,,,,,,139.117,0.0,5.423,144.54,97
GM0717,2020,Veere,Zeeland,134.95,51.538007,3.557049,22067,166.0,0,0,0,,,,,,,,139.117,0.0,5.423,144.54,97
GM0717,2021,Veere,Zeeland,134.95,51.538007,3.557049,22067,166.0,0,0,0,,,,,,,,139.117,0.0,5.423,144.54,97
GM0717,2022,Veere,Zeeland,134.95,51.538007,3.557049,22067,166.0,19,1,0,,,,,,,,139.117,0.0,5.423,144.54,97
GM0717,2023,Veere,Zeeland,134.95,51.538007,3.557049,22067,166.0,23,0,0,,,,,,,,139.117,0.0,5.423,144.54,97
GM0717,2024,Veere,Zeeland,134.95,51.538007,3.557049,22067,166.0,18,1,0,,,,,,,,139.117,0.0,5.423,144.54,97
GM0718,2015,Vlissingen,Zeeland,35.35,51.46023,3.618896,45389,1321.0,0,0,0,11.54,8.98,14.28,79.98,1017.59,801.4,2007.4,83.32,0.056,2.012,85.387,51
GM0718,2016,Vlissingen,Zeeland,35.35,51.46023,3.618896,45389,1321.0,0,0,0,11.6,9.1,14.34,81.07,1016.18,810.5,2032.9,83.32,0.056,2.012,85.387,51
GM0718,2017,Vlissingen,Zeeland,35.35,51.46023,3.618896,45389,1321.0,0,0,0,11.77,9.23,14.55,79.79,1016.41,872.6,1921.9,83.32,0.056,2.012,85.387,51
GM0718,2018,Vlissingen,Zeeland,35.35,51.46023,3.618896,45389,1321.0,0,0,0,11.87,9.24,14.91,78.78,1015.35,620.9,2156.3,83.32,0.056,2.012,85.387,51
GM0718,2019,Vlissingen,Zeeland,35.35,51.46023,3.618896,45389,1321.0,0,0,0,11.93,9.28,14.82,78.6,1014.55,676.2,2067.2,83.32,0.056,2.012,85.387,51
GM0718,2020,Vlissingen,Zeeland,35.35,51.46023,3.618896,45389,1321.0,0,0,0,12.41,9.68,15.39,76.99,1015.1,776.5,2188.6,83.32,0.056,2.012,85.387,51
GM0718,2021,Vlissingen,Zeeland,35.35,51.46023,3.618896,45389,1321.0,0,0,0,11.18,8.71,13.9,80.34,1016.24,790.8,1947.1,83.32,0.056,2.012,85.387,51
GM0718,2022,Vlissingen,Zeeland,35.35,51.46023,3.618896,45389,1321.0,25,0,0,12.54,9.71,15.68,77.0,1017.11,761.1,2361.4,83.32,0.056,2.012,85.387,51
GM0718,2023,Vlissingen,Zeeland,35.35,51.46023,3.618896,45389,1321.0,25,0,0,12.45,9.91,15.19,80.05,1014.27,938.1,2067.4,83.32,0.056,2.012,85.387,51
GM0718,2024,Vlissingen,Zeeland,35.35,51.46023,3.618896,45389,1321.0,47,1,0,12.25,9.83,15.01,81.7,1014.57,921.3,1793.0,83.32,0.056,2.012,85.387,51
GM0736,2015,De Ronde Venen,Utrecht,117.1,52.22634,4.917313,45813,460.0,0,0,0,,,,,,,,203.524,1.501,14.552,219.578,43
GM0736,2016,De Ronde Venen,Utrecht,117.1,52.22634,4.917313,45813,460.0,0,0,0,,,,,,,,203.524,1.501,14.552,219.578,43
GM0736,2017,De Ronde Venen,Utrecht,117.1,52.22634,4.917313,45813,460.0,0,0,0,,,,,,,,203.524,1.501,14.552,219.578,43
GM0736,2018,De Ronde Venen,Utrecht,117.1,52.22634,4.917313,45813,460.0,0,0,0,,,,,,,,203.524,1.501,14.552,219.578,43
GM0736,2019,De Ronde Venen,Utrecht,117.1,52.22634,4.917313,45813,460.0,0,0,0,,,,,,,,203.524,1.501,14.552,219.578,43
GM0736,2020,De Ronde Venen,Utrecht,117.1,52.22634,4.917313,45813,460.0,0,0,0,,,,,,,,203.524,1.501,14.552,219.578,43
GM0736,2021,De Ronde Venen,Utrecht,117.1,52.22634,4.917313,45813,460.0,0,0,0,,,,,,,,203.524,1.501,14.552,219.578,43
GM0736,2022,De Ronde Venen,Utrecht,117.1,52.22634,4.917313,45813,460.0,32,0,0,,,,,,,,203.524,1.501,14.552,219.578,43
GM0736,2023,De Ronde Venen,Utrecht,117.1,52.22634,4.917313,45813,460.0,42,0,0,,,,,,,,203.524,1.501,14.552,219.578,43
GM0736,2024,De Ronde Venen,Utrecht,117.1,52.22634,4.917313,45813,460.0,31,1,0,,,,,,,,203.524,1.501,14.552,219.578,43
GM0737,2015,Tytsjerksteradiel,Fryslân,161.44,53.199902,5.962737,32595,219.0,0,0,0,,,,,,,,83.93,0.0,0.0,83.93,22
GM0737,2016,Tytsjerksteradiel,Fryslân,161.44,53.199902,5.962737,32595,219.0,0,0,0,,,,,,,,83.93,0.0,0.0,83.93,22
GM0737,2017,Tytsjerksteradiel,Fryslân,161.44,53.199902,5.962737,32595,219.0,0,0,0,,,,,,,,83.93,0.0,0.0,83.93,22
GM0737,2018,Tytsjerksteradiel,Fryslân,161.44,53.199902,5.962737,32595,219.0,0,0,0,,,,,,,,83.93,0.0,0.0,83.93,22
GM0737,2019,Tytsjerksteradiel,Fryslân,161.44,53.199902,5.962737,32595,219.0,0,0,0,,,,,,,,83.93,0.0,0.0,83.93,22
GM0737,2020,Tytsjerksteradiel,Fryslân,161.44,53.199902,5.962737,32595,219.0,0,0,0,,,,,,,,83.93,0.0,0.0,83.93,22
GM0737,2021,Tytsjerksteradiel,Fryslân,161.44,53.199902,5.962737,32595,219.0,0,0,0,,,,,,,,83.93,0.0,0.0,83.93,22
GM0737,2022,Tytsjerksteradiel,Fryslân,161.44,53.199902,5.962737,32595,219.0,12,0,0,,,,,,,,83.93,0.0,0.0,83.93,22
GM0737,2023,Tytsjerksteradiel,Fryslân,161.44,53.199902,5.962737,32595,219.0,15,1,0,,,,,,,,83.93,0.0,0.0,83.93,22
GM0737,2024,Tytsjerksteradiel,Fryslân,161.44,53.199902,5.962737,32595,219.0,19,1,0,,,,,,,,83.93,0.0,0.0,83.93,22
GM0743,2015,Asten,Noord-Brabant,71.36,51.386337,5.779278,17302,246.0,0,0,0,,,,,,,,66.377,0.0,13.693,80.07,3
GM0743,2016,Asten,Noord-Brabant,71.36,51.386337,5.779278,17302,246.0,0,0,0,,,,,,,,66.377,0.0,13.693,80.07,3
GM0743,2017,Asten,Noord-Brabant,71.36,51.386337,5.779278,17302,246.0,0,0,0,,,,,,,,66.377,0.0,13.693,80.07,3
GM0743,2018,Asten,Noord-Brabant,71.36,51.386337,5.779278,17302,246.0,0,0,0,,,,,,,,66.377,0.0,13.693,80.07,3
GM0743,2019,Asten,Noord-Brabant,71.36,51.386337,5.779278,17302,246.0,0,0,0,,,,,,,,66.377,0.0,13.693,80.07,3
GM0743,2020,Asten,Noord-Brabant,71.36,51.386337,5.779278,17302,246.0,0,0,0,,,,,,,,66.377,0.0,13.693,80.07,3
GM0743,2021,Asten,Noord-Brabant,71.36,51.386337,5.779278,17302,246.0,0,0,0,,,,,,,,66.377,0.0,13.693,80.07,3
GM0743,2022,Asten,Noord-Brabant,71.36,51.386337,5.779278,17302,246.0,19,0,0,,,,,,,,66.377,0.0,13.693,80.07,3
GM0743,2023,Asten,Noord-Brabant,71.36,51.386337,5.779278,17302,246.0,24,0,0,,,,,,,,66.377,0.0,13.693,80.07,3
GM0743,2024,Asten,Noord-Brabant,71.36,51.386337,5.779278,17302,246.0,14,0,0,,,,,,,,66.377,0.0,13.693,80.07,3
GM0744,2015,Baarle-Nassau,Noord-Brabant,76.45,51.438968,4.89304,7076,93.0,0,0,0,,,,,,,,41.649,0.0,1.169,42.817,11
GM0744,2016,Baarle-Nassau,Noord-Brabant,76.45,51.438968,4.89304,7076,93.0,0,0,0,,,,,,,,41.649,0.0,1.169,42.817,11
GM0744,2017,Baarle-Nassau,Noord-Brabant,76.45,51.438968,4.89304,7076,93.0,0,0,0,,,,,,,,41.649,0.0,1.169,42.817,11
GM0744,2018,Baarle-Nassau,Noord-Brabant,76.45,51.438968,4.89304,7076,93.0,0,0,0,,,,,,,,41.649,0.0,1.169,42.817,11
GM0744,2019,Baarle-Nassau,Noord-Brabant,76.45,51.438968,4.89304,7076,93.0,0,0,0,,,,,,,,41.649,0.0,1.169,42.817,11
GM0744,2020,Baarle-Nassau,Noord-Brabant,76.45,51.438968,4.89304,7076,93.0,0,0,0,,,,,,,,41.649,0.0,1.169,42.817,11
GM0744,2021,Baarle-Nassau,Noord-Brabant,76.45,51.438968,4.89304,7076,93.0,0,0,0,,,,,,,,41.649,0.0,1.169,42.817,11
GM0744,2022,Baarle-Nassau,Noord-Brabant,76.45,51.438968,4.89304,7076,93.0,9,1,0,,,,,,,,41.649,0.0,1.169,42.817,11
GM0744,2023,Baarle-Nassau,Noord-Brabant,76.45,51.438968,4.89304,7076,93.0,2,0,0,,,,,,,,41.649,0.0,1.169,42.817,11
GM0744,2024,Baarle-Nassau,Noord-Brabant,76.45,51.438968,4.89304,7076,93.0,4,0,0,,,,,,,,41.649,0.0,1.169,42.817,11
GM0748,2015,Bergen op Zoom,Noord-Brabant,93.11,51.503474,4.288315,69694,872.0,0,0,0,,,,,,,,243.896,0.0,2.922,246.818,14
GM0748,2016,Bergen op Zoom,Noord-Brabant,93.11,51.503474,4.288315,69694,872.0,0,0,0,,,,,,,,243.896,0.0,2.922,246.818,14
GM0748,2017,Bergen op Zoom,Noord-Brabant,93.11,51.503474,4.288315,69694,872.0,0,0,0,,,,,,,,243.896,0.0,2.922,246.818,14
GM0748,2018,Bergen op Zoom,Noord-Brabant,93.11,51.503474,4.288315,69694,872.0,0,0,0,,,,,,,,243.896,0.0,2.922,246.818,14
GM0748,2019,Bergen op Zoom,Noord-Brabant,93.11,51.503474,4.288315,69694,872.0,0,0,0,,,,,,,,243.896,0.0,2.922,246.818,14
GM0748,2020,Bergen op Zoom,Noord-Brabant,93.11,51.503474,4.288315,69694,872.0,0,0,0,,,,,,,,243.896,0.0,2.922,246.818,14
GM0748,2021,Bergen op Zoom,Noord-Brabant,93.11,51.503474,4.288315,69694,872.0,0,0,0,,,,,,,,243.896,0.0,2.922,246.818,14
GM0748,2022,Bergen op Zoom,Noord-Brabant,93.11,51.503474,4.288315,69694,872.0,64,1,0,,,,,,,,243.896,0.0,2.922,246.818,14
GM0748,2023,Bergen op Zoom,Noord-Brabant,93.11,51.503474,4.288315,69694,872.0,55,2,0,,,,,,,,243.896,0.0,2.922,246.818,14
GM0748,2024,Bergen op Zoom,Noord-Brabant,93.11,51.503474,4.288315,69694,872.0,57,1,0,,,,,,,,243.896,0.0,2.922,246.818,14
GM0753,2015,Best,Noord-Brabant,34.66,51.514128,5.396564,31223,921.0,0,0,0,,,,,,,,68.731,0.293,4.967,73.991,13
GM0753,2016,Best,Noord-Brabant,34.66,51.514128,5.396564,31223,921.0,0,0,0,,,,,,,,68.731,0.293,4.967,73.991,13
GM0753,2017,Best,Noord-Brabant,34.66,51.514128,5.396564,31223,921.0,0,0,0,,,,,,,,68.731,0.293,4.967,73.991,13
GM0753,2018,Best,Noord-Brabant,34.66,51.514128,5.396564,31223,921.0,0,0,0,,,,,,,,68.731,0.293,4.967,73.991,13
GM0753,2019,Best,Noord-Brabant,34.66,51.514128,5.396564,31223,921.0,0,0,0,,,,,,,,68.731,0.293,4.967,73.991,13
GM0753,2020,Best,Noord-Brabant,34.66,51.514128,5.396564,31223,921.0,0,0,0,,,,,,,,68.731,0.293,4.967,73.991,13
GM0753,2021,Best,Noord-Brabant,34.66,51.514128,5.396564,31223,921.0,0,0,0,,,,,,,,68.731,0.293,4.967,73.991,13
GM0753,2022,Best,Noord-Brabant,34.66,51.514128,5.396564,31223,921.0,36,1,0,,,,,,,,68.731,0.293,4.967,73.991,13
GM0753,2023,Best,Noord-Brabant,34.66,51.514128,5.396564,31223,921.0,30,0,0,,,,,,,,68.731,0.293,4.967,73.991,13
GM0753,2024,Best,Noord-Brabant,34.66,51.514128,5.396564,31223,921.0,30,0,0,,,,,,,,68.731,0.293,4.967,73.991,13
GM0755,2015,Boekel,Noord-Brabant,34.49,51.606679,5.69378,11293,327.0,0,0,0,,,,,,,,56.051,0.0,7.665,63.717,4
GM0755,2016,Boekel,Noord-Brabant,34.49,51.606679,5.69378,11293,327.0,0,0,0,,,,,,,,56.051,0.0,7.665,63.717,4
GM0755,2017,Boekel,Noord-Brabant,34.49,51.606679,5.69378,11293,327.0,0,0,0,,,,,,,,56.051,0.0,7.665,63.717,4
GM0755,2018,Boekel,Noord-Brabant,34.49,51.606679,5.69378,11293,327.0,0,0,0,,,,,,,,56.051,0.0,7.665,63.717,4
GM0755,2019,Boekel,Noord-Brabant,34.49,51.606679,5.69378,11293,327.0,0,0,0,,,,,,,,56.051,0.0,7.665,63.717,4
GM0755,2020,Boekel,Noord-Brabant,34.49,51.606679,5.69378,11293,327.0,0,0,0,,,,,,,,56.051,0.0,7.665,63.717,4
GM0755,2021,Boekel,Noord-Brabant,34.49,51.606679,5.69378,11293,327.0,0,0,0,,,,,,,,56.051,0.0,7.665,63.717,4
GM0755,2022,Boekel,Noord-Brabant,34.49,51.606679,5.69378,11293,327.0,7,0,0,,,,,,,,56.051,0.0,7.665,63.717,4
GM0755,2023,Boekel,Noord-Brabant,34.49,51.606679,5.69378,11293,327.0,9,0,0,,,,,,,,56.051,0.0,7.665,63.717,4
GM0755,2024,Boekel,Noord-Brabant,34.49,51.606679,5.69378,11293,327.0,8,0,0,,,,,,,,56.051,0.0,7.665,63.717,4
GM0757,2015,Boxtel,Noord-Brabant,70.36,51.581149,5.324095,33979,492.0,0,0,0,,,,,,,,65.805,0.093,10.773,76.671,5
GM0757,2016,Boxtel,Noord-Brabant,70.36,51.581149,5.324095,33979,492.0,0,0,0,,,,,,,,65.805,0.093,10.773,76.671,5
GM0757,2017,Boxtel,Noord-Brabant,70.36,51.581149,5.324095,33979,492.0,0,0,0,,,,,,,,65.805,0.093,10.773,76.671,5
GM0757,2018,Boxtel,Noord-Brabant,70.36,51.581149,5.324095,33979,492.0,0,0,0,,,,,,,,65.805,0.093,10.773,76.671,5
GM0757,2019,Boxtel,Noord-Brabant,70.36,51.581149,5.324095,33979,492.0,0,0,0,,,,,,,,65.805,0.093,10.773,76.671,5
GM0757,2020,Boxtel,Noord-Brabant,70.36,51.581149,5.324095,33979,492.0,0,0,0,,,,,,,,65.805,0.093,10.773,76.671,5
GM0757,2021,Boxtel,Noord-Brabant,70.36,51.581149,5.324095,33979,492.0,0,0,0,,,,,,,,65.805,0.093,10.773,76.671,5
GM0757,2022,Boxtel,Noord-Brabant,70.36,51.581149,5.324095,33979,492.0,29,1,0,,,,,,,,65.805,0.093,10.773,76.671,5
GM0757,2023,Boxtel,Noord-Brabant,70.36,51.581149,5.324095,33979,492.0,36,0,0,,,,,,,,65.805,0.093,10.773,76.671,5
GM0757,2024,Boxtel,Noord-Brabant,70.36,51.581149,5.324095,33979,492.0,29,1,0,,,,,,,,65.805,0.093,10.773,76.671,5
GM0758,2015,Breda,Noord-Brabant,128.58,51.585086,4.761479,188078,1496.0,0,0,0,,,,,,,,260.373,0.21,28.182,288.765,205
GM0758,2016,Breda,Noord-Brabant,128.58,51.585086,4.761479,188078,1496.0,0,0,0,,,,,,,,260.373,0.21,28.182,288.765,205
GM0758,2017,Breda,Noord-Brabant,128.58,51.585086,4.761479,188078,1496.0,0,0,0,,,,,,,,260.373,0.21,28.182,288.765,205
GM0758,2018,Breda,Noord-Brabant,128.58,51.585086,4.761479,188078,1496.0,0,0,0,,,,,,,,260.373,0.21,28.182,288.765,205
GM0758,2019,Breda,Noord-Brabant,128.58,51.585086,4.761479,188078,1496.0,0,0,0,,,,,,,,260.373,0.21,28.182,288.765,205
GM0758,2020,Breda,Noord-Brabant,128.58,51.585086,4.761479,188078,1496.0,0,0,0,,,,,,,,260.373,0.21,28.182,288.765,205
GM0758,2021,Breda,Noord-Brabant,128.58,51.585086,4.761479,188078,1496.0,0,0,0,,,,,,,,260.373,0.21,28.182,288.765,205
GM0758,2022,Breda,Noord-Brabant,128.58,51.585086,4.761479,188078,1496.0,162,5,0,,,,,,,,260.373,0.21,28.182,288.765,205
GM0758,2023,Breda,Noord-Brabant,128.58,51.585086,4.761479,188078,1496.0,176,4,0,,,,,,,,260.373,0.21,28.182,288.765,205
GM0758,2024,Breda,Noord-Brabant,128.58,51.585086,4.761479,188078,1496.0,194,3,0,,,,,,,,260.373,0.21,28.182,288.765,205
GM0762,2015,Deurne,Noord-Brabant,118.34,51.436232,5.82693,33180,284.0,0,0,0,,,,,,,,184.944,0.0,30.278,215.223,0
GM0762,2016,Deurne,Noord-Brabant,118.34,51.436232,5.82693,33180,284.0,0,0,0,,,,,,,,184.944,0.0,30.278,215.223,0
GM0762,2017,Deurne,Noord-Brabant,118.34,51.436232,5.82693,33180,284.0,0,0,0,,,,,,,,184.944,0.0,30.278,215.223,0
GM0762,2018,Deurne,Noord-Brabant,118.34,51.436232,5.82693,33180,284.0,0,0,0,,,,,,,,184.944,0.0,30.278,215.223,0
GM0762,2019,Deurne,Noord-Brabant,118.34,51.436232,5.82693,33180,284.0,0,0,0,,,,,,,,184.944,0.0,30.278,215.223,0
GM0762,2020,Deurne,Noord-Brabant,118.34,51.436232,5.82693,33180,284.0,0,0,0,,,,,,,,184.944,0.0,30.278,215.223,0
GM0762,2021,Deurne,Noord-Brabant,118.34,51.436232,5.82693,33180,284.0,0,0,0,,,,,,,,184.944,0.0,30.278,215.223,0
GM0762,2022,Deurne,Noord-Brabant,118.34,51.436232,5.82693,33180,284.0,41,1,0,,,,,,,,184.944,0.0,30.278,215.223,0
GM0762,2023,Deurne,Noord-Brabant,118.34,51.436232,5.82693,33180,284.0,23,2,0,,,,,,,,184.944,0.0,30.278,215.223,0
GM0762,2024,Deurne,Noord-Brabant,118.34,51.436232,5.82693,33180,284.0,21,1,0,,,,,,,,184.944,0.0,30.278,215.223,0
GM0765,2015,Pekela,Groningen,50.22,53.070625,6.972944,12517,255.0,0,0,0,,,,,,,,33.684,0.0,0.769,34.452,0
GM0765,2016,Pekela,Groningen,50.22,53.070625,6.972944,12517,255.0,0,0,0,,,,,,,,33.684,0.0,0.769,34.452,0
GM0765,2017,Pekela,Groningen,50.22,53.070625,6.972944,12517,255.0,0,0,0,,,,,,,,33.684,0.0,0.769,34.452,0
GM0765,2018,Pekela,Groningen,50.22,53.070625,6.972944,12517,255.0,0,0,0,,,,,,,,33.684,0.0,0.769,34.452,0
GM0765,2019,Pekela,Groningen,50.22,53.070625,6.972944,12517,255.0,0,0,0,,,,,,,,33.684,0.0,0.769,34.452,0
GM0765,2020,Pekela,Groningen,50.22,53.070625,6.972944,12517,255.0,0,0,0,,,,,,,,33.684,0.0,0.769,34.452,0
GM0765,2021,Pekela,Groningen,50.22,53.070625,6.972944,12517,255.0,0,0,0,,,,,,,,33.684,0.0,0.769,34.452,0
GM0765,2022,Pekela,Groningen,50.22,53.070625,6.972944,12517,255.0,6,0,0,,,,,,,,33.684,0.0,0.769,34.452,0
GM0765,2023,Pekela,Groningen,50.22,53.070625,6.972944,12517,255.0,4,0,0,,,,,,,,33.684,0.0,0.769,34.452,0
GM0765,2024,Pekela,Groningen,50.22,53.070625,6.972944,12517,255.0,3,0,0,,,,,,,,33.684,0.0,0.769,34.452,0
GM0766,2015,Dongen,Noord-Brabant,29.75,51.635864,4.955454,27095,927.0,0,0,0,,,,,,,,48.826,0.0,8.314,57.14,0
GM0766,2016,Dongen,Noord-Brabant,29.75,51.635864,4.955454,27095,927.0,0,0,0,,,,,,,,48.826,0.0,8.314,57.14,0
GM0766,2017,Dongen,Noord-Brabant,29.75,51.635864,4.955454,27095,927.0,0,0,0,,,,,,,,48.826,0.0,8.314,57.14,0
GM0766,2018,Dongen,Noord-Brabant,29.75,51.635864,4.955454,27095,927.0,0,0,0,,,,,,,,48.826,0.0,8.314,57.14,0
GM0766,2019,Dongen,Noord-Brabant,29.75,51.635864,4.955454,27095,927.0,0,0,0,,,,,,,,48.826,0.0,8.314,57.14,0
GM0766,2020,Dongen,Noord-Brabant,29.75,51.635864,4.955454,27095,927.0,0,0,0,,,,,,,,48.826,0.0,8.314,57.14,0
GM0766,2021,Dongen,Noord-Brabant,29.75,51.635864,4.955454,27095,927.0,0,0,0,,,,,,,,48.826,0.0,8.314,57.14,0
GM0766,2022,Dongen,Noord-Brabant,29.75,51.635864,4.955454,27095,927.0,15,0,0,,,,,,,,48.826,0.0,8.314,57.14,0
GM0766,2023,Dongen,Noord-Brabant,29.75,51.635864,4.955454,27095,927.0,10,0,0,,,,,,,,48.826,0.0,8.314,57.14,0
GM0766,2024,Dongen,Noord-Brabant,29.75,51.635864,4.955454,27095,927.0,17,0,0,,,,,,,,48.826,0.0,8.314,57.14,0
GM0770,2015,Eersel,Noord-Brabant,83.28,51.396484,5.314602,20199,245.0,0,0,0,,,,,,,,75.139,0.0,1.351,76.491,3
GM0770,2016,Eersel,Noord-Brabant,83.28,51.396484,5.314602,20199,245.0,0,0,0,,,,,,,,75.139,0.0,1.351,76.491,3
GM0770,2017,Eersel,Noord-Brabant,83.28,51.396484,5.314602,20199,245.0,0,0,0,,,,,,,,75.139,0.0,1.351,76.491,3
GM0770,2018,Eersel,Noord-Brabant,83.28,51.396484,5.314602,20199,245.0,0,0,0,,,,,,,,75.139,0.0,1.351,76.491,3
GM0770,2019,Eersel,Noord-Brabant,83.28,51.396484,5.314602,20199,245.0,0,0,0,,,,,,,,75.139,0.0,1.351,76.491,3
GM0770,2020,Eersel,Noord-Brabant,83.28,51.396484,5.314602,20199,245.0,0,0,0,,,,,,,,75.139,0.0,1.351,76.491,3
GM0770,2021,Eersel,Noord-Brabant,83.28,51.396484,5.314602,20199,245.0,0,0,0,,,,,,,,75.139,0.0,1.351,76.491,3
GM0770,2022,Eersel,Noord-Brabant,83.28,51.396484,5.314602,20199,245.0,14,0,0,,,,,,,,75.139,0.0,1.351,76.491,3
GM0770,2023,Eersel,Noord-Brabant,83.28,51.396484,5.314602,20199,245.0,12,0,0,,,,,,,,75.139,0.0,1.351,76.491,3
GM0770,2024,Eersel,Noord-Brabant,83.28,51.396484,5.314602,20199,245.0,20,0,0,,,,,,,,75.139,0.0,1.351,76.491,3
GM0772,2015,Eindhoven,Noord-Brabant,89.43,51.450141,5.458538,246417,2800.0,0,0,0,,,,,,,,347.945,0.318,42.625,390.887,502
GM0772,2016,Eindhoven,Noord-Brabant,89.43,51.450141,5.458538,246417,2800.0,0,0,0,,,,,,,,347.945,0.318,42.625,390.887,502
GM0772,2017,Eindhoven,Noord-Brabant,89.43,51.450141,5.458538,246417,2800.0,0,0,0,,,,,,,,347.945,0.318,42.625,390.887,502
GM0772,2018,Eindhoven,Noord-Brabant,89.43,51.450141,5.458538,246417,2800.0,0,0,0,,,,,,,,347.945,0.318,42.625,390.887,502
GM0772,2019,Eindhoven,Noord-Brabant,89.43,51.450141,5.458538,246417,2800.0,0,0,0,,,,,,,,347.945,0.318,42.625,390.887,502
GM0772,2020,Eindhoven,Noord-Brabant,89.43,51.450141,5.458538,246417,2800.0,0,0,0,,,,,,,,347.945,0.318,42.625,390.887,502
GM0772,2021,Eindhoven,Noord-Brabant,89.43,51.450141,5.458538,246417,2800.0,0,0,0,,,,,,,,347.945,0.318,42.625,390.887,502
GM0772,2022,Eindhoven,Noord-Brabant,89.43,51.450141,5.458538,246417,2800.0,310,2,0,,,,,,,,347.945,0.318,42.625,390.887,502
GM0772,2023,Eindhoven,Noord-Brabant,89.43,51.450141,5.458538,246417,2800.0,371,1,0,,,,,,,,347.945,0.318,42.625,390.887,502
GM0772,2024,Eindhoven,Noord-Brabant,89.43,51.450141,5.458538,246417,2800.0,383,1,0,,,,,,,,347.945,0.318,42.625,390.887,502
GM0777,2015,Etten-Leur,Noord-Brabant,55.97,51.578324,4.644941,45237,818.0,0,0,0,,,,,,,,105.928,0.0,2.657,108.585,69
GM0777,2016,Etten-Leur,Noord-Brabant,55.97,51.578324,4.644941,45237,818.0,0,0,0,,,,,,,,105.928,0.0,2.657,108.585,69
GM0777,2017,Etten-Leur,Noord-Brabant,55.97,51.578324,4.644941,45237,818.0,0,0,0,,,,,,,,105.928,0.0,2.657,108.585,69
GM0777,2018,Etten-Leur,Noord-Brabant,55.97,51.578324,4.644941,45237,818.0,0,0,0,,,,,,,,105.928,0.0,2.657,108.585,69
GM0777,2019,Etten-Leur,Noord-Brabant,55.97,51.578324,4.644941,45237,818.0,0,0,0,,,,,,,,105.928,0.0,2.657,108.585,69
GM0777,2020,Etten-Leur,Noord-Brabant,55.97,51.578324,4.644941,45237,818.0,0,0,0,,,,,,,,105.928,0.0,2.657,108.585,69
GM0777,2021,Etten-Leur,Noord-Brabant,55.97,51.578324,4.644941,45237,818.0,0,0,0,,,,,,,,105.928,0.0,2.657,108.585,69
GM0777,2022,Etten-Leur,Noord-Brabant,55.97,51.578324,4.644941,45237,818.0,31,1,0,,,,,,,,105.928,0.0,2.657,108.585,69
GM0777,2023,Etten-Leur,Noord-Brabant,55.97,51.578324,4.644941,45237,818.0,36,1,0,,,,,,,,105.928,0.0,2.657,108.585,69
GM0777,2024,Etten-Leur,Noord-Brabant,55.97,51.578324,4.644941,45237,818.0,34,1,0,,,,,,,,105.928,0.0,2.657,108.585,69
GM0779,2015,Geertruidenberg,Noord-Brabant,29.62,51.697149,4.881646,22060,829.0,0,0,0,,,,,,,,84.651,0.0,5.545,90.196,0
GM0779,2016,Geertruidenberg,Noord-Brabant,29.62,51.697149,4.881646,22060,829.0,0,0,0,,,,,,,,84.651,0.0,5.545,90.196,0
GM0779,2017,Geertruidenberg,Noord-Brabant,29.62,51.697149,4.881646,22060,829.0,0,0,0,,,,,,,,84.651,0.0,5.545,90.196,0
GM0779,2018,Geertruidenberg,Noord-Brabant,29.62,51.697149,4.881646,22060,829.0,0,0,0,,,,,,,,84.651,0.0,5.545,90.196,0
GM0779,2019,Geertruidenberg,Noord-Brabant,29.62,51.697149,4.881646,22060,829.0,0,0,0,,,,,,,,84.651,0.0,5.545,90.196,0
GM0779,2020,Geertruidenberg,Noord-Brabant,29.62,51.697149,4.881646,22060,829.0,0,0,0,,,,,,,,84.651,0.0,5.545,90.196,0
GM0779,2021,Geertruidenberg,Noord-Brabant,29.62,51.697149,4.881646,22060,829.0,0,0,0,,,,,,,,84.651,0.0,5.545,90.196,0
GM0779,2022,Geertruidenberg,Noord-Brabant,29.62,51.697149,4.881646,22060,829.0,17,0,0,,,,,,,,84.651,0.0,5.545,90.196,0
GM0779,2023,Geertruidenberg,Noord-Brabant,29.62,51.697149,4.881646,22060,829.0,21,0,0,,,,,,,,84.651,0.0,5.545,90.196,0
GM0779,2024,Geertruidenberg,Noord-Brabant,29.62,51.697149,4.881646,22060,829.0,14,0,0,,,,,,,,84.651,0.0,5.545,90.196,0
GM0784,2015,Gilze en Rijen,Noord-Brabant,65.58,51.559619,4.918628,27343,418.0,0,0,0,11.01,6.28,15.38,79.57,1017.61,787.5,1920.1,70.613,0.0,10.616,81.229,5
GM0784,2016,Gilze en Rijen,Noord-Brabant,65.58,51.559619,4.918628,27343,418.0,0,0,0,10.82,6.13,15.25,81.0,1016.21,846.2,1809.6,70.613,0.0,10.616,81.229,5
GM0784,2017,Gilze en Rijen,Noord-Brabant,65.58,51.559619,4.918628,27343,418.0,0,0,0,11.16,6.39,15.57,79.09,1016.43,831.9,1726.8,70.613,0.0,10.616,81.229,5
GM0784,2018,Gilze en Rijen,Noord-Brabant,65.58,51.559619,4.918628,27343,418.0,0,0,0,11.72,6.47,16.61,75.77,1015.48,570.0,2061.7,70.613,0.0,10.616,81.229,5
GM0784,2019,Gilze en Rijen,Noord-Brabant,65.58,51.559619,4.918628,27343,418.0,0,0,0,11.4,6.46,16.09,78.04,1014.71,804.5,1914.2,70.613,0.0,10.616,81.229,5
GM0784,2020,Gilze en Rijen,Noord-Brabant,65.58,51.559619,4.918628,27343,418.0,0,0,0,11.99,7.03,16.58,75.9,1015.36,753.4,1998.6,70.613,0.0,10.616,81.229,5
GM0784,2021,Gilze en Rijen,Noord-Brabant,65.58,51.559619,4.918628,27343,418.0,0,0,0,10.6,6.01,14.91,80.03,1016.3,757.5,1804.2,70.613,0.0,10.616,81.229,5
GM0784,2022,Gilze en Rijen,Noord-Brabant,65.58,51.559619,4.918628,27343,418.0,17,1,0,11.86,6.51,16.66,76.06,1017.22,797.7,2192.3,70.613,0.0,10.616,81.229,5
GM0784,2023,Gilze en Rijen,Noord-Brabant,65.58,51.559619,4.918628,27343,418.0,17,0,0,12.02,7.49,16.23,78.8,1014.4,1040.2,1877.5,70.613,0.0,10.616,81.229,5
GM0784,2024,Gilze en Rijen,Noord-Brabant,65.58,51.559619,4.918628,27343,418.0,21,0,0,11.83,7.54,15.92,82.25,1014.61,1083.4,1643.6,70.613,0.0,10.616,81.229,5
GM0785,2015,Goirle,Noord-Brabant,43.37,51.512273,5.033071,24327,566.0,0,0,0,,,,,,,,44.377,0.0,5.15,49.527,7
GM0785,2016,Goirle,Noord-Brabant,43.37,51.512273,5.033071,24327,566.0,0,0,0,,,,,,,,44.377,0.0,5.15,49.527,7
GM0785,2017,Goirle,Noord-Brabant,43.37,51.512273,5.033071,24327,566.0,0,0,0,,,,,,,,44.377,0.0,5.15,49.527,7
GM0785,2018,Goirle,Noord-Brabant,43.37,51.512273,5.033071,24327,566.0,0,0,0,,,,,,,,44.377,0.0,5.15,49.527,7
GM0785,2019,Goirle,Noord-Brabant,43.37,51.512273,5.033071,24327,566.0,0,0,0,,,,,,,,44.377,0.0,5.15,49.527,7
GM0785,2020,Goirle,Noord-Brabant,43.37,51.512273,5.033071,24327,566.0,0,0,0,,,,,,,,44.377,0.0,5.15,49.527,7
GM0785,2021,Goirle,Noord-Brabant,43.37,51.512273,5.033071,24327,566.0,0,0,0,,,,,,,,44.377,0.0,5.15,49.527,7
GM0785,2022,Goirle,Noord-Brabant,43.37,51.512273,5.033071,24327,566.0,9,0,0,,,,,,,,44.377,0.0,5.15,49.527,7
GM0785,2023,Goirle,Noord-Brabant,43.37,51.512273,5.033071,24327,566.0,10,1,0,,,,,,,,44.377,0.0,5.15,49.527,7
GM0785,2024,Goirle,Noord-Brabant,43.37,51.512273,5.033071,24327,566.0,13,0,0,,,,,,,,44.377,0.0,5.15,49.527,7
GM0794,2015,Helmond,Noord-Brabant,54.78,51.476137,5.656999,95874,1803.0,0,0,0,,,,,,,,376.774,0.0,15.723,392.497,228
GM0794,2016,Helmond,Noord-Brabant,54.78,51.476137,5.656999,95874,1803.0,0,0,0,,,,,,,,376.774,0.0,15.723,392.497,228
GM0794,2017,Helmond,Noord-Brabant,54.78,51.476137,5.656999,95874,1803.0,0,0,0,,,,,,,,376.774,0.0,15.723,392.497,228
GM0794,2018,Helmond,Noord-Brabant,54.78,51.476137,5.656999,95874,1803.0,0,0,0,,,,,,,,376.774,0.0,15.723,392.497,228
GM0794,2019,Helmond,Noord-Brabant,54.78,51.476137,5.656999,95874,1803.0,0,0,0,,,,,,,,376.774,0.0,15.723,392.497,228
GM0794,2020,Helmond,Noord-Brabant,54.78,51.476137,5.656999,95874,1803.0,0,0,0,,,,,,,,376.774,0.0,15.723,392.497,228
GM0794,2021,Helmond,Noord-Brabant,54.78,51.476137,5.656999,95874,1803.0,0,0,0,,,,,,,,376.774,0.0,15.723,392.497,228
GM0794,2022,Helmond,Noord-Brabant,54.78,51.476137,5.656999,95874,1803.0,97,0,0,,,,,,,,376.774,0.0,15.723,392.497,228
GM0794,2023,Helmond,Noord-Brabant,54.78,51.476137,5.656999,95874,1803.0,80,1,0,,,,,,,,376.774,0.0,15.723,392.497,228
GM0794,2024,Helmond,Noord-Brabant,54.78,51.476137,5.656999,95874,1803.0,98,0,0,,,,,,,,376.774,0.0,15.723,392.497,228
GM0796,2015,'s-Hertogenbosch,Noord-Brabant,117.8,51.716797,5.35199,160757,1468.0,0,0,0,,,,,,,,289.367,0.201,24.671,314.239,91
GM0796,2016,'s-Hertogenbosch,Noord-Brabant,117.8,51.716797,5.35199,160757,1468.0,0,0,0,,,,,,,,289.367,0.201,24.671,314.239,91
GM0796,2017,'s-Hertogenbosch,Noord-Brabant,117.8,51.716797,5.35199,160757,1468.0,0,0,0,,,,,,,,289.367,0.201,24.671,314.239,91
GM0796,2018,'s-Hertogenbosch,Noord-Brabant,117.8,51.716797,5.35199,160757,1468.0,0,0,0,,,,,,,,289.367,0.201,24.671,314.239,91
GM0796,2019,'s-Hertogenbosch,Noord-Brabant,117.8,51.716797,5.35199,160757,1468.0,0,0,0,,,,,,,,289.367,0.201,24.671,314.239,91
GM0796,2020,'s-Hertogenbosch,Noord-Brabant,117.8,51.716797,5.35199,160757,1468.0,0,0,0,,,,,,,,289.367,0.201,24.671,314.239,91
GM0796,2021,'s-Hertogenbosch,Noord-Brabant,117.8,51.716797,5.35199,160757,1468.0,0,0,0,,,,,,,,289.367,0.201,24.671,314.239,91
GM0796,2022,'s-Hertogenbosch,Noord-Brabant,117.8,51.716797,5.35199,160757,1468.0,193,1,0,,,,,,,,289.367,0.201,24.671,314.239,91
GM0796,2023,'s-Hertogenbosch,Noord-Brabant,117.8,51.716797,5.35199,160757,1468.0,184,0,0,,,,,,,,289.367,0.201,24.671,314.239,91
GM0796,2024,'s-Hertogenbosch,Noord-Brabant,117.8,51.716797,5.35199,160757,1468.0,203,0,0,,,,,,,,289.367,0.201,24.671,314.239,91
GM0797,2015,Heusden,Noord-Brabant,81.07,51.696768,5.160265,46026,584.0,0,0,0,,,,,,,,91.123,0.891,6.703,98.717,12
GM0797,2016,Heusden,Noord-Brabant,81.07,51.696768,5.160265,46026,584.0,0,0,0,,,,,,,,91.123,0.891,6.703,98.717,12
GM0797,2017,Heusden,Noord-Brabant,81.07,51.696768,5.160265,46026,584.0,0,0,0,,,,,,,,91.123,0.891,6.703,98.717,12
GM0797,2018,Heusden,Noord-Brabant,81.07,51.696768,5.160265,46026,584.0,0,0,0,,,,,,,,91.123,0.891,6.703,98.717,12
GM0797,2019,Heusden,Noord-Brabant,81.07,51.696768,5.160265,46026,584.0,0,0,0,,,,,,,,91.123,0.891,6.703,98.717,12
GM0797,2020,Heusden,Noord-Brabant,81.07,51.696768,5.160265,46026,584.0,0,0,0,,,,,,,,91.123,0.891,6.703,98.717,12
GM0797,2021,Heusden,Noord-Brabant,81.07,51.696768,5.160265,46026,584.0,0,0,0,,,,,,,,91.123,0.891,6.703,98.717,12
GM0797,2022,Heusden,Noord-Brabant,81.07,51.696768,5.160265,46026,584.0,26,1,0,,,,,,,,91.123,0.891,6.703,98.717,12
GM0797,2023,Heusden,Noord-Brabant,81.07,51.696768,5.160265,46026,584.0,30,0,0,,,,,,,,91.123,0.891,6.703,98.717,12
GM0797,2024,Heusden,Noord-Brabant,81.07,51.696768,5.160265,46026,584.0,33,2,0,,,,,,,,91.123,0.891,6.703,98.717,12
GM0798,2015,Hilvarenbeek,Noord-Brabant,96.47,51.479519,5.145469,15961,168.0,0,0,0,,,,,,,,77.958,0.298,0.0,78.256,8
GM0798,2016,Hilvarenbeek,Noord-Brabant,96.47,51.479519,5.145469,15961,168.0,0,0,0,,,,,,,,77.958,0.298,0.0,78.256,8
GM0798,2017,Hilvarenbeek,Noord-Brabant,96.47,51.479519,5.145469,15961,168.0,0,0,0,,,,,,,,77.958,0.298,0.0,78.256,8
GM0798,2018,Hilvarenbeek,Noord-Brabant,96.47,51.479519,5.145469,15961,168.0,0,0,0,,,,,,,,77.958,0.298,0.0,78.256,8
GM0798,2019,Hilvarenbeek,Noord-Brabant,96.47,51.479519,5.145469,15961,168.0,0,0,0,,,,,,,,77.958,0.298,0.0,78.256,8
GM0798,2020,Hilvarenbeek,Noord-Brabant,96.47,51.479519,5.145469,15961,168.0,0,0,0,,,,,,,,77.958,0.298,0.0,78.256,8
GM0798,2021,Hilvarenbeek,Noord-Brabant,96.47,51.479519,5.145469,15961,168.0,0,0,0,,,,,,,,77.958,0.298,0.0,78.256,8
GM0798,2022,Hilvarenbeek,Noord-Brabant,96.47,51.479519,5.145469,15961,168.0,9,2,0,,,,,,,,77.958,0.298,0.0,78.256,8
GM0798,2023,Hilvarenbeek,Noord-Brabant,96.47,51.479519,5.145469,15961,168.0,8,0,0,,,,,,,,77.958,0.298,0.0,78.256,8
GM0798,2024,Hilvarenbeek,Noord-Brabant,96.47,51.479519,5.145469,15961,168.0,11,0,0,,,,,,,,77.958,0.298,0.0,78.256,8
GM0809,2015,Loon op Zand,Noord-Brabant,50.7,51.640562,5.04755,23850,478.0,0,0,0,,,,,,,,46.219,0.184,11.338,57.74,16
GM0809,2016,Loon op Zand,Noord-Brabant,50.7,51.640562,5.04755,23850,478.0,0,0,0,,,,,,,,46.219,0.184,11.338,57.74,16
GM0809,2017,Loon op Zand,Noord-Brabant,50.7,51.640562,5.04755,23850,478.0,0,0,0,,,,,,,,46.219,0.184,11.338,57.74,16
GM0809,2018,Loon op Zand,Noord-Brabant,50.7,51.640562,5.04755,23850,478.0,0,0,0,,,,,,,,46.219,0.184,11.338,57.74,16
GM0809,2019,Loon op Zand,Noord-Brabant,50.7,51.640562,5.04755,23850,478.0,0,0,0,,,,,,,,46.219,0.184,11.338,57.74,16
GM0809,2020,Loon op Zand,Noord-Brabant,50.7,51.640562,5.04755,23850,478.0,0,0,0,,,,,,,,46.219,0.184,11.338,57.74,16
GM0809,2021,Loon op Zand,Noord-Brabant,50.7,51.640562,5.04755,23850,478.0,0,0,0,,,,,,,,46.219,0.184,11.338,57.74,16
GM0809,2022,Loon op Zand,Noord-Brabant,50.7,51.640562,5.04755,23850,478.0,13,0,0,,,,,,,,46.219,0.184,11.338,57.74,16
GM0809,2023,Loon op Zand,Noord-Brabant,50.7,51.640562,5.04755,23850,478.0,8,0,0,,,,,,,,46.219,0.184,11.338,57.74,16
GM0809,2024,Loon op Zand,Noord-Brabant,50.7,51.640562,5.04755,23850,478.0,12,0,0,,,,,,,,46.219,0.184,11.338,57.74,16
GM0820,2015,"Nuenen, Gerwen en Nederwetten",Noord-Brabant,33.92,51.478577,5.549491,24231,720.0,0,0,0,,,,,,,,76.605,0.0,1.875,78.48,8
GM0820,2016,"Nuenen, Gerwen en Nederwetten",Noord-Brabant,33.92,51.478577,5.549491,24231,720.0,0,0,0,,,,,,,,76.605,0.0,1.875,78.48,8
GM0820,2017,"Nuenen, Gerwen en Nederwetten",Noord-Brabant,33.92,51.478577,5.549491,24231,720.0,0,0,0,,,,,,,,76.605,0.0,1.875,78.48,8
GM0820,2018,"Nuenen, Gerwen en Nederwetten",Noord-Brabant,33.92,51.478577,5.549491,24231,720.0,0,0,0,,,,,,,,76.605,0.0,1.875,78.48,8
GM0820,2019,"Nuenen, Gerwen en Nederwetten",Noord-Brabant,33.92,51.478577,5.549491,24231,720.0,0,0,0,,,,,,,,76.605,0.0,1.875,78.48,8
GM0820,2020,"Nuenen, Gerwen en Nederwetten",Noord-Brabant,33.92,51.478577,5.549491,24231,720.0,0,0,0,,,,,,,,76.605,0.0,1.875,78.48,8
GM0820,2021,"Nuenen, Gerwen en Nederwetten",Noord-Brabant,33.92,51.478577,5.549491,24231,720.0,0,0,0,,,,,,,,76.605,0.0,1.875,78.48,8
GM0820,2022,"Nuenen, Gerwen en Nederwetten",Noord-Brabant,33.92,51.478577,5.549491,24231,720.0,32,0,0,,,,,,,,76.605,0.0,1.875,78.48,8
GM0820,2023,"Nuenen, Gerwen en Nederwetten",Noord-Brabant,33.92,51.478577,5.549491,24231,720.0,29,0,0,,,,,,,,76.605,0.0,1.875,78.48,8
GM0820,2024,"Nuenen, Gerwen en Nederwetten",Noord-Brabant,33.92,51.478577,5.549491,24231,720.0,25,0,0,,,,,,,,76.605,0.0,1.875,78.48,8
GM0823,2015,Oirschot,Noord-Brabant,102.85,51.492587,5.28977,19280,189.0,0,0,0,,,,,,,,87.999,0.0,3.625,91.625,1
GM0823,2016,Oirschot,Noord-Brabant,102.85,51.492587,5.28977,19280,189.0,0,0,0,,,,,,,,87.999,0.0,3.625,91.625,1
GM0823,2017,Oirschot,Noord-Brabant,102.85,51.492587,5.28977,19280,189.0,0,0,0,,,,,,,,87.999,0.0,3.625,91.625,1
GM0823,2018,Oirschot,Noord-Brabant,102.85,51.492587,5.28977,19280,189.0,0,0,0,,,,,,,,87.999,0.0,3.625,91.625,1
GM0823,2019,Oirschot,Noord-Brabant,102.85,51.492587,5.28977,19280,189.0,0,0,0,,,,,,,,87.999,0.0,3.625,91.625,1
GM0823,2020,Oirschot,Noord-Brabant,102.85,51.492587,5.28977,19280,189.0,0,0,0,,,,,,,,87.999,0.0,3.625,91.625,1
GM0823,2021,Oirschot,Noord-Brabant,102.85,51.492587,5.28977,19280,189.0,0,0,0,,,,,,,,87.999,0.0,3.625,91.625,1
GM0823,2022,Oirschot,Noord-Brabant,102.85,51.492587,5.28977,19280,189.0,27,0,0,,,,,,,,87.999,0.0,3.625,91.625,1
GM0823,2023,Oirschot,Noord-Brabant,102.85,51.492587,5.28977,19280,189.0,8,0,0,,,,,,,,87.999,0.0,3.625,91.625,1
GM0823,2024,Oirschot,Noord-Brabant,102.85,51.492587,5.28977,19280,189.0,21,0,0,,,,,,,,87.999,0.0,3.625,91.625,1
GM0824,2015,Oisterwijk,Noord-Brabant,81.52,51.562474,5.204518,32952,411.0,0,0,0,,,,,,,,90.074,0.145,7.62,97.839,14
GM0824,2016,Oisterwijk,Noord-Brabant,81.52,51.562474,5.204518,32952,411.0,0,0,0,,,,,,,,90.074,0.145,7.62,97.839,14
GM0824,2017,Oisterwijk,Noord-Brabant,81.52,51.562474,5.204518,32952,411.0,0,0,0,,,,,,,,90.074,0.145,7.62,97.839,14
GM0824,2018,Oisterwijk,Noord-Brabant,81.52,51.562474,5.204518,32952,411.0,0,0,0,,,,,,,,90.074,0.145,7.62,97.839,14
GM0824,2019,Oisterwijk,Noord-Brabant,81.52,51.562474,5.204518,32952,411.0,0,0,0,,,,,,,,90.074,0.145,7.62,97.839,14
GM0824,2020,Oisterwijk,Noord-Brabant,81.52,51.562474,5.204518,32952,411.0,0,0,0,,,,,,,,90.074,0.145,7.62,97.839,14
GM0824,2021,Oisterwijk,Noord-Brabant,81.52,51.562474,5.204518,32952,411.0,0,0,0,,,,,,,,90.074,0.145,7.62,97.839,14
GM0824,2022,Oisterwijk,Noord-Brabant,81.52,51.562474,5.204518,32952,411.0,20,1,0,,,,,,,,90.074,0.145,7.62,97.839,14
GM0824,2023,Oisterwijk,Noord-Brabant,81.52,51.562474,5.204518,32952,411.0,30,0,0,,,,,,,,90.074,0.145,7.62,97.839,14
GM0824,2024,Oisterwijk,Noord-Brabant,81.52,51.562474,5.204518,32952,411.0,21,1,0,,,,,,,,90.074,0.145,7.62,97.839,14
GM0826,2015,Oosterhout,Noord-Brabant,73.12,51.637786,4.864018,57924,811.0,0,0,0,,,,,,,,166.321,0.285,12.021,178.627,16
GM0826,2016,Oosterhout,Noord-Brabant,73.12,51.637786,4.864018,57924,811.0,0,0,0,,,,,,,,166.321,0.285,12.021,178.627,16
GM0826,2017,Oosterhout,Noord-Brabant,73.12,51.637786,4.864018,57924,811.0,0,0,0,,,,,,,,166.321,0.285,12.021,178.627,16
GM0826,2018,Oosterhout,Noord-Brabant,73.12,51.637786,4.864018,57924,811.0,0,0,0,,,,,,,,166.321,0.285,12.021,178.627,16
GM0826,2019,Oosterhout,Noord-Brabant,73.12,51.637786,4.864018,57924,811.0,0,0,0,,,,,,,,166.321,0.285,12.021,178.627,16
GM0826,2020,Oosterhout,Noord-Brabant,73.12,51.637786,4.864018,57924,811.0,0,0,0,,,,,,,,166.321,0.285,12.021,178.627,16
GM0826,2021,Oosterhout,Noord-Brabant,73.12,51.637786,4.864018,57924,811.0,0,0,0,,,,,,,,166.321,0.285,12.021,178.627,16
GM0826,2022,Oosterhout,Noord-Brabant,73.12,51.637786,4.864018,57924,811.0,45,0,0,,,,,,,,166.321,0.285,12.021,178.627,16
GM0826,2023,Oosterhout,Noord-Brabant,73.12,51.637786,4.864018,57924,811.0,47,0,0,,,,,,,,166.321,0.285,12.021,178.627,16
GM0826,2024,Oosterhout,Noord-Brabant,73.12,51.637786,4.864018,57924,811.0,36,1,0,,,,,,,,166.321,0.285,12.021,178.627,16
GM0828,2015,Oss,Noord-Brabant,170.88,51.781554,5.5264,94634,584.0,0,0,0,,,,,,,,401.283,0.993,47.972,450.248,100
GM0828,2016,Oss,Noord-Brabant,170.88,51.781554,5.5264,94634,584.0,0,0,0,,,,,,,,401.283,0.993,47.972,450.248,100
GM0828,2017,Oss,Noord-Brabant,170.88,51.781554,5.5264,94634,584.0,0,0,0,,,,,,,,401.283,0.993,47.972,450.248,100
GM0828,2018,Oss,Noord-Brabant,170.88,51.781554,5.5264,94634,584.0,0,0,0,,,,,,,,401.283,0.993,47.972,450.248,100
GM0828,2019,Oss,Noord-Brabant,170.88,51.781554,5.5264,94634,584.0,0,0,0,,,,,,,,401.283,0.993,47.972,450.248,100
GM0828,2020,Oss,Noord-Brabant,170.88,51.781554,5.5264,94634,584.0,0,0,0,,,,,,,,401.283,0.993,47.972,450.248,100
GM0828,2021,Oss,Noord-Brabant,170.88,51.781554,5.5264,94634,584.0,0,0,0,,,,,,,,401.283,0.993,47.972,450.248,100
GM0828,2022,Oss,Noord-Brabant,170.88,51.781554,5.5264,94634,584.0,81,0,0,,,,,,,,401.283,0.993,47.972,450.248,100
GM0828,2023,Oss,Noord-Brabant,170.88,51.781554,5.5264,94634,584.0,88,2,0,,,,,,,,401.283,0.993,47.972,450.248,100
GM0828,2024,Oss,Noord-Brabant,170.88,51.781554,5.5264,94634,584.0,97,3,0,,,,,,,,401.283,0.993,47.972,450.248,100
GM0840,2015,Rucphen,Noord-Brabant,64.49,51.522702,4.558547,23920,372.0,0,0,0,,,,,,,,48.984,0.0,13.877,62.861,5
GM0840,2016,Rucphen,Noord-Brabant,64.49,51.522702,4.558547,23920,372.0,0,0,0,,,,,,,,48.984,0.0,13.877,62.861,5
GM0840,2017,Rucphen,Noord-Brabant,64.49,51.522702,4.558547,23920,372.0,0,0,0,,,,,,,,48.984,0.0,13.877,62.861,5
GM0840,2018,Rucphen,Noord-Brabant,64.49,51.522702,4.558547,23920,372.0,0,0,0,,,,,,,,48.984,0.0,13.877,62.861,5
GM0840,2019,Rucphen,Noord-Brabant,64.49,51.522702,4.558547,23920,372.0,0,0,0,,,,,,,,48.984,0.0,13.877,62.861,5
GM0840,2020,Rucphen,Noord-Brabant,64.49,51.522702,4.558547,23920,372.0,0,0,0,,,,,,,,48.984,0.0,13.877,62.861,5
GM0840,2021,Rucphen,Noord-Brabant,64.49,51.522702,4.558547,23920,372.0,0,0,0,,,,,,,,48.984,0.0,13.877,62.861,5
GM0840,2022,Rucphen,Noord-Brabant,64.49,51.522702,4.558547,23920,372.0,9,0,0,,,,,,,,48.984,0.0,13.877,62.861,5
GM0840,2023,Rucphen,Noord-Brabant,64.49,51.522702,4.558547,23920,372.0,17,1,0,,,,,,,,48.984,0.0,13.877,62.861,5
GM0840,2024,Rucphen,Noord-Brabant,64.49,51.522702,4.558547,23920,372.0,14,0,0,,,,,,,,48.984,0.0,13.877,62.861,5
GM0845,2015,Sint-Michielsgestel,Noord-Brabant,59.32,51.65709,5.378114,30094,516.0,0,0,0,,,,,,,,41.021,0.0,4.444,45.465,13
GM0845,2016,Sint-Michielsgestel,Noord-Brabant,59.32,51.65709,5.378114,30094,516.0,0,0,0,,,,,,,,41.021,0.0,4.444,45.465,13
GM0845,2017,Sint-Michielsgestel,Noord-Brabant,59.32,51.65709,5.378114,30094,516.0,0,0,0,,,,,,,,41.021,0.0,4.444,45.465,13
GM0845,2018,Sint-Michielsgestel,Noord-Brabant,59.32,51.65709,5.378114,30094,516.0,0,0,0,,,,,,,,41.021,0.0,4.444,45.465,13
GM0845,2019,Sint-Michielsgestel,Noord-Brabant,59.32,51.65709,5.378114,30094,516.0,0,0,0,,,,,,,,41.021,0.0,4.444,45.465,13
GM0845,2020,Sint-Michielsgestel,Noord-Brabant,59.32,51.65709,5.378114,30094,516.0,0,0,0,,,,,,,,41.021,0.0,4.444,45.465,13
GM0845,2021,Sint-Michielsgestel,Noord-Brabant,59.32,51.65709,5.378114,30094,516.0,0,0,0,,,,,,,,41.021,0.0,4.444,45.465,13
GM0845,2022,Sint-Michielsgestel,Noord-Brabant,59.32,51.65709,5.378114,30094,516.0,18,1,0,,,,,,,,41.021,0.0,4.444,45.465,13
GM0845,2023,Sint-Michielsgestel,Noord-Brabant,59.32,51.65709,5.378114,30094,516.0,12,0,0,,,,,,,,41.021,0.0,4.444,45.465,13
GM0845,2024,Sint-Michielsgestel,Noord-Brabant,59.32,51.65709,5.378114,30094,516.0,16,0,0,,,,,,,,41.021,0.0,4.444,45.465,13
GM0847,2015,Someren,Noord-Brabant,81.5,51.378805,5.691368,20188,252.0,0,0,0,,,,,,,,146.637,0.0,4.479,151.116,18
GM0847,2016,Someren,Noord-Brabant,81.5,51.378805,5.691368,20188,252.0,0,0,0,,,,,,,,146.637,0.0,4.479,151.116,18
GM0847,2017,Someren,Noord-Brabant,81.5,51.378805,5.691368,20188,252.0,0,0,0,,,,,,,,146.637,0.0,4.479,151.116,18
GM0847,2018,Someren,Noord-Brabant,81.5,51.378805,5.691368,20188,252.0,0,0,0,,,,,,,,146.637,0.0,4.479,151.116,18
GM0847,2019,Someren,Noord-Brabant,81.5,51.378805,5.691368,20188,252.0,0,0,0,,,,,,,,146.637,0.0,4.479,151.116,18
GM0847,2020,Someren,Noord-Brabant,81.5,51.378805,5.691368,20188,252.0,0,0,0,,,,,,,,146.637,0.0,4.479,151.116,18
GM0847,2021,Someren,Noord-Brabant,81.5,51.378805,5.691368,20188,252.0,0,0,0,,,,,,,,146.637,0.0,4.479,151.116,18
GM0847,2022,Someren,Noord-Brabant,81.5,51.378805,5.691368,20188,252.0,18,0,0,,,,,,,,146.637,0.0,4.479,151.116,18
GM0847,2023,Someren,Noord-Brabant,81.5,51.378805,5.691368,20188,252.0,12,0,0,,,,,,,,146.637,0.0,4.479,151.116,18
GM0847,2024,Someren,Noord-Brabant,81.5,51.378805,5.691368,20188,252.0,11,0,0,,,,,,,,146.637,0.0,4.479,151.116,18
GM0848,2015,Son en Breugel,Noord-Brabant,26.53,51.516379,5.482518,17959,692.0,0,0,0,,,,,,,,37.18,0.0,4.551,41.731,8
GM0848,2016,Son en Breugel,Noord-Brabant,26.53,51.516379,5.482518,17959,692.0,0,0,0,,,,,,,,37.18,0.0,4.551,41.731,8
GM0848,2017,Son en Breugel,Noord-Brabant,26.53,51.516379,5.482518,17959,692.0,0,0,0,,,,,,,,37.18,0.0,4.551,41.731,8
GM0848,2018,Son en Breugel,Noord-Brabant,26.53,51.516379,5.482518,17959,692.0,0,0,0,,,,,,,,37.18,0.0,4.551,41.731,8
GM0848,2019,Son en Breugel,Noord-Brabant,26.53,51.516379,5.482518,17959,692.0,0,0,0,,,,,,,,37.18,0.0,4.551,41.731,8
GM0848,2020,Son en Breugel,Noord-Brabant,26.53,51.516379,5.482518,17959,692.0,0,0,0,,,,,,,,37.18,0.0,4.551,41.731,8
GM0848,2021,Son en Breugel,Noord-Brabant,26.53,51.516379,5.482518,17959,692.0,0,0,0,,,,,,,,37.18,0.0,4.551,41.731,8
GM0848,2022,Son en Breugel,Noord-Brabant,26.53,51.516379,5.482518,17959,692.0,18,1,0,,,,,,,,37.18,0.0,4.551,41.731,8
GM0848,2023,Son en Breugel,Noord-Brabant,26.53,51.516379,5.482518,17959,692.0,17,1,0,,,,,,,,37.18,0.0,4.551,41.731,8
GM0848,2024,Son en Breugel,Noord-Brabant,26.53,51.516379,5.482518,17959,692.0,23,0,0,,,,,,,,37.18,0.0,4.551,41.731,8
GM0851,2015,Steenbergen,Noord-Brabant,150.94,51.597364,4.324967,24476,167.0,0,0,0,,,,,,,,96.284,0.0,1.474,97.758,7
GM0851,2016,Steenbergen,Noord-Brabant,150.94,51.597364,4.324967,24476,167.0,0,0,0,,,,,,,,96.284,0.0,1.474,97.758,7
GM0851,2017,Steenbergen,Noord-Brabant,150.94,51.597364,4.324967,24476,167.0,0,0,0,,,,,,,,96.284,0.0,1.474,97.758,7
GM0851,2018,Steenbergen,Noord-Brabant,150.94,51.597364,4.324967,24476,167.0,0,0,0,,,,,,,,96.284,0.0,1.474,97.758,7
GM0851,2019,Steenbergen,Noord-Brabant,150.94,51.597364,4.324967,24476,167.0,0,0,0,,,,,,,,96.284,0.0,1.474,97.758,7
GM0851,2020,Steenbergen,Noord-Brabant,150.94,51.597364,4.324967,24476,167.0,0,0,0,,,,,,,,96.284,0.0,1.474,97.758,7
GM0851,2021,Steenbergen,Noord-Brabant,150.94,51.597364,4.324967,24476,167.0,0,0,0,,,,,,,,96.284,0.0,1.474,97.758,7
GM0851,2022,Steenbergen,Noord-Brabant,150.94,51.597364,4.324967,24476,167.0,7,1,0,,,,,,,,96.284,0.0,1.474,97.758,7
GM0851,2023,Steenbergen,Noord-Brabant,150.94,51.597364,4.324967,24476,167.0,7,1,0,,,,,,,,96.284,0.0,1.474,97.758,7
GM0851,2024,Steenbergen,Noord-Brabant,150.94,51.597364,4.324967,24476,167.0,8,0,0,,,,,,,,96.284,0.0,1.474,97.758,7
GM0852,2015,Waterland,Noord-Holland,55.85,52.452226,5.014608,17525,337.0,0,0,0,,,,,,,,58.347,0.0,0.085,58.431,29
GM0852,2016,Waterland,Noord-Holland,55.85,52.452226,5.014608,17525,337.0,0,0,0,,,,,,,,58.347,0.0,0.085,58.431,29
GM0852,2017,Waterland,Noord-Holland,55.85,52.452226,5.014608,17525,337.0,0,0,0,,,,,,,,58.347,0.0,0.085,58.431,29
GM0852,2018,Waterland,Noord-Holland,55.85,52.452226,5.014608,17525,337.0,0,0,0,,,,,,,,58.347,0.0,0.085,58.431,29
GM0852,2019,Waterland,Noord-Holland,55.85,52.452226,5.014608,17525,337.0,0,0,0,,,,,,,,58.347,0.0,0.085,58.431,29
GM0852,2020,Waterland,Noord-Holland,55.85,52.452226,5.014608,17525,337.0,0,0,0,,,,,,,,58.347,0.0,0.085,58.431,29
GM0852,2021,Waterland,Noord-Holland,55.85,52.452226,5.014608,17525,337.0,0,0,0,,,,,,,,58.347,0.0,0.085,58.431,29
GM0852,2022,Waterland,Noord-Holland,55.85,52.452226,5.014608,17525,337.0,10,0,0,,,,,,,,58.347,0.0,0.085,58.431,29
GM0852,2023,Waterland,Noord-Holland,55.85,52.452226,5.014608,17525,337.0,6,0,0,,,,,,,,58.347,0.0,0.085,58.431,29
GM0852,2024,Waterland,Noord-Holland,55.85,52.452226,5.014608,17525,337.0,14,0,0,,,,,,,,58.347,0.0,0.085,58.431,29
GM0855,2015,Tilburg,Noord-Brabant,128.54,51.583429,5.077368,229836,1826.0,0,0,0,,,,,,,,285.834,1.244,25.907,312.985,136
GM0855,2016,Tilburg,Noord-Brabant,128.54,51.583429,5.077368,229836,1826.0,0,0,0,,,,,,,,285.834,1.244,25.907,312.985,136
GM0855,2017,Tilburg,Noord-Brabant,128.54,51.583429,5.077368,229836,1826.0,0,0,0,,,,,,,,285.834,1.244,25.907,312.985,136
GM0855,2018,Tilburg,Noord-Brabant,128.54,51.583429,5.077368,229836,1826.0,0,0,0,,,,,,,,285.834,1.244,25.907,312.985,136
GM0855,2019,Tilburg,Noord-Brabant,128.54,51.583429,5.077368,229836,1826.0,0,0,0,,,,,,,,285.834,1.244,25.907,312.985,136
GM0855,2020,Tilburg,Noord-Brabant,128.54,51.583429,5.077368,229836,1826.0,0,0,0,,,,,,,,285.834,1.244,25.907,312.985,136
GM0855,2021,Tilburg,Noord-Brabant,128.54,51.583429,5.077368,229836,1826.0,0,0,0,,,,,,,,285.834,1.244,25.907,312.985,136
GM0855,2022,Tilburg,Noord-Brabant,128.54,51.583429,5.077368,229836,1826.0,217,2,0,,,,,,,,285.834,1.244,25.907,312.985,136
GM0855,2023,Tilburg,Noord-Brabant,128.54,51.583429,5.077368,229836,1826.0,264,3,0,,,,,,,,285.834,1.244,25.907,312.985,136
GM0855,2024,Tilburg,Noord-Brabant,128.54,51.583429,5.077368,229836,1826.0,254,3,0,,,,,,,,285.834,1.244,25.907,312.985,136
GM0858,2015,Valkenswaard,Noord-Brabant,56.48,51.323759,5.449219,31714,578.0,0,0,0,,,,,,,,36.486,0.032,2.189,38.707,5
GM0858,2016,Valkenswaard,Noord-Brabant,56.48,51.323759,5.449219,31714,578.0,0,0,0,,,,,,,,36.486,0.032,2.189,38.707,5
GM0858,2017,Valkenswaard,Noord-Brabant,56.48,51.323759,5.449219,31714,578.0,0,0,0,,,,,,,,36.486,0.032,2.189,38.707,5
GM0858,2018,Valkenswaard,Noord-Brabant,56.48,51.323759,5.449219,31714,578.0,0,0,0,,,,,,,,36.486,0.032,2.189,38.707,5
GM0858,2019,Valkenswaard,Noord-Brabant,56.48,51.323759,5.449219,31714,578.0,0,0,0,,,,,,,,36.486,0.032,2.189,38.707,5
GM0858,2020,Valkenswaard,Noord-Brabant,56.48,51.323759,5.449219,31714,578.0,0,0,0,,,,,,,,36.486,0.032,2.189,38.707,5
GM0858,2021,Valkenswaard,Noord-Brabant,56.48,51.323759,5.449219,31714,578.0,0,0,0,,,,,,,,36.486,0.032,2.189,38.707,5
GM0858,2022,Valkenswaard,Noord-Brabant,56.48,51.323759,5.449219,31714,578.0,36,1,0,,,,,,,,36.486,0.032,2.189,38.707,5
GM0858,2023,Valkenswaard,Noord-Brabant,56.48,51.323759,5.449219,31714,578.0,23,0,0,,,,,,,,36.486,0.032,2.189,38.707,5
GM0858,2024,Valkenswaard,Noord-Brabant,56.48,51.323759,5.449219,31714,578.0,43,0,0,,,,,,,,36.486,0.032,2.189,38.707,5
GM0861,2015,Veldhoven,Noord-Brabant,31.9,51.411843,5.383214,46827,1478.0,0,0,0,11.13,6.21,15.71,78.28,1017.79,685.5,1882.1,101.673,0.0,4.286,105.959,25
GM0861,2016,Veldhoven,Noord-Brabant,31.9,51.411843,5.383214,46827,1478.0,0,0,0,10.94,6.28,15.41,80.14,1016.35,836.6,1836.0,101.673,0.0,4.286,105.959,25
GM0861,2017,Veldhoven,Noord-Brabant,31.9,51.411843,5.383214,46827,1478.0,0,0,0,11.19,6.31,15.74,78.93,1016.54,720.4,1755.3,101.673,0.0,4.286,105.959,25
GM0861,2018,Veldhoven,Noord-Brabant,31.9,51.411843,5.383214,46827,1478.0,0,0,0,11.76,6.48,16.67,74.8,1015.51,630.2,2062.6,101.673,0.0,4.286,105.959,25
GM0861,2019,Veldhoven,Noord-Brabant,31.9,51.411843,5.383214,46827,1478.0,0,0,0,11.49,6.48,16.19,75.98,1014.82,707.5,1933.7,101.673,0.0,4.286,105.959,25
GM0861,2020,Veldhoven,Noord-Brabant,31.9,51.411843,5.383214,46827,1478.0,0,0,0,11.96,6.85,16.73,75.24,1015.52,683.5,2010.5,101.673,0.0,4.286,105.959,25
GM0861,2021,Veldhoven,Noord-Brabant,31.9,51.411843,5.383214,46827,1478.0,0,0,0,10.57,5.93,14.96,80.19,1016.4,821.7,1795.9,101.673,0.0,4.286,105.959,25
GM0861,2022,Veldhoven,Noord-Brabant,31.9,51.411843,5.383214,46827,1478.0,48,1,0,11.97,6.58,16.86,74.78,1017.35,634.6,2170.0,101.673,0.0,4.286,105.959,25
GM0861,2023,Veldhoven,Noord-Brabant,31.9,51.411843,5.383214,46827,1478.0,49,0,0,12.09,7.49,16.43,77.39,1014.45,1190.8,1875.5,101.673,0.0,4.286,105.959,25
GM0861,2024,Veldhoven,Noord-Brabant,31.9,51.411843,5.383214,46827,1478.0,56,0,0,11.97,7.66,16.11,80.26,1014.81,1105.6,1622.5,101.673,0.0,4.286,105.959,25
GM0865,2015,Vught,Noord-Brabant,61.06,51.650363,5.242566,32356,539.0,0,0,0,,,,,,,,86.67,0.991,10.886,98.547,24
GM0865,2016,Vught,Noord-Brabant,61.06,51.650363,5.242566,32356,539.0,0,0,0,,,,,,,,86.67,0.991,10.886,98.547,24
GM0865,2017,Vught,Noord-Brabant,61.06,51.650363,5.242566,32356,539.0,0,0,0,,,,,,,,86.67,0.991,10.886,98.547,24
GM0865,2018,Vught,Noord-Brabant,61.06,51.650363,5.242566,32356,539.0,0,0,0,,,,,,,,86.67,0.991,10.886,98.547,24
GM0865,2019,Vught,Noord-Brabant,61.06,51.650363,5.242566,32356,539.0,0,0,0,,,,,,,,86.67,0.991,10.886,98.547,24
GM0865,2020,Vught,Noord-Brabant,61.06,51.650363,5.242566,32356,539.0,0,0,0,,,,,,,,86.67,0.991,10.886,98.547,24
GM0865,2021,Vught,Noord-Brabant,61.06,51.650363,5.242566,32356,539.0,0,0,0,,,,,,,,86.67,0.991,10.886,98.547,24
GM0865,2022,Vught,Noord-Brabant,61.06,51.650363,5.242566,32356,539.0,19,1,0,,,,,,,,86.67,0.991,10.886,98.547,24
GM0865,2023,Vught,Noord-Brabant,61.06,51.650363,5.242566,32356,539.0,26,0,0,,,,,,,,86.67,0.991,10.886,98.547,24
GM0865,2024,Vught,Noord-Brabant,61.06,51.650363,5.242566,32356,539.0,29,0,0,,,,,,,,86.67,0.991,10.886,98.547,24
GM0866,2015,Waalre,Noord-Brabant,22.62,51.387271,5.464879,17988,804.0,0,0,0,,,,,,,,50.469,0.0,0.203,50.672,2
GM0866,2016,Waalre,Noord-Brabant,22.62,51.387271,5.464879,17988,804.0,0,0,0,,,,,,,,50.469,0.0,0.203,50.672,2
GM0866,2017,Waalre,Noord-Brabant,22.62,51.387271,5.464879,17988,804.0,0,0,0,,,,,,,,50.469,0.0,0.203,50.672,2
GM0866,2018,Waalre,Noord-Brabant,22.62,51.387271,5.464879,17988,804.0,0,0,0,,,,,,,,50.469,0.0,0.203,50.672,2
GM0866,2019,Waalre,Noord-Brabant,22.62,51.387271,5.464879,17988,804.0,0,0,0,,,,,,,,50.469,0.0,0.203,50.672,2
GM0866,2020,Waalre,Noord-Brabant,22.62,51.387271,5.464879,17988,804.0,0,0,0,,,,,,,,50.469,0.0,0.203,50.672,2
GM0866,2021,Waalre,Noord-Brabant,22.62,51.387271,5.464879,17988,804.0,0,0,0,,,,,,,,50.469,0.0,0.203,50.672,2
GM0866,2022,Waalre,Noord-Brabant,22.62,51.387271,5.464879,17988,804.0,10,0,0,,,,,,,,50.469,0.0,0.203,50.672,2
GM0866,2023,Waalre,Noord-Brabant,22.62,51.387271,5.464879,17988,804.0,13,0,0,,,,,,,,50.469,0.0,0.203,50.672,2
GM0866,2024,Waalre,Noord-Brabant,22.62,51.387271,5.464879,17988,804.0,11,0,0,,,,,,,,50.469,0.0,0.203,50.672,2
GM0867,2015,Waalwijk,Noord-Brabant,67.7,51.692314,5.01188,50302,779.0,0,0,0,,,,,,,,95.81,0.219,7.502,103.532,5
GM0867,2016,Waalwijk,Noord-Brabant,67.7,51.692314,5.01188,50302,779.0,0,0,0,,,,,,,,95.81,0.219,7.502,103.532,5
GM0867,2017,Waalwijk,Noord-Brabant,67.7,51.692314,5.01188,50302,779.0,0,0,0,,,,,,,,95.81,0.219,7.502,103.532,5
GM0867,2018,Waalwijk,Noord-Brabant,67.7,51.692314,5.01188,50302,779.0,0,0,0,,,,,,,,95.81,0.219,7.502,103.532,5
GM0867,2019,Waalwijk,Noord-Brabant,67.7,51.692314,5.01188,50302,779.0,0,0,0,,,,,,,,95.81,0.219,7.502,103.532,5
GM0867,2020,Waalwijk,Noord-Brabant,67.7,51.692314,5.01188,50302,779.0,0,0,0,,,,,,,,95.81,0.219,7.502,103.532,5
GM0867,2021,Waalwijk,Noord-Brabant,67.7,51.692314,5.01188,50302,779.0,0,0,0,,,,,,,,95.81,0.219,7.502,103.532,5
GM0867,2022,Waalwijk,Noord-Brabant,67.7,51.692314,5.01188,50302,779.0,38,1,0,,,,,,,,95.81,0.219,7.502,103.532,5
GM0867,2023,Waalwijk,Noord-Brabant,67.7,51.692314,5.01188,50302,779.0,41,0,0,,,,,,,,95.81,0.219,7.502,103.532,5
GM0867,2024,Waalwijk,Noord-Brabant,67.7,51.692314,5.01188,50302,779.0,37,0,0,,,,,,,,95.81,0.219,7.502,103.532,5
GM0873,2015,Woensdrecht,Noord-Brabant,91.96,51.40832,4.342216,22208,242.0,0,0,0,10.97,6.11,15.3,79.0,1017.66,0.0,0.0,94.506,1.009,5.898,101.414,13
GM0873,2016,Woensdrecht,Noord-Brabant,91.96,51.40832,4.342216,22208,242.0,0,0,0,10.82,6.1,15.12,80.75,1016.23,0.0,0.0,94.506,1.009,5.898,101.414,13
GM0873,2017,Woensdrecht,Noord-Brabant,91.96,51.40832,4.342216,22208,242.0,0,0,0,11.13,6.35,15.37,80.52,1016.58,0.0,0.0,94.506,1.009,5.898,101.414,13
GM0873,2018,Woensdrecht,Noord-Brabant,91.96,51.40832,4.342216,22208,242.0,0,0,0,11.38,6.26,16.03,78.55,1015.46,641.1,0.0,94.506,1.009,5.898,101.414,13
GM0873,2019,Woensdrecht,Noord-Brabant,91.96,51.40832,4.342216,22208,242.0,0,0,0,11.2,6.22,15.73,78.44,1014.68,742.8,0.0,94.506,1.009,5.898,101.414,13
GM0873,2020,Woensdrecht,Noord-Brabant,91.96,51.40832,4.342216,22208,242.0,0,0,0,11.85,6.93,16.37,77.05,1015.29,763.0,0.0,94.506,1.009,5.898,101.414,13
GM0873,2021,Woensdrecht,Noord-Brabant,91.96,51.40832,4.342216,22208,242.0,0,0,0,10.58,5.9,14.82,80.6,1016.34,662.1,0.0,94.506,1.009,5.898,101.414,13
GM0873,2022,Woensdrecht,Noord-Brabant,91.96,51.40832,4.342216,22208,242.0,11,0,0,11.77,6.31,16.53,76.48,1017.3,738.0,0.0,94.506,1.009,5.898,101.414,13
GM0873,2023,Woensdrecht,Noord-Brabant,91.96,51.40832,4.342216,22208,242.0,9,0,0,11.86,7.37,15.94,79.16,1014.41,1037.0,0.0,94.506,1.009,5.898,101.414,13
GM0873,2024,Woensdrecht,Noord-Brabant,91.96,51.40832,4.342216,22208,242.0,13,1,0,11.81,7.53,15.73,81.95,1014.73,1003.5,0.0,94.506,1.009,5.898,101.414,13
GM0879,2015,Zundert,Noord-Brabant,121.23,51.479791,4.642618,22553,187.0,0,0,0,,,,,,,,73.568,0.0,17.157,90.724,2
GM0879,2016,Zundert,Noord-Brabant,121.23,51.479791,4.642618,22553,187.0,0,0,0,,,,,,,,73.568,0.0,17.157,90.724,2
GM0879,2017,Zundert,Noord-Brabant,121.23,51.479791,4.642618,22553,187.0,0,0,0,,,,,,,,73.568,0.0,17.157,90.724,2
GM0879,2018,Zundert,Noord-Brabant,121.23,51.479791,4.642618,22553,187.0,0,0,0,,,,,,,,73.568,0.0,17.157,90.724,2
GM0879,2019,Zundert,Noord-Brabant,121.23,51.479791,4.642618,22553,187.0,0,0,0,,,,,,,,73.568,0.0,17.157,90.724,2
GM0879,2020,Zundert,Noord-Brabant,121.23,51.479791,4.642618,22553,187.0,0,0,0,,,,,,,,73.568,0.0,17.157,90.724,2
GM0879,2021,Zundert,Noord-Brabant,121.23,51.479791,4.642618,22553,187.0,0,0,0,,,,,,,,73.568,0.0,17.157,90.724,2
GM0879,2022,Zundert,Noord-Brabant,121.23,51.479791,4.642618,22553,187.0,12,0,0,,,,,,,,73.568,0.0,17.157,90.724,2
GM0879,2023,Zundert,Noord-Brabant,121.23,51.479791,4.642618,22553,187.0,7,0,0,,,,,,,,73.568,0.0,17.157,90.724,2
GM0879,2024,Zundert,Noord-Brabant,121.23,51.479791,4.642618,22553,187.0,12,0,0,,,,,,,,73.568,0.0,17.157,90.724,2
GM0880,2015,Wormerland,Noord-Holland,45.12,52.502016,4.855123,16552,430.0,0,0,0,,,,,,,,13.528,0.0,0.233,13.761,2
GM0880,2016,Wormerland,Noord-Holland,45.12,52.502016,4.855123,16552,430.0,0,0,0,,,,,,,,13.528,0.0,0.233,13.761,2
GM0880,2017,Wormerland,Noord-Holland,45.12,52.502016,4.855123,16552,430.0,0,0,0,,,,,,,,13.528,0.0,0.233,13.761,2
GM0880,2018,Wormerland,Noord-Holland,45.12,52.502016,4.855123,16552,430.0,0,0,0,,,,,,,,13.528,0.0,0.233,13.761,2
GM0880,2019,Wormerland,Noord-Holland,45.12,52.502016,4.855123,16552,430.0,0,0,0,,,,,,,,13.528,0.0,0.233,13.761,2
GM0880,2020,Wormerland,Noord-Holland,45.12,52.502016,4.855123,16552,430.0,0,0,0,,,,,,,,13.528,0.0,0.233,13.761,2
GM0880,2021,Wormerland,Noord-Holland,45.12,52.502016,4.855123,16552,430.0,0,0,0,,,,,,,,13.528,0.0,0.233,13.761,2
GM0880,2022,Wormerland,Noord-Holland,45.12,52.502016,4.855123,16552,430.0,20,0,0,,,,,,,,13.528,0.0,0.233,13.761,2
GM0880,2023,Wormerland,Noord-Holland,45.12,52.502016,4.855123,16552,430.0,8,0,0,,,,,,,,13.528,0.0,0.233,13.761,2
GM0880,2024,Wormerland,Noord-Holland,45.12,52.502016,4.855123,16552,430.0,22,1,0,,,,,,,,13.528,0.0,0.233,13.761,2
GM0882,2015,Landgraaf,Limburg,24.68,50.906414,6.033,37112,1510.0,0,0,0,,,,,,,,47.245,0.0,8.049,55.294,11
GM0882,2016,Landgraaf,Limburg,24.68,50.906414,6.033,37112,1510.0,0,0,0,,,,,,,,47.245,0.0,8.049,55.294,11
GM0882,2017,Landgraaf,Limburg,24.68,50.906414,6.033,37112,1510.0,0,0,0,,,,,,,,47.245,0.0,8.049,55.294,11
GM0882,2018,Landgraaf,Limburg,24.68,50.906414,6.033,37112,1510.0,0,0,0,,,,,,,,47.245,0.0,8.049,55.294,11
GM0882,2019,Landgraaf,Limburg,24.68,50.906414,6.033,37112,1510.0,0,0,0,,,,,,,,47.245,0.0,8.049,55.294,11
GM0882,2020,Landgraaf,Limburg,24.68,50.906414,6.033,37112,1510.0,0,0,0,,,,,,,,47.245,0.0,8.049,55.294,11
GM0882,2021,Landgraaf,Limburg,24.68,50.906414,6.033,37112,1510.0,0,0,0,,,,,,,,47.245,0.0,8.049,55.294,11
GM0882,2022,Landgraaf,Limburg,24.68,50.906414,6.033,37112,1510.0,15,0,0,,,,,,,,47.245,0.0,8.049,55.294,11
GM0882,2023,Landgraaf,Limburg,24.68,50.906414,6.033,37112,1510.0,14,0,0,,,,,,,,47.245,0.0,8.049,55.294,11
GM0882,2024,Landgraaf,Limburg,24.68,50.906414,6.033,37112,1510.0,23,0,0,,,,,,,,47.245,0.0,8.049,55.294,11
GM0888,2015,Beek (L.),Limburg,21.12,50.930838,5.809039,16215,770.0,0,0,0,,,,,,,,27.464,0.0,4.624,32.088,5
GM0888,2016,Beek (L.),Limburg,21.12,50.930838,5.809039,16215,770.0,0,0,0,,,,,,,,27.464,0.0,4.624,32.088,5
GM0888,2017,Beek (L.),Limburg,21.12,50.930838,5.809039,16215,770.0,0,0,0,,,,,,,,27.464,0.0,4.624,32.088,5
GM0888,2018,Beek (L.),Limburg,21.12,50.930838,5.809039,16215,770.0,0,0,0,,,,,,,,27.464,0.0,4.624,32.088,5
GM0888,2019,Beek (L.),Limburg,21.12,50.930838,5.809039,16215,770.0,0,0,0,,,,,,,,27.464,0.0,4.624,32.088,5
GM0888,2020,Beek (L.),Limburg,21.12,50.930838,5.809039,16215,770.0,0,0,0,,,,,,,,27.464,0.0,4.624,32.088,5
GM0888,2021,Beek (L.),Limburg,21.12,50.930838,5.809039,16215,770.0,0,0,0,,,,,,,,27.464,0.0,4.624,32.088,5
GM0888,2022,Beek (L.),Limburg,21.12,50.930838,5.809039,16215,770.0,0,0,0,,,,,,,,27.464,0.0,4.624,32.088,5
GM0888,2023,Beek (L.),Limburg,21.12,50.930838,5.809039,16215,770.0,0,0,0,,,,,,,,27.464,0.0,4.624,32.088,5
GM0888,2024,Beek (L.),Limburg,21.12,50.930838,5.809039,16215,770.0,0,0,0,,,,,,,,27.464,0.0,4.624,32.088,5
GM0889,2015,Beesel,Limburg,29.16,51.269134,6.068935,13394,480.0,0,0,0,,,,,,,,18.0,0.0,2.881,20.881,4
GM0889,2016,Beesel,Limburg,29.16,51.269134,6.068935,13394,480.0,0,0,0,,,,,,,,18.0,0.0,2.881,20.881,4
GM0889,2017,Beesel,Limburg,29.16,51.269134,6.068935,13394,480.0,0,0,0,,,,,,,,18.0,0.0,2.881,20.881,4
GM0889,2018,Beesel,Limburg,29.16,51.269134,6.068935,13394,480.0,0,0,0,,,,,,,,18.0,0.0,2.881,20.881,4
GM0889,2019,Beesel,Limburg,29.16,51.269134,6.068935,13394,480.0,0,0,0,,,,,,,,18.0,0.0,2.881,20.881,4
GM0889,2020,Beesel,Limburg,29.16,51.269134,6.068935,13394,480.0,0,0,0,,,,,,,,18.0,0.0,2.881,20.881,4
GM0889,2021,Beesel,Limburg,29.16,51.269134,6.068935,13394,480.0,0,0,0,,,,,,,,18.0,0.0,2.881,20.881,4
GM0889,2022,Beesel,Limburg,29.16,51.269134,6.068935,13394,480.0,3,0,0,,,,,,,,18.0,0.0,2.881,20.881,4
GM0889,2023,Beesel,Limburg,29.16,51.269134,6.068935,13394,480.0,7,1,0,,,,,,,,18.0,0.0,2.881,20.881,4
GM0889,2024,Beesel,Limburg,29.16,51.269134,6.068935,13394,480.0,7,0,0,,,,,,,,18.0,0.0,2.881,20.881,4
GM0893,2015,Bergen (L.),Limburg,108.38,51.591905,6.089455,13154,127.0,0,0,0,,,,,,,,138.719,0.024,1.268,140.01,12
GM0893,2016,Bergen (L.),Limburg,108.38,51.591905,6.089455,13154,127.0,0,0,0,,,,,,,,138.719,0.024,1.268,140.01,12
GM0893,2017,Bergen (L.),Limburg,108.38,51.591905,6.089455,13154,127.0,0,0,0,,,,,,,,138.719,0.024,1.268,140.01,12
GM0893,2018,Bergen (L.),Limburg,108.38,51.591905,6.089455,13154,127.0,0,0,0,,,,,,,,138.719,0.024,1.268,140.01,12
GM0893,2019,Bergen (L.),Limburg,108.38,51.591905,6.089455,13154,127.0,0,0,0,,,,,,,,138.719,0.024,1.268,140.01,12
GM0893,2020,Bergen (L.),Limburg,108.38,51.591905,6.089455,13154,127.0,0,0,0,,,,,,,,138.719,0.024,1.268,140.01,12
GM0893,2021,Bergen (L.),Limburg,108.38,51.591905,6.089455,13154,127.0,0,0,0,,,,,,,,138.719,0.024,1.268,140.01,12
GM0893,2022,Bergen (L.),Limburg,108.38,51.591905,6.089455,13154,127.0,0,0,0,,,,,,,,138.719,0.024,1.268,140.01,12
GM0893,2023,Bergen (L.),Limburg,108.38,51.591905,6.089455,13154,127.0,0,0,0,,,,,,,,138.719,0.024,1.268,140.01,12
GM0893,2024,Bergen (L.),Limburg,108.38,51.591905,6.089455,13154,127.0,0,0,0,,,,,,,,138.719,0.024,1.268,140.01,12
GM0899,2015,Brunssum,Limburg,17.31,50.942949,5.978041,27770,1611.0,0,0,0,,,,,,,,40.882,0.065,7.341,48.288,7
GM0899,2016,Brunssum,Limburg,17.31,50.942949,5.978041,27770,1611.0,0,0,0,,,,,,,,40.882,0.065,7.341,48.288,7
GM0899,2017,Brunssum,Limburg,17.31,50.942949,5.978041,27770,1611.0,0,0,0,,,,,,,,40.882,0.065,7.341,48.288,7
GM0899,2018,Brunssum,Limburg,17.31,50.942949,5.978041,27770,1611.0,0,0,0,,,,,,,,40.882,0.065,7.341,48.288,7
GM0899,2019,Brunssum,Limburg,17.31,50.942949,5.978041,27770,1611.0,0,0,0,,,,,,,,40.882,0.065,7.341,48.288,7
GM0899,2020,Brunssum,Limburg,17.31,50.942949,5.978041,27770,1611.0,0,0,0,,,,,,,,40.882,0.065,7.341,48.288,7
GM0899,2021,Brunssum,Limburg,17.31,50.942949,5.978041,27770,1611.0,0,0,0,,,,,,,,40.882,0.065,7.341,48.288,7
GM0899,2022,Brunssum,Limburg,17.31,50.942949,5.978041,27770,1611.0,7,0,0,,,,,,,,40.882,0.065,7.341,48.288,7
GM0899,2023,Brunssum,Limburg,17.31,50.942949,5.978041,27770,1611.0,11,0,0,,,,,,,,40.882,0.065,7.341,48.288,7
GM0899,2024,Brunssum,Limburg,17.31,50.942949,5.978041,27770,1611.0,13,0,0,,,,,,,,40.882,0.065,7.341,48.288,7
GM0907,2015,Gennep,Limburg,50.52,51.699293,5.987056,17789,374.0,0,0,0,,,,,,,,100.891,0.189,16.62,117.7,30
GM0907,2016,Gennep,Limburg,50.52,51.699293,5.987056,17789,374.0,0,0,0,,,,,,,,100.891,0.189,16.62,117.7,30
GM0907,2017,Gennep,Limburg,50.52,51.699293,5.987056,17789,374.0,0,0,0,,,,,,,,100.891,0.189,16.62,117.7,30
GM0907,2018,Gennep,Limburg,50.52,51.699293,5.987056,17789,374.0,0,0,0,,,,,,,,100.891,0.189,16.62,117.7,30
GM0907,2019,Gennep,Limburg,50.52,51.699293,5.987056,17789,374.0,0,0,0,,,,,,,,100.891,0.189,16.62,117.7,30
GM0907,2020,Gennep,Limburg,50.52,51.699293,5.987056,17789,374.0,0,0,0,,,,,,,,100.891,0.189,16.62,117.7,30
GM0907,2021,Gennep,Limburg,50.52,51.699293,5.987056,17789,374.0,0,0,0,,,,,,,,100.891,0.189,16.62,117.7,30
GM0907,2022,Gennep,Limburg,50.52,51.699293,5.987056,17789,374.0,6,0,0,,,,,,,,100.891,0.189,16.62,117.7,30
GM0907,2023,Gennep,Limburg,50.52,51.699293,5.987056,17789,374.0,10,0,0,,,,,,,,100.891,0.189,16.62,117.7,30
GM0907,2024,Gennep,Limburg,50.52,51.699293,5.987056,17789,374.0,11,0,0,,,,,,,,100.891,0.189,16.62,117.7,30
GM0917,2015,Heerlen,Limburg,45.55,50.893302,5.969477,87461,1948.0,0,0,0,,,,,,,,95.935,0.81,35.526,132.27,26
GM0917,2016,Heerlen,Limburg,45.55,50.893302,5.969477,87461,1948.0,0,0,0,,,,,,,,95.935,0.81,35.526,132.27,26
GM0917,2017,Heerlen,Limburg,45.55,50.893302,5.969477,87461,1948.0,0,0,0,,,,,,,,95.935,0.81,35.526,132.27,26
GM0917,2018,Heerlen,Limburg,45.55,50.893302,5.969477,87461,1948.0,0,0,0,,,,,,,,95.935,0.81,35.526,132.27,26
GM0917,2019,Heerlen,Limburg,45.55,50.893302,5.969477,87461,1948.0,0,0,0,,,,,,,,95.935,0.81,35.526,132.27,26
GM0917,2020,Heerlen,Limburg,45.55,50.893302,5.969477,87461,1948.0,0,0,0,,,,,,,,95.935,0.81,35.526,132.27,26
GM0917,2021,Heerlen,Limburg,45.55,50.893302,5.969477,87461,1948.0,0,0,0,,,,,,,,95.935,0.81,35.526,132.27,26
GM0917,2022,Heerlen,Limburg,45.55,50.893302,5.969477,87461,1948.0,72,0,0,,,,,,,,95.935,0.81,35.526,132.27,26
GM0917,2023,Heerlen,Limburg,45.55,50.893302,5.969477,87461,1948.0,72,1,0,,,,,,,,95.935,0.81,35.526,132.27,26
GM0917,2024,Heerlen,Limburg,45.55,50.893302,5.969477,87461,1948.0,73,0,0,,,,,,,,95.935,0.81,35.526,132.27,26
GM0928,2015,Kerkrade,Limburg,22.13,50.871802,6.050987,45311,2068.0,0,0,0,,,,,,,,54.058,0.0,3.29,57.348,5
GM0928,2016,Kerkrade,Limburg,22.13,50.871802,6.050987,45311,2068.0,0,0,0,,,,,,,,54.058,0.0,3.29,57.348,5
GM0928,2017,Kerkrade,Limburg,22.13,50.871802,6.050987,45311,2068.0,0,0,0,,,,,,,,54.058,0.0,3.29,57.348,5
GM0928,2018,Kerkrade,Limburg,22.13,50.871802,6.050987,45311,2068.0,0,0,0,,,,,,,,54.058,0.0,3.29,57.348,5
GM0928,2019,Kerkrade,Limburg,22.13,50.871802,6.050987,45311,2068.0,0,0,0,,,,,,,,54.058,0.0,3.29,57.348,5
GM0928,2020,Kerkrade,Limburg,22.13,50.871802,6.050987,45311,2068.0,0,0,0,,,,,,,,54.058,0.0,3.29,57.348,5
GM0928,2021,Kerkrade,Limburg,22.13,50.871802,6.050987,45311,2068.0,0,0,0,,,,,,,,54.058,0.0,3.29,57.348,5
GM0928,2022,Kerkrade,Limburg,22.13,50.871802,6.050987,45311,2068.0,32,0,0,,,,,,,,54.058,0.0,3.29,57.348,5
GM0928,2023,Kerkrade,Limburg,22.13,50.871802,6.050987,45311,2068.0,31,0,0,,,,,,,,54.058,0.0,3.29,57.348,5
GM0928,2024,Kerkrade,Limburg,22.13,50.871802,6.050987,45311,2068.0,28,0,0,,,,,,,,54.058,0.0,3.29,57.348,5
GM0935,2015,Maastricht,Limburg,60.13,50.852977,5.6995,125285,2246.0,0,0,0,,,,,,,,126.102,4.77,37.54,168.412,173
GM0935,2016,Maastricht,Limburg,60.13,50.852977,5.6995,125285,2246.0,0,0,0,,,,,,,,126.102,4.77,37.54,168.412,173
GM0935,2017,Maastricht,Limburg,60.13,50.852977,5.6995,125285,2246.0,0,0,0,,,,,,,,126.102,4.77,37.54,168.412,173
GM0935,2018,Maastricht,Limburg,60.13,50.852977,5.6995,125285,2246.0,0,0,0,,,,,,,,126.102,4.77,37.54,168.412,173
GM0935,2019,Maastricht,Limburg,60.13,50.852977,5.6995,125285,2246.0,0,0,0,,,,,,,,126.102,4.77,37.54,168.412,173
GM0935,2020,Maastricht,Limburg,60.13,50.852977,5.6995,125285,2246.0,0,0,0,,,,,,,,126.102,4.77,37.54,168.412,173
GM0935,2021,Maastricht,Limburg,60.13,50.852977,5.6995,125285,2246.0,0,0,0,,,,,,,,126.102,4.77,37.54,168.412,173
GM0935,2022,Maastricht,Limburg,60.13,50.852977,5.6995,125285,2246.0,136,3,0,,,,,,,,126.102,4.77,37.54,168.412,173
GM0935,2023,Maastricht,Limburg,60.13,50.852977,5.6995,125285,2246.0,147,1,0,,,,,,,,126.102,4.77,37.54,168.412,173
GM0935,2024,Maastricht,Limburg,60.13,50.852977,5.6995,125285,2246.0,161,1,0,,,,,,,,126.102,4.77,37.54,168.412,173
GM0938,2015,Meerssen,Limburg,27.65,50.901274,5.756335,18576,695.0,0,0,0,,,,,,,,33.754,0.05,2.902,36.706,0
GM0938,2016,Meerssen,Limburg,27.65,50.901274,5.756335,18576,695.0,0,0,0,,,,,,,,33.754,0.05,2.902,36.706,0
GM0938,2017,Meerssen,Limburg,27.65,50.901274,5.756335,18576,695.0,0,0,0,,,,,,,,33.754,0.05,2.902,36.706,0
GM0938,2018,Meerssen,Limburg,27.65,50.901274,5.756335,18576,695.0,0,0,0,,,,,,,,33.754,0.05,2.902,36.706,0
GM0938,2019,Meerssen,Limburg,27.65,50.901274,5.756335,18576,695.0,0,0,0,,,,,,,,33.754,0.05,2.902,36.706,0
GM0938,2020,Meerssen,Limburg,27.65,50.901274,5.756335,18576,695.0,0,0,0,,,,,,,,33.754,0.05,2.902,36.706,0
GM0938,2021,Meerssen,Limburg,27.65,50.901274,5.756335,18576,695.0,0,0,0,,,,,,,,33.754,0.05,2.902,36.706,0
GM0938,2022,Meerssen,Limburg,27.65,50.901274,5.756335,18576,695.0,14,0,0,,,,,,,,33.754,0.05,2.902,36.706,0
GM0938,2023,Meerssen,Limburg,27.65,50.901274,5.756335,18576,695.0,9,1,0,,,,,,,,33.754,0.05,2.902,36.706,0
GM0938,2024,Meerssen,Limburg,27.65,50.901274,5.756335,18576,695.0,9,0,0,,,,,,,,33.754,0.05,2.902,36.706,0
GM0944,2015,Mook en Middelaar,Limburg,18.77,51.747427,5.899606,8153,469.0,0,0,0,,,,,,,,54.961,0.0,6.947,61.909,12
GM0944,2016,Mook en Middelaar,Limburg,18.77,51.747427,5.899606,8153,469.0,0,0,0,,,,,,,,54.961,0.0,6.947,61.909,12
GM0944,2017,Mook en Middelaar,Limburg,18.77,51.747427,5.899606,8153,469.0,0,0,0,,,,,,,,54.961,0.0,6.947,61.909,12
GM0944,2018,Mook en Middelaar,Limburg,18.77,51.747427,5.899606,8153,469.0,0,0,0,,,,,,,,54.961,0.0,6.947,61.909,12
GM0944,2019,Mook en Middelaar,Limburg,18.77,51.747427,5.899606,8153,469.0,0,0,0,,,,,,,,54.961,0.0,6.947,61.909,12
GM0944,2020,Mook en Middelaar,Limburg,18.77,51.747427,5.899606,8153,469.0,0,0,0,,,,,,,,54.961,0.0,6.947,61.909,12
GM0944,2021,Mook en Middelaar,Limburg,18.77,51.747427,5.899606,8153,469.0,0,0,0,,,,,,,,54.961,0.0,6.947,61.909,12
GM0944,2022,Mook en Middelaar,Limburg,18.77,51.747427,5.899606,8153,469.0,7,0,0,,,,,,,,54.961,0.0,6.947,61.909,12
GM0944,2023,Mook en Middelaar,Limburg,18.77,51.747427,5.899606,8153,469.0,5,0,0,,,,,,,,54.961,0.0,6.947,61.909,12
GM0944,2024,Mook en Middelaar,Limburg,18.77,51.747427,5.899606,8153,469.0,5,0,0,,,,,,,,54.961,0.0,6.947,61.909,12
GM0946,2015,Nederweert,Limburg,101.77,51.294347,5.773287,17492,175.0,0,0,0,,,,,,,,42.62,0.0,2.193,44.813,6
GM0946,2016,Nederweert,Limburg,101.77,51.294347,5.773287,17492,175.0,0,0,0,,,,,,,,42.62,0.0,2.193,44.813,6
GM0946,2017,Nederweert,Limburg,101.77,51.294347,5.773287,17492,175.0,0,0,0,,,,,,,,42.62,0.0,2.193,44.813,6
GM0946,2018,Nederweert,Limburg,101.77,51.294347,5.773287,17492,175.0,0,0,0,,,,,,,,42.62,0.0,2.193,44.813,6
GM0946,2019,Nederweert,Limburg,101.77,51.294347,5.773287,17492,175.0,0,0,0,,,,,,,,42.62,0.0,2.193,44.813,6
GM0946,2020,Nederweert,Limburg,101.77,51.294347,5.773287,17492,175.0,0,0,0,,,,,,,,42.62,0.0,2.193,44.813,6
GM0946,2021,Nederweert,Limburg,101.77,51.294347,5.773287,17492,175.0,0,0,0,,,,,,,,42.62,0.0,2.193,44.813,6
GM0946,2022,Nederweert,Limburg,101.77,51.294347,5.773287,17492,175.0,10,0,0,,,,,,,,42.62,0.0,2.193,44.813,6
GM0946,2023,Nederweert,Limburg,101.77,51.294347,5.773287,17492,175.0,13,1,0,,,,,,,,42.62,0.0,2.193,44.813,6
GM0946,2024,Nederweert,Limburg,101.77,51.294347,5.773287,17492,175.0,7,1,0,,,,,,,,42.62,0.0,2.193,44.813,6
GM0957,2015,Roermond,Limburg,71.04,51.201163,6.011438,60743,1002.0,0,0,0,,,,,,,,106.908,0.0,3.214,110.123,26
GM0957,2016,Roermond,Limburg,71.04,51.201163,6.011438,60743,1002.0,0,0,0,,,,,,,,106.908,0.0,3.214,110.123,26
GM0957,2017,Roermond,Limburg,71.04,51.201163,6.011438,60743,1002.0,0,0,0,,,,,,,,106.908,0.0,3.214,110.123,26
GM0957,2018,Roermond,Limburg,71.04,51.201163,6.011438,60743,1002.0,0,0,0,,,,,,,,106.908,0.0,3.214,110.123,26
GM0957,2019,Roermond,Limburg,71.04,51.201163,6.011438,60743,1002.0,0,0,0,,,,,,,,106.908,0.0,3.214,110.123,26
GM0957,2020,Roermond,Limburg,71.04,51.201163,6.011438,60743,1002.0,0,0,0,,,,,,,,106.908,0.0,3.214,110.123,26
GM0957,2021,Roermond,Limburg,71.04,51.201163,6.011438,60743,1002.0,0,0,0,,,,,,,,106.908,0.0,3.214,110.123,26
GM0957,2022,Roermond,Limburg,71.04,51.201163,6.011438,60743,1002.0,81,1,0,,,,,,,,106.908,0.0,3.214,110.123,26
GM0957,2023,Roermond,Limburg,71.04,51.201163,6.011438,60743,1002.0,68,1,0,,,,,,,,106.908,0.0,3.214,110.123,26
GM0957,2024,Roermond,Limburg,71.04,51.201163,6.011438,60743,1002.0,69,2,0,,,,,,,,106.908,0.0,3.214,110.123,26
GM0965,2015,Simpelveld,Limburg,16.03,50.828803,5.98659,10255,640.0,0,0,0,,,,,,,,8.686,0.0,1.419,10.105,1
GM0965,2016,Simpelveld,Limburg,16.03,50.828803,5.98659,10255,640.0,0,0,0,,,,,,,,8.686,0.0,1.419,10.105,1
GM0965,2017,Simpelveld,Limburg,16.03,50.828803,5.98659,10255,640.0,0,0,0,,,,,,,,8.686,0.0,1.419,10.105,1
GM0965,2018,Simpelveld,Limburg,16.03,50.828803,5.98659,10255,640.0,0,0,0,,,,,,,,8.686,0.0,1.419,10.105,1
GM0965,2019,Simpelveld,Limburg,16.03,50.828803,5.98659,10255,640.0,0,0,0,,,,,,,,8.686,0.0,1.419,10.105,1
GM0965,2020,Simpelveld,Limburg,16.03,50.828803,5.98659,10255,640.0,0,0,0,,,,,,,,8.686,0.0,1.419,10.105,1
GM0965,2021,Simpelveld,Limburg,16.03,50.828803,5.98659,10255,640.0,0,0,0,,,,,,,,8.686,0.0,1.419,10.105,1
GM0965,2022,Simpelveld,Limburg,16.03,50.828803,5.98659,10255,640.0,2,0,0,,,,,,,,8.686,0.0,1.419,10.105,1
GM0965,2023,Simpelveld,Limburg,16.03,50.828803,5.98659,10255,640.0,1,0,0,,,,,,,,8.686,0.0,1.419,10.105,1
GM0965,2024,Simpelveld,Limburg,16.03,50.828803,5.98659,10255,640.0,3,0,0,,,,,,,,8.686,0.0,1.419,10.105,1
GM0971,2015,Stein (L.),Limburg,22.8,50.968974,5.76366,24744,1183.0,0,0,0,,,,,,,,51.343,0.0,1.24,52.584,0
GM0971,2016,Stein (L.),Limburg,22.8,50.968974,5.76366,24744,1183.0,0,0,0,,,,,,,,51.343,0.0,1.24,52.584,0
GM0971,2017,Stein (L.),Limburg,22.8,50.968974,5.76366,24744,1183.0,0,0,0,,,,,,,,51.343,0.0,1.24,52.584,0
GM0971,2018,Stein (L.),Limburg,22.8,50.968974,5.76366,24744,1183.0,0,0,0,,,,,,,,51.343,0.0,1.24,52.584,0
GM0971,2019,Stein (L.),Limburg,22.8,50.968974,5.76366,24744,1183.0,0,0,0,,,,,,,,51.343,0.0,1.24,52.584,0
GM0971,2020,Stein (L.),Limburg,22.8,50.968974,5.76366,24744,1183.0,0,0,0,,,,,,,,51.343,0.0,1.24,52.584,0
GM0971,2021,Stein (L.),Limburg,22.8,50.968974,5.76366,24744,1183.0,0,0,0,,,,,,,,51.343,0.0,1.24,52.584,0
GM0971,2022,Stein (L.),Limburg,22.8,50.968974,5.76366,24744,1183.0,0,0,0,,,,,,,,51.343,0.0,1.24,52.584,0
GM0971,2023,Stein (L.),Limburg,22.8,50.968974,5.76366,24744,1183.0,0,0,0,,,,,,,,51.343,0.0,1.24,52.584,0
GM0971,2024,Stein (L.),Limburg,22.8,50.968974,5.76366,24744,1183.0,0,0,0,,,,,,,,51.343,0.0,1.24,52.584,0
GM0981,2015,Vaals,Limburg,23.87,50.774299,5.975873,10121,424.0,0,0,0,,,,,,,,12.123,0.0,11.691,23.814,29
GM0981,2016,Vaals,Limburg,23.87,50.774299,5.975873,10121,424.0,0,0,0,,,,,,,,12.123,0.0,11.691,23.814,29
GM0981,2017,Vaals,Limburg,23.87,50.774299,5.975873,10121,424.0,0,0,0,,,,,,,,12.123,0.0,11.691,23.814,29
GM0981,2018,Vaals,Limburg,23.87,50.774299,5.975873,10121,424.0,0,0,0,,,,,,,,12.123,0.0,11.691,23.814,29
GM0981,2019,Vaals,Limburg,23.87,50.774299,5.975873,10121,424.0,0,0,0,,,,,,,,12.123,0.0,11.691,23.814,29
GM0981,2020,Vaals,Limburg,23.87,50.774299,5.975873,10121,424.0,0,0,0,,,,,,,,12.123,0.0,11.691,23.814,29
GM0981,2021,Vaals,Limburg,23.87,50.774299,5.975873,10121,424.0,0,0,0,,,,,,,,12.123,0.0,11.691,23.814,29
GM0981,2022,Vaals,Limburg,23.87,50.774299,5.975873,10121,424.0,9,0,0,,,,,,,,12.123,0.0,11.691,23.814,29
GM0981,2023,Vaals,Limburg,23.87,50.774299,5.975873,10121,424.0,5,0,0,,,,,,,,12.123,0.0,11.691,23.814,29
GM0981,2024,Vaals,Limburg,23.87,50.774299,5.975873,10121,424.0,8,0,0,,,,,,,,12.123,0.0,11.691,23.814,29
GM0983,2015,Venlo,Limburg,128.9,51.390944,6.159124,103789,836.0,0,0,0,11.12,6.51,15.62,79.51,,731.2,1843.7,210.682,0.414,26.254,237.35,29
GM0983,2016,Venlo,Limburg,128.9,51.390944,6.159124,103789,836.0,0,0,0,10.92,6.61,15.38,80.64,,793.1,1803.3,210.682,0.414,26.254,237.35,29
GM0983,2017,Venlo,Limburg,128.9,51.390944,6.159124,103789,836.0,0,0,0,11.18,6.7,15.56,79.94,,775.6,1657.8,210.682,0.414,26.254,237.35,29
GM0983,2018,Venlo,Limburg,128.9,51.390944,6.159124,103789,836.0,0,0,0,11.8,6.69,16.86,74.71,,445.2,2096.5,210.682,0.414,26.254,237.35,29
GM0983,2019,Venlo,Limburg,128.9,51.390944,6.159124,103789,836.0,0,0,0,11.45,6.69,16.19,77.91,,692.2,1823.6,210.682,0.414,26.254,237.35,29
GM0983,2020,Venlo,Limburg,128.9,51.390944,6.159124,103789,836.0,0,0,0,12.0,7.07,16.82,75.1,,513.0,1907.4,210.682,0.414,26.254,237.35,29
GM0983,2021,Venlo,Limburg,128.9,51.390944,6.159124,103789,836.0,0,0,0,10.5,6.07,14.89,80.8,,768.8,1710.0,210.682,0.414,26.254,237.35,29
GM0983,2022,Venlo,Limburg,128.9,51.390944,6.159124,103789,836.0,123,2,0,11.93,6.83,16.84,74.65,,601.8,2050.3,210.682,0.414,26.254,237.35,29
GM0983,2023,Venlo,Limburg,128.9,51.390944,6.159124,103789,836.0,130,3,0,12.03,7.84,16.25,79.05,,1091.4,1813.8,210.682,0.414,26.254,237.35,29
GM0983,2024,Venlo,Limburg,128.9,51.390944,6.159124,103789,836.0,135,1,0,11.97,8.0,16.04,80.7,,882.1,1540.8,210.682,0.414,26.254,237.35,29
GM0984,2015,Venray,Limburg,165.08,51.515382,5.962932,44662,274.0,0,0,0,,,,,,,,267.569,0.0,13.08,280.649,50
GM0984,2016,Venray,Limburg,165.08,51.515382,5.962932,44662,274.0,0,0,0,,,,,,,,267.569,0.0,13.08,280.649,50
GM0984,2017,Venray,Limburg,165.08,51.515382,5.962932,44662,274.0,0,0,0,,,,,,,,267.569,0.0,13.08,280.649,50
GM0984,2018,Venray,Limburg,165.08,51.515382,5.962932,44662,274.0,0,0,0,,,,,,,,267.569,0.0,13.08,280.649,50
GM0984,2019,Venray,Limburg,165.08,51.515382,5.962932,44662,274.0,0,0,0,,,,,,,,267.569,0.0,13.08,280.649,50
GM0984,2020,Venray,Limburg,165.08,51.515382,5.962932,44662,274.0,0,0,0,,,,,,,,267.569,0.0,13.08,280.649,50
GM0984,2021,Venray,Limburg,165.08,51.515382,5.962932,44662,274.0,0,0,0,,,,,,,,267.569,0.0,13.08,280.649,50
GM0984,2022,Venray,Limburg,165.08,51.515382,5.962932,44662,274.0,55,3,0,,,,,,,,267.569,0.0,13.08,280.649,50
GM0984,2023,Venray,Limburg,165.08,51.515382,5.962932,44662,274.0,52,0,0,,,,,,,,267.569,0.0,13.08,280.649,50
GM0984,2024,Venray,Limburg,165.08,51.515382,5.962932,44662,274.0,58,0,0,,,,,,,,267.569,0.0,13.08,280.649,50
GM0986,2015,Voerendaal,Limburg,31.56,50.869374,5.916495,12375,393.0,0,0,0,,,,,,,,27.213,0.0,6.488,33.701,1
GM0986,2016,Voerendaal,Limburg,31.56,50.869374,5.916495,12375,393.0,0,0,0,,,,,,,,27.213,0.0,6.488,33.701,1
GM0986,2017,Voerendaal,Limburg,31.56,50.869374,5.916495,12375,393.0,0,0,0,,,,,,,,27.213,0.0,6.488,33.701,1
GM0986,2018,Voerendaal,Limburg,31.56,50.869374,5.916495,12375,393.0,0,0,0,,,,,,,,27.213,0.0,6.488,33.701,1
GM0986,2019,Voerendaal,Limburg,31.56,50.869374,5.916495,12375,393.0,0,0,0,,,,,,,,27.213,0.0,6.488,33.701,1
GM0986,2020,Voerendaal,Limburg,31.56,50.869374,5.916495,12375,393.0,0,0,0,,,,,,,,27.213,0.0,6.488,33.701,1
GM0986,2021,Voerendaal,Limburg,31.56,50.869374,5.916495,12375,393.0,0,0,0,,,,,,,,27.213,0.0,6.488,33.701,1
GM0986,2022,Voerendaal,Limburg,31.56,50.869374,5.916495,12375,393.0,10,0,0,,,,,,,,27.213,0.0,6.488,33.701,1
GM0986,2023,Voerendaal,Limburg,31.56,50.869374,5.916495,12375,393.0,5,0,0,,,,,,,,27.213,0.0,6.488,33.701,1
GM0986,2024,Voerendaal,Limburg,31.56,50.869374,5.916495,12375,393.0,12,0,0,,,,,,,,27.213,0.0,6.488,33.701,1
GM0988,2015,Weert,Limburg,105.53,51.233536,5.691725,51079,490.0,0,0,0,11.07,6.62,15.39,78.6,1018.15,1368.9,3756.2,96.658,0.0,12.706,109.364,16
GM0988,2016,Weert,Limburg,105.53,51.233536,5.691725,51079,490.0,0,0,0,10.8,6.55,15.1,80.73,1016.66,1514.5,3442.8,96.658,0.0,12.706,109.364,16
GM0988,2017,Weert,Limburg,105.53,51.233536,5.691725,51079,490.0,0,0,0,11.13,6.61,15.43,79.16,1016.98,1377.8,3427.6,96.658,0.0,12.706,109.364,16
GM0988,2018,Weert,Limburg,105.53,51.233536,5.691725,51079,490.0,0,0,0,11.67,6.62,16.49,75.37,1015.65,1043.4,4181.2,96.658,0.0,12.706,109.364,16
GM0988,2019,Weert,Limburg,105.53,51.233536,5.691725,51079,490.0,0,0,0,11.31,6.57,15.94,77.96,1015.13,1371.6,3876.2,96.658,0.0,12.706,109.364,16
GM0988,2020,Weert,Limburg,105.53,51.233536,5.691725,51079,490.0,0,0,0,11.88,6.96,16.51,75.4,1015.83,1214.7,4030.1,96.658,0.0,12.706,109.364,16
GM0988,2021,Weert,Limburg,105.53,51.233536,5.691725,51079,490.0,0,0,0,10.51,6.12,14.74,79.95,1016.65,1643.7,3647.5,96.658,0.0,12.706,109.364,16
GM0988,2022,Weert,Limburg,105.53,51.233536,5.691725,51079,490.0,58,0,0,11.91,6.78,16.75,74.4,1017.59,1232.2,4342.3,96.658,0.0,12.706,109.364,16
GM0988,2023,Weert,Limburg,105.53,51.233536,5.691725,51079,490.0,44,2,0,11.97,7.64,16.14,78.19,1014.83,1958.0,3730.3,96.658,0.0,12.706,109.364,16
GM0988,2024,Weert,Limburg,105.53,51.233536,5.691725,51079,490.0,43,0,0,11.78,7.77,15.78,81.56,1015.17,1994.7,3255.3,96.658,0.0,12.706,109.364,16
GM0994,2015,Valkenburg aan de Geul,Limburg,36.88,50.860737,5.823831,16431,447.0,0,0,0,,,,,,,,27.642,0.054,11.969,39.664,13
GM0994,2016,Valkenburg aan de Geul,Limburg,36.88,50.860737,5.823831,16431,447.0,0,0,0,,,,,,,,27.642,0.054,11.969,39.664,13
GM0994,2017,Valkenburg aan de Geul,Limburg,36.88,50.860737,5.823831,16431,447.0,0,0,0,,,,,,,,27.642,0.054,11.969,39.664,13
GM0994,2018,Valkenburg aan de Geul,Limburg,36.88,50.860737,5.823831,16431,447.0,0,0,0,,,,,,,,27.642,0.054,11.969,39.664,13
GM0994,2019,Valkenburg aan de Geul,Limburg,36.88,50.860737,5.823831,16431,447.0,0,0,0,,,,,,,,27.642,0.054,11.969,39.664,13
GM0994,2020,Valkenburg aan de Geul,Limburg,36.88,50.860737,5.823831,16431,447.0,0,0,0,,,,,,,,27.642,0.054,11.969,39.664,13
GM0994,2021,Valkenburg aan de Geul,Limburg,36.88,50.860737,5.823831,16431,447.0,0,0,0,,,,,,,,27.642,0.054,11.969,39.664,13
GM0994,2022,Valkenburg aan de Geul,Limburg,36.88,50.860737,5.823831,16431,447.0,16,0,0,,,,,,,,27.642,0.054,11.969,39.664,13
GM0994,2023,Valkenburg aan de Geul,Limburg,36.88,50.860737,5.823831,16431,447.0,19,0,0,,,,,,,,27.642,0.054,11.969,39.664,13
GM0994,2024,Valkenburg aan de Geul,Limburg,36.88,50.860737,5.823831,16431,447.0,13,0,0,,,,,,,,27.642,0.054,11.969,39.664,13
GM0995,2015,Lelystad,Flevoland,255.76,52.47809,5.471987,84080,367.0,0,0,0,,,,,,,,639.1,0.184,17.349,656.633,41
GM0995,2016,Lelystad,Flevoland,255.76,52.47809,5.471987,84080,367.0,0,0,0,,,,,,,,639.1,0.184,17.349,656.633,41
GM0995,2017,Lelystad,Flevoland,255.76,52.47809,5.471987,84080,367.0,0,0,0,,,,,,,,639.1,0.184,17.349,656.633,41
GM0995,2018,Lelystad,Flevoland,255.76,52.47809,5.471987,84080,367.0,0,0,0,,,,,,,,639.1,0.184,17.349,656.633,41
GM0995,2019,Lelystad,Flevoland,255.76,52.47809,5.471987,84080,367.0,0,0,0,,,,,,,,639.1,0.184,17.349,656.633,41
GM0995,2020,Lelystad,Flevoland,255.76,52.47809,5.471987,84080,367.0,0,0,0,,,,,,,,639.1,0.184,17.349,656.633,41
GM0995,2021,Lelystad,Flevoland,255.76,52.47809,5.471987,84080,367.0,0,0,0,,,,,,,,639.1,0.184,17.349,656.633,41
GM0995,2022,Lelystad,Flevoland,255.76,52.47809,5.471987,84080,367.0,49,0,0,,,,,,,,639.1,0.184,17.349,656.633,41
GM0995,2023,Lelystad,Flevoland,255.76,52.47809,5.471987,84080,367.0,49,1,0,,,,,,,,639.1,0.184,17.349,656.633,41
GM0995,2024,Lelystad,Flevoland,255.76,52.47809,5.471987,84080,367.0,67,1,0,,,,,,,,639.1,0.184,17.349,656.633,41
GM1507,2015,Horst aan de Maas,Limburg,192.01,51.444846,6.041651,43917,233.0,0,0,0,,,,,,,,251.203,0.564,17.11,268.877,12
GM1507,2016,Horst aan de Maas,Limburg,192.01,51.444846,6.041651,43917,233.0,0,0,0,,,,,,,,251.203,0.564,17.11,268.877,12
GM1507,2017,Horst aan de Maas,Limburg,192.01,51.444846,6.041651,43917,233.0,0,0,0,,,,,,,,251.203,0.564,17.11,268.877,12
GM1507,2018,Horst aan de Maas,Limburg,192.01,51.444846,6.041651,43917,233.0,0,0,0,,,,,,,,251.203,0.564,17.11,268.877,12
GM1507,2019,Horst aan de Maas,Limburg,192.01,51.444846,6.041651,43917,233.0,0,0,0,,,,,,,,251.203,0.564,17.11,268.877,12
GM1507,2020,Horst aan de Maas,Limburg,192.01,51.444846,6.041651,43917,233.0,0,0,0,,,,,,,,251.203,0.564,17.11,268.877,12
GM1507,2021,Horst aan de Maas,Limburg,192.01,51.444846,6.041651,43917,233.0,0,0,0,,,,,,,,251.203,0.564,17.11,268.877,12
GM1507,2022,Horst aan de Maas,Limburg,192.01,51.444846,6.041651,43917,233.0,36,0,0,,,,,,,,251.203,0.564,17.11,268.877,12
GM1507,2023,Horst aan de Maas,Limburg,192.01,51.444846,6.041651,43917,233.0,25,0,0,,,,,,,,251.203,0.564,17.11,268.877,12
GM1507,2024,Horst aan de Maas,Limburg,192.01,51.444846,6.041651,43917,233.0,29,0,0,,,,,,,,251.203,0.564,17.11,268.877,12
GM1509,2015,Oude IJsselstreek,Gelderland,137.96,51.907789,6.409473,39402,290.0,0,0,0,,,,,,,,103.865,0.0,8.8,112.666,3
GM1509,2016,Oude IJsselstreek,Gelderland,137.96,51.907789,6.409473,39402,290.0,0,0,0,,,,,,,,103.865,0.0,8.8,112.666,3
GM1509,2017,Oude IJsselstreek,Gelderland,137.96,51.907789,6.409473,39402,290.0,0,0,0,,,,,,,,103.865,0.0,8.8,112.666,3
GM1509,2018,Oude IJsselstreek,Gelderland,137.96,51.907789,6.409473,39402,290.0,0,0,0,,,,,,,,103.865,0.0,8.8,112.666,3
GM1509,2019,Oude IJsselstreek,Gelderland,137.96,51.907789,6.409473,39402,290.0,0,0,0,,,,,,,,103.865,0.0,8.8,112.666,3
GM1509,2020,Oude IJsselstreek,Gelderland,137.96,51.907789,6.409473,39402,290.0,0,0,0,,,,,,,,103.865,0.0,8.8,112.666,3
GM1509,2021,Oude IJsselstreek,Gelderland,137.96,51.907789,6.409473,39402,290.0,0,0,0,,,,,,,,103.865,0.0,8.8,112.666,3
GM1509,2022,Oude IJsselstreek,Gelderland,137.96,51.907789,6.409473,39402,290.0,22,1,0,,,,,,,,103.865,0.0,8.8,112.666,3
GM1509,2023,Oude IJsselstreek,Gelderland,137.96,51.907789,6.409473,39402,290.0,18,1,0,,,,,,,,103.865,0.0,8.8,112.666,3
GM1509,2024,Oude IJsselstreek,Gelderland,137.96,51.907789,6.409473,39402,290.0,22,0,0,,,,,,,,103.865,0.0,8.8,112.666,3
GM1525,2015,Teylingen,Zuid-Holland,33.45,52.213991,4.511937,38470,1358.0,0,0,0,,,,,,,,81.763,0.0,9.546,91.308,14
GM1525,2016,Teylingen,Zuid-Holland,33.45,52.213991,4.511937,38470,1358.0,0,0,0,,,,,,,,81.763,0.0,9.546,91.308,14
GM1525,2017,Teylingen,Zuid-Holland,33.45,52.213991,4.511937,38470,1358.0,0,0,0,,,,,,,,81.763,0.0,9.546,91.308,14
GM1525,2018,Teylingen,Zuid-Holland,33.45,52.213991,4.511937,38470,1358.0,0,0,0,,,,,,,,81.763,0.0,9.546,91.308,14
GM1525,2019,Teylingen,Zuid-Holland,33.45,52.213991,4.511937,38470,1358.0,0,0,0,,,,,,,,81.763,0.0,9.546,91.308,14
GM1525,2020,Teylingen,Zuid-Holland,33.45,52.213991,4.511937,38470,1358.0,0,0,0,,,,,,,,81.763,0.0,9.546,91.308,14
GM1525,2021,Teylingen,Zuid-Holland,33.45,52.213991,4.511937,38470,1358.0,0,0,0,,,,,,,,81.763,0.0,9.546,91.308,14
GM1525,2022,Teylingen,Zuid-Holland,33.45,52.213991,4.511937,38470,1358.0,54,0,0,,,,,,,,81.763,0.0,9.546,91.308,14
GM1525,2023,Teylingen,Zuid-Holland,33.45,52.213991,4.511937,38470,1358.0,75,0,0,,,,,,,,81.763,0.0,9.546,91.308,14
GM1525,2024,Teylingen,Zuid-Holland,33.45,52.213991,4.511937,38470,1358.0,62,2,0,,,,,,,,81.763,0.0,9.546,91.308,14
GM1581,2015,Utrechtse Heuvelrug,Utrecht,133.96,52.034752,5.388312,50550,383.0,0,0,0,,,,,,,,128.366,0.15,5.336,133.852,27
GM1581,2016,Utrechtse Heuvelrug,Utrecht,133.96,52.034752,5.388312,50550,383.0,0,0,0,,,,,,,,128.366,0.15,5.336,133.852,27
GM1581,2017,Utrechtse Heuvelrug,Utrecht,133.96,52.034752,5.388312,50550,383.0,0,0,0,,,,,,,,128.366,0.15,5.336,133.852,27
GM1581,2018,Utrechtse Heuvelrug,Utrecht,133.96,52.034752,5.388312,50550,383.0,0,0,0,,,,,,,,128.366,0.15,5.336,133.852,27
GM1581,2019,Utrechtse Heuvelrug,Utrecht,133.96,52.034752,5.388312,50550,383.0,0,0,0,,,,,,,,128.366,0.15,5.336,133.852,27
GM1581,2020,Utrechtse Heuvelrug,Utrecht,133.96,52.034752,5.388312,50550,383.0,0,0,0,,,,,,,,128.366,0.15,5.336,133.852,27
GM1581,2021,Utrechtse Heuvelrug,Utrecht,133.96,52.034752,5.388312,50550,383.0,0,0,0,,,,,,,,128.366,0.15,5.336,133.852,27
GM1581,2022,Utrechtse Heuvelrug,Utrecht,133.96,52.034752,5.388312,50550,383.0,39,0,0,,,,,,,,128.366,0.15,5.336,133.852,27
GM1581,2023,Utrechtse Heuvelrug,Utrecht,133.96,52.034752,5.388312,50550,383.0,37,1,0,,,,,,,,128.366,0.15,5.336,133.852,27
GM1581,2024,Utrechtse Heuvelrug,Utrecht,133.96,52.034752,5.388312,50550,383.0,40,1,0,,,,,,,,128.366,0.15,5.336,133.852,27
GM1586,2015,Oost Gelre,Gelderland,110.4,52.009836,6.575754,29969,273.0,0,0,0,,,,,,,,79.485,0.636,7.87,87.991,8
GM1586,2016,Oost Gelre,Gelderland,110.4,52.009836,6.575754,29969,273.0,0,0,0,,,,,,,,79.485,0.636,7.87,87.991,8
GM1586,2017,Oost Gelre,Gelderland,110.4,52.009836,6.575754,29969,273.0,0,0,0,,,,,,,,79.485,0.636,7.87,87.991,8
GM1586,2018,Oost Gelre,Gelderland,110.4,52.009836,6.575754,29969,273.0,0,0,0,,,,,,,,79.485,0.636,7.87,87.991,8
GM1586,2019,Oost Gelre,Gelderland,110.4,52.009836,6.575754,29969,273.0,0,0,0,,,,,,,,79.485,0.636,7.87,87.991,8
GM1586,2020,Oost Gelre,Gelderland,110.4,52.009836,6.575754,29969,273.0,0,0,0,,,,,,,,79.485,0.636,7.87,87.991,8
GM1586,2021,Oost Gelre,Gelderland,110.4,52.009836,6.575754,29969,273.0,0,0,0,,,,,,,,79.485,0.636,7.87,87.991,8
GM1586,2022,Oost Gelre,Gelderland,110.4,52.009836,6.575754,29969,273.0,19,0,0,,,,,,,,79.485,0.636,7.87,87.991,8
GM1586,2023,Oost Gelre,Gelderland,110.4,52.009836,6.575754,29969,273.0,24,1,0,,,,,,,,79.485,0.636,7.87,87.991,8
GM1586,2024,Oost Gelre,Gelderland,110.4,52.009836,6.575754,29969,273.0,25,0,0,,,,,,,,79.485,0.636,7.87,87.991,8
GM1598,2015,Koggenland,Noord-Holland,83.4,52.64467,4.948167,23587,294.0,0,0,0,,,,,,,,36.688,0.0,19.22,55.907,21
GM1598,2016,Koggenland,Noord-Holland,83.4,52.64467,4.948167,23587,294.0,0,0,0,,,,,,,,36.688,0.0,19.22,55.907,21
GM1598,2017,Koggenland,Noord-Holland,83.4,52.64467,4.948167,23587,294.0,0,0,0,,,,,,,,36.688,0.0,19.22,55.907,21
GM1598,2018,Koggenland,Noord-Holland,83.4,52.64467,4.948167,23587,294.0,0,0,0,,,,,,,,36.688,0.0,19.22,55.907,21
GM1598,2019,Koggenland,Noord-Holland,83.4,52.64467,4.948167,23587,294.0,0,0,0,,,,,,,,36.688,0.0,19.22,55.907,21
GM1598,2020,Koggenland,Noord-Holland,83.4,52.64467,4.948167,23587,294.0,0,0,0,,,,,,,,36.688,0.0,19.22,55.907,21
GM1598,2021,Koggenland,Noord-Holland,83.4,52.64467,4.948167,23587,294.0,0,0,0,,,,,,,,36.688,0.0,19.22,55.907,21
GM1598,2022,Koggenland,Noord-Holland,83.4,52.64467,4.948167,23587,294.0,22,0,0,,,,,,,,36.688,0.0,19.22,55.907,21
GM1598,2023,Koggenland,Noord-Holland,83.4,52.64467,4.948167,23587,294.0,20,0,0,,,,,,,,36.688,0.0,19.22,55.907,21
GM1598,2024,Koggenland,Noord-Holland,83.4,52.64467,4.948167,23587,294.0,11,0,0,,,,,,,,36.688,0.0,19.22,55.907,21
GM1621,2015,Lansingerland,Zuid-Holland,56.34,52.003974,4.506052,65594,1231.0,0,0,0,,,,,,,,166.19,0.0,10.342,176.532,38
GM1621,2016,Lansingerland,Zuid-Holland,56.34,52.003974,4.506052,65594,1231.0,0,0,0,,,,,,,,166.19,0.0,10.342,176.532,38
GM1621,2017,Lansingerland,Zuid-Holland,56.34,52.003974,4.506052,65594,1231.0,0,0,0,,,,,,,,166.19,0.0,10.342,176.532,38
GM1621,2018,Lansingerland,Zuid-Holland,56.34,52.003974,4.506052,65594,1231.0,0,0,0,,,,,,,,166.19,0.0,10.342,176.532,38
GM1621,2019,Lansingerland,Zuid-Holland,56.34,52.003974,4.506052,65594,1231.0,0,0,0,,,,,,,,166.19,0.0,10.342,176.532,38
GM1621,2020,Lansingerland,Zuid-Holland,56.34,52.003974,4.506052,65594,1231.0,0,0,0,,,,,,,,166.19,0.0,10.342,176.532,38
GM1621,2021,Lansingerland,Zuid-Holland,56.34,52.003974,4.506052,65594,1231.0,0,0,0,,,,,,,,166.19,0.0,10.342,176.532,38
GM1621,2022,Lansingerland,Zuid-Holland,56.34,52.003974,4.506052,65594,1231.0,55,0,0,,,,,,,,166.19,0.0,10.342,176.532,38
GM1621,2023,Lansingerland,Zuid-Holland,56.34,52.003974,4.506052,65594,1231.0,56,0,0,,,,,,,,166.19,0.0,10.342,176.532,38
GM1621,2024,Lansingerland,Zuid-Holland,56.34,52.003974,4.506052,65594,1231.0,70,1,0,,,,,,,,166.19,0.0,10.342,176.532,38
GM1640,2015,Leudal,Limburg,164.92,51.239438,5.884803,36006,222.0,0,0,0,,,,,,,,126.484,0.0,1.806,128.29,6
GM1640,2016,Leudal,Limburg,164.92,51.239438,5.884803,36006,222.0,0,0,0,,,,,,,,126.484,0.0,1.806,128.29,6
GM1640,2017,Leudal,Limburg,164.92,51.239438,5.884803,36006,222.0,0,0,0,,,,,,,,126.484,0.0,1.806,128.29,6
GM1640,2018,Leudal,Limburg,164.92,51.239438,5.884803,36006,222.0,0,0,0,,,,,,,,126.484,0.0,1.806,128.29,6
GM1640,2019,Leudal,Limburg,164.92,51.239438,5.884803,36006,222.0,0,0,0,,,,,,,,126.484,0.0,1.806,128.29,6
GM1640,2020,Leudal,Limburg,164.92,51.239438,5.884803,36006,222.0,0,0,0,,,,,,,,126.484,0.0,1.806,128.29,6
GM1640,2021,Leudal,Limburg,164.92,51.239438,5.884803,36006,222.0,0,0,0,,,,,,,,126.484,0.0,1.806,128.29,6
GM1640,2022,Leudal,Limburg,164.92,51.239438,5.884803,36006,222.0,13,1,0,,,,,,,,126.484,0.0,1.806,128.29,6
GM1640,2023,Leudal,Limburg,164.92,51.239438,5.884803,36006,222.0,23,0,0,,,,,,,,126.484,0.0,1.806,128.29,6
GM1640,2024,Leudal,Limburg,164.92,51.239438,5.884803,36006,222.0,15,1,0,,,,,,,,126.484,0.0,1.806,128.29,6
GM1641,2015,Maasgouw,Limburg,58.04,51.161549,5.882435,24406,534.0,0,0,0,,,,,,,,63.761,0.0,2.36,66.121,18
GM1641,2016,Maasgouw,Limburg,58.04,51.161549,5.882435,24406,534.0,0,0,0,,,,,,,,63.761,0.0,2.36,66.121,18
GM1641,2017,Maasgouw,Limburg,58.04,51.161549,5.882435,24406,534.0,0,0,0,,,,,,,,63.761,0.0,2.36,66.121,18
GM1641,2018,Maasgouw,Limburg,58.04,51.161549,5.882435,24406,534.0,0,0,0,,,,,,,,63.761,0.0,2.36,66.121,18
GM1641,2019,Maasgouw,Limburg,58.04,51.161549,5.882435,24406,534.0,0,0,0,,,,,,,,63.761,0.0,2.36,66.121,18
GM1641,2020,Maasgouw,Limburg,58.04,51.161549,5.882435,24406,534.0,0,0,0,,,,,,,,63.761,0.0,2.36,66.121,18
GM1641,2021,Maasgouw,Limburg,58.04,51.161549,5.882435,24406,534.0,0,0,0,,,,,,,,63.761,0.0,2.36,66.121,18
GM1641,2022,Maasgouw,Limburg,58.04,51.161549,5.882435,24406,534.0,13,0,0,,,,,,,,63.761,0.0,2.36,66.121,18
GM1641,2023,Maasgouw,Limburg,58.04,51.161549,5.882435,24406,534.0,18,0,0,,,,,,,,63.761,0.0,2.36,66.121,18
GM1641,2024,Maasgouw,Limburg,58.04,51.161549,5.882435,24406,534.0,10,0,0,,,,,,,,63.761,0.0,2.36,66.121,18
GM1652,2015,Gemert-Bakel,Noord-Brabant,123.37,51.540764,5.754265,31435,258.0,0,0,0,,,,,,,,223.496,0.0,3.132,226.628,6
GM1652,2016,Gemert-Bakel,Noord-Brabant,123.37,51.540764,5.754265,31435,258.0,0,0,0,,,,,,,,223.496,0.0,3.132,226.628,6
GM1652,2017,Gemert-Bakel,Noord-Brabant,123.37,51.540764,5.754265,31435,258.0,0,0,0,,,,,,,,223.496,0.0,3.132,226.628,6
GM1652,2018,Gemert-Bakel,Noord-Brabant,123.37,51.540764,5.754265,31435,258.0,0,0,0,,,,,,,,223.496,0.0,3.132,226.628,6
GM1652,2019,Gemert-Bakel,Noord-Brabant,123.37,51.540764,5.754265,31435,258.0,0,0,0,,,,,,,,223.496,0.0,3.132,226.628,6
GM1652,2020,Gemert-Bakel,Noord-Brabant,123.37,51.540764,5.754265,31435,258.0,0,0,0,,,,,,,,223.496,0.0,3.132,226.628,6
GM1652,2021,Gemert-Bakel,Noord-Brabant,123.37,51.540764,5.754265,31435,258.0,0,0,0,,,,,,,,223.496,0.0,3.132,226.628,6
GM1652,2022,Gemert-Bakel,Noord-Brabant,123.37,51.540764,5.754265,31435,258.0,24,1,0,,,,,,,,223.496,0.0,3.132,226.628,6
GM1652,2023,Gemert-Bakel,Noord-Brabant,123.37,51.540764,5.754265,31435,258.0,29,0,0,,,,,,,,223.496,0.0,3.132,226.628,6
GM1652,2024,Gemert-Bakel,Noord-Brabant,123.37,51.540764,5.754265,31435,258.0,22,0,0,,,,,,,,223.496,0.0,3.132,226.628,6
GM1655,2015,Halderberge,Noord-Brabant,75.17,51.590533,4.523017,31183,419.0,0,0,0,,,,,,,,48.606,0.0,9.472,58.078,7
GM1655,2016,Halderberge,Noord-Brabant,75.17,51.590533,4.523017,31183,419.0,0,0,0,,,,,,,,48.606,0.0,9.472,58.078,7
GM1655,2017,Halderberge,Noord-Brabant,75.17,51.590533,4.523017,31183,419.0,0,0,0,,,,,,,,48.606,0.0,9.472,58.078,7
GM1655,2018,Halderberge,Noord-Brabant,75.17,51.590533,4.523017,31183,419.0,0,0,0,,,,,,,,48.606,0.0,9.472,58.078,7
GM1655,2019,Halderberge,Noord-Brabant,75.17,51.590533,4.523017,31183,419.0,0,0,0,,,,,,,,48.606,0.0,9.472,58.078,7
GM1655,2020,Halderberge,Noord-Brabant,75.17,51.590533,4.523017,31183,419.0,0,0,0,,,,,,,,48.606,0.0,9.472,58.078,7
GM1655,2021,Halderberge,Noord-Brabant,75.17,51.590533,4.523017,31183,419.0,0,0,0,,,,,,,,48.606,0.0,9.472,58.078,7
GM1655,2022,Halderberge,Noord-Brabant,75.17,51.590533,4.523017,31183,419.0,13,0,0,,,,,,,,48.606,0.0,9.472,58.078,7
GM1655,2023,Halderberge,Noord-Brabant,75.17,51.590533,4.523017,31183,419.0,17,0,0,,,,,,,,48.606,0.0,9.472,58.078,7
GM1655,2024,Halderberge,Noord-Brabant,75.17,51.590533,4.523017,31183,419.0,18,0,0,,,,,,,,48.606,0.0,9.472,58.078,7
GM1658,2015,Heeze-Leende,Noord-Brabant,105.06,51.36081,5.567195,16807,162.0,0,0,0,,,,,,,,117.185,0.0,6.722,123.907,0
GM1658,2016,Heeze-Leende,Noord-Brabant,105.06,51.36081,5.567195,16807,162.0,0,0,0,,,,,,,,117.185,0.0,6.722,123.907,0
GM1658,2017,Heeze-Leende,Noord-Brabant,105.06,51.36081,5.567195,16807,162.0,0,0,0,,,,,,,,117.185,0.0,6.722,123.907,0
GM1658,2018,Heeze-Leende,Noord-Brabant,105.06,51.36081,5.567195,16807,162.0,0,0,0,,,,,,,,117.185,0.0,6.722,123.907,0
GM1658,2019,Heeze-Leende,Noord-Brabant,105.06,51.36081,5.567195,16807,162.0,0,0,0,,,,,,,,117.185,0.0,6.722,123.907,0
GM1658,2020,Heeze-Leende,Noord-Brabant,105.06,51.36081,5.567195,16807,162.0,0,0,0,,,,,,,,117.185,0.0,6.722,123.907,0
GM1658,2021,Heeze-Leende,Noord-Brabant,105.06,51.36081,5.567195,16807,162.0,0,0,0,,,,,,,,117.185,0.0,6.722,123.907,0
GM1658,2022,Heeze-Leende,Noord-Brabant,105.06,51.36081,5.567195,16807,162.0,8,0,0,,,,,,,,117.185,0.0,6.722,123.907,0
GM1658,2023,Heeze-Leende,Noord-Brabant,105.06,51.36081,5.567195,16807,162.0,10,1,0,,,,,,,,117.185,0.0,6.722,123.907,0
GM1658,2024,Heeze-Leende,Noord-Brabant,105.06,51.36081,5.567195,16807,162.0,23,2,0,,,,,,,,117.185,0.0,6.722,123.907,0
GM1659,2015,Laarbeek,Noord-Brabant,56.13,51.530891,5.61174,23220,420.0,0,0,0,,,,,,,,129.535,0.0,1.83,131.365,2
GM1659,2016,Laarbeek,Noord-Brabant,56.13,51.530891,5.61174,23220,420.0,0,0,0,,,,,,,,129.535,0.0,1.83,131.365,2
GM1659,2017,Laarbeek,Noord-Brabant,56.13,51.530891,5.61174,23220,420.0,0,0,0,,,,,,,,129.535,0.0,1.83,131.365,2
GM1659,2018,Laarbeek,Noord-Brabant,56.13,51.530891,5.61174,23220,420.0,0,0,0,,,,,,,,129.535,0.0,1.83,131.365,2
GM1659,2019,Laarbeek,Noord-Brabant,56.13,51.530891,5.61174,23220,420.0,0,0,0,,,,,,,,129.535,0.0,1.83,131.365,2
GM1659,2020,Laarbeek,Noord-Brabant,56.13,51.530891,5.61174,23220,420.0,0,0,0,,,,,,,,129.535,0.0,1.83,131.365,2
GM1659,2021,Laarbeek,Noord-Brabant,56.13,51.530891,5.61174,23220,420.0,0,0,0,,,,,,,,129.535,0.0,1.83,131.365,2
GM1659,2022,Laarbeek,Noord-Brabant,56.13,51.530891,5.61174,23220,420.0,15,0,0,,,,,,,,129.535,0.0,1.83,131.365,2
GM1659,2023,Laarbeek,Noord-Brabant,56.13,51.530891,5.61174,23220,420.0,18,0,0,,,,,,,,129.535,0.0,1.83,131.365,2
GM1659,2024,Laarbeek,Noord-Brabant,56.13,51.530891,5.61174,23220,420.0,18,0,0,,,,,,,,129.535,0.0,1.83,131.365,2
GM1667,2015,Reusel-De Mierden,Noord-Brabant,78.67,51.378231,5.147779,13577,174.0,0,0,0,,,,,,,,59.197,0.0,1.354,60.551,1
GM1667,2016,Reusel-De Mierden,Noord-Brabant,78.67,51.378231,5.147779,13577,174.0,0,0,0,,,,,,,,59.197,0.0,1.354,60.551,1
GM1667,2017,Reusel-De Mierden,Noord-Brabant,78.67,51.378231,5.147779,13577,174.0,0,0,0,,,,,,,,59.197,0.0,1.354,60.551,1
GM1667,2018,Reusel-De Mierden,Noord-Brabant,78.67,51.378231,5.147779,13577,174.0,0,0,0,,,,,,,,59.197,0.0,1.354,60.551,1
GM1667,2019,Reusel-De Mierden,Noord-Brabant,78.67,51.378231,5.147779,13577,174.0,0,0,0,,,,,,,,59.197,0.0,1.354,60.551,1
GM1667,2020,Reusel-De Mierden,Noord-Brabant,78.67,51.378231,5.147779,13577,174.0,0,0,0,,,,,,,,59.197,0.0,1.354,60.551,1
GM1667,2021,Reusel-De Mierden,Noord-Brabant,78.67,51.378231,5.147779,13577,174.0,0,0,0,,,,,,,,59.197,0.0,1.354,60.551,1
GM1667,2022,Reusel-De Mierden,Noord-Brabant,78.67,51.378231,5.147779,13577,174.0,9,0,0,,,,,,,,59.197,0.0,1.354,60.551,1
GM1667,2023,Reusel-De Mierden,Noord-Brabant,78.67,51.378231,5.147779,13577,174.0,14,1,0,,,,,,,,59.197,0.0,1.354,60.551,1
GM1667,2024,Reusel-De Mierden,Noord-Brabant,78.67,51.378231,5.147779,13577,174.0,4,2,0,,,,,,,,59.197,0.0,1.354,60.551,1
GM1669,2015,Roerdalen,Limburg,88.8,51.145705,6.041149,20806,236.0,0,0,0,,,,,,,,50.043,0.0,1.213,51.256,12
GM1669,2016,Roerdalen,Limburg,88.8,51.145705,6.041149,20806,236.0,0,0,0,,,,,,,,50.043,0.0,1.213,51.256,12
GM1669,2017,Roerdalen,Limburg,88.8,51.145705,6.041149,20806,236.0,0,0,0,,,,,,,,50.043,0.0,1.213,51.256,12
GM1669,2018,Roerdalen,Limburg,88.8,51.145705,6.041149,20806,236.0,0,0,0,,,,,,,,50.043,0.0,1.213,51.256,12
GM1669,2019,Roerdalen,Limburg,88.8,51.145705,6.041149,20806,236.0,0,0,0,,,,,,,,50.043,0.0,1.213,51.256,12
GM1669,2020,Roerdalen,Limburg,88.8,51.145705,6.041149,20806,236.0,0,0,0,,,,,,,,50.043,0.0,1.213,51.256,12
GM1669,2021,Roerdalen,Limburg,88.8,51.145705,6.041149,20806,236.0,0,0,0,,,,,,,,50.043,0.0,1.213,51.256,12
GM1669,2022,Roerdalen,Limburg,88.8,51.145705,6.041149,20806,236.0,13,2,0,,,,,,,,50.043,0.0,1.213,51.256,12
GM1669,2023,Roerdalen,Limburg,88.8,51.145705,6.041149,20806,236.0,7,1,0,,,,,,,,50.043,0.0,1.213,51.256,12
GM1669,2024,Roerdalen,Limburg,88.8,51.145705,6.041149,20806,236.0,10,1,0,,,,,,,,50.043,0.0,1.213,51.256,12
GM1674,2015,Roosendaal,Noord-Brabant,107.08,51.513155,4.424518,77559,728.0,0,0,0,,,,,,,,136.225,0.456,12.941,149.622,9
GM1674,2016,Roosendaal,Noord-Brabant,107.08,51.513155,4.424518,77559,728.0,0,0,0,,,,,,,,136.225,0.456,12.941,149.622,9
GM1674,2017,Roosendaal,Noord-Brabant,107.08,51.513155,4.424518,77559,728.0,0,0,0,,,,,,,,136.225,0.456,12.941,149.622,9
GM1674,2018,Roosendaal,Noord-Brabant,107.08,51.513155,4.424518,77559,728.0,0,0,0,,,,,,,,136.225,0.456,12.941,149.622,9
GM1674,2019,Roosendaal,Noord-Brabant,107.08,51.513155,4.424518,77559,728.0,0,0,0,,,,,,,,136.225,0.456,12.941,149.622,9
GM1674,2020,Roosendaal,Noord-Brabant,107.08,51.513155,4.424518,77559,728.0,0,0,0,,,,,,,,136.225,0.456,12.941,149.622,9
GM1674,2021,Roosendaal,Noord-Brabant,107.08,51.513155,4.424518,77559,728.0,0,0,0,,,,,,,,136.225,0.456,12.941,149.622,9
GM1674,2022,Roosendaal,Noord-Brabant,107.08,51.513155,4.424518,77559,728.0,71,2,0,,,,,,,,136.225,0.456,12.941,149.622,9
GM1674,2023,Roosendaal,Noord-Brabant,107.08,51.513155,4.424518,77559,728.0,59,0,0,,,,,,,,136.225,0.456,12.941,149.622,9
GM1674,2024,Roosendaal,Noord-Brabant,107.08,51.513155,4.424518,77559,728.0,63,0,0,,,,,,,,136.225,0.456,12.941,149.622,9
GM1676,2015,Schouwen-Duiveland,Zeeland,235.94,51.687318,3.900705,34631,151.0,0,0,0,,,,,,,,205.031,0.018,12.004,217.052,95
GM1676,2016,Schouwen-Duiveland,Zeeland,235.94,51.687318,3.900705,34631,151.0,0,0,0,,,,,,,,205.031,0.018,12.004,217.052,95
GM1676,2017,Schouwen-Duiveland,Zeeland,235.94,51.687318,3.900705,34631,151.0,0,0,0,,,,,,,,205.031,0.018,12.004,217.052,95
GM1676,2018,Schouwen-Duiveland,Zeeland,235.94,51.687318,3.900705,34631,151.0,0,0,0,,,,,,,,205.031,0.018,12.004,217.052,95
GM1676,2019,Schouwen-Duiveland,Zeeland,235.94,51.687318,3.900705,34631,151.0,0,0,0,,,,,,,,205.031,0.018,12.004,217.052,95
GM1676,2020,Schouwen-Duiveland,Zeeland,235.94,51.687318,3.900705,34631,151.0,0,0,0,,,,,,,,205.031,0.018,12.004,217.052,95
GM1676,2021,Schouwen-Duiveland,Zeeland,235.94,51.687318,3.900705,34631,151.0,0,0,0,,,,,,,,205.031,0.018,12.004,217.052,95
GM1676,2022,Schouwen-Duiveland,Zeeland,235.94,51.687318,3.900705,34631,151.0,22,1,0,,,,,,,,205.031,0.018,12.004,217.052,95
GM1676,2023,Schouwen-Duiveland,Zeeland,235.94,51.687318,3.900705,34631,151.0,20,0,0,,,,,,,,205.031,0.018,12.004,217.052,95
GM1676,2024,Schouwen-Duiveland,Zeeland,235.94,51.687318,3.900705,34631,151.0,25,0,0,,,,,,,,205.031,0.018,12.004,217.052,95
GM1680,2015,Aa en Hunze,Drenthe,278.76,52.992993,6.727301,25845,94.0,0,0,0,,,,,,,,252.955,0.0,0.0,252.955,48
GM1680,2016,Aa en Hunze,Drenthe,278.76,52.992993,6.727301,25845,94.0,0,0,0,,,,,,,,252.955,0.0,0.0,252.955,48
GM1680,2017,Aa en Hunze,Drenthe,278.76,52.992993,6.727301,25845,94.0,0,0,0,,,,,,,,252.955,0.0,0.0,252.955,48
GM1680,2018,Aa en Hunze,Drenthe,278.76,52.992993,6.727301,25845,94.0,0,0,0,,,,,,,,252.955,0.0,0.0,252.955,48
GM1680,2019,Aa en Hunze,Drenthe,278.76,52.992993,6.727301,25845,94.0,0,0,0,,,,,,,,252.955,0.0,0.0,252.955,48
GM1680,2020,Aa en Hunze,Drenthe,278.76,52.992993,6.727301,25845,94.0,0,0,0,,,,,,,,252.955,0.0,0.0,252.955,48
GM1680,2021,Aa en Hunze,Drenthe,278.76,52.992993,6.727301,25845,94.0,0,0,0,,,,,,,,252.955,0.0,0.0,252.955,48
GM1680,2022,Aa en Hunze,Drenthe,278.76,52.992993,6.727301,25845,94.0,7,1,0,,,,,,,,252.955,0.0,0.0,252.955,48
GM1680,2023,Aa en Hunze,Drenthe,278.76,52.992993,6.727301,25845,94.0,11,1,0,,,,,,,,252.955,0.0,0.0,252.955,48
GM1680,2024,Aa en Hunze,Drenthe,278.76,52.992993,6.727301,25845,94.0,19,0,0,,,,,,,,252.955,0.0,0.0,252.955,48
GM1681,2015,Borger-Odoorn,Drenthe,277.95,52.90588,6.871983,26014,95.0,0,0,0,,,,,,,,203.098,0.0,0.0,203.098,11
GM1681,2016,Borger-Odoorn,Drenthe,277.95,52.90588,6.871983,26014,95.0,0,0,0,,,,,,,,203.098,0.0,0.0,203.098,11
GM1681,2017,Borger-Odoorn,Drenthe,277.95,52.90588,6.871983,26014,95.0,0,0,0,,,,,,,,203.098,0.0,0.0,203.098,11
GM1681,2018,Borger-Odoorn,Drenthe,277.95,52.90588,6.871983,26014,95.0,0,0,0,,,,,,,,203.098,0.0,0.0,203.098,11
GM1681,2019,Borger-Odoorn,Drenthe,277.95,52.90588,6.871983,26014,95.0,0,0,0,,,,,,,,203.098,0.0,0.0,203.098,11
GM1681,2020,Borger-Odoorn,Drenthe,277.95,52.90588,6.871983,26014,95.0,0,0,0,,,,,,,,203.098,0.0,0.0,203.098,11
GM1681,2021,Borger-Odoorn,Drenthe,277.95,52.90588,6.871983,26014,95.0,0,0,0,,,,,,,,203.098,0.0,0.0,203.098,11
GM1681,2022,Borger-Odoorn,Drenthe,277.95,52.90588,6.871983,26014,95.0,10,0,0,,,,,,,,203.098,0.0,0.0,203.098,11
GM1681,2023,Borger-Odoorn,Drenthe,277.95,52.90588,6.871983,26014,95.0,9,1,0,,,,,,,,203.098,0.0,0.0,203.098,11
GM1681,2024,Borger-Odoorn,Drenthe,277.95,52.90588,6.871983,26014,95.0,12,0,0,,,,,,,,203.098,0.0,0.0,203.098,11
GM1690,2015,De Wolden,Drenthe,226.21,52.701629,6.373519,24580,110.0,0,0,0,,,,,,,,262.666,0.0,2.883,265.549,20
GM1690,2016,De Wolden,Drenthe,226.21,52.701629,6.373519,24580,110.0,0,0,0,,,,,,,,262.666,0.0,2.883,265.549,20
GM1690,2017,De Wolden,Drenthe,226.21,52.701629,6.373519,24580,110.0,0,0,0,,,,,,,,262.666,0.0,2.883,265.549,20
GM1690,2018,De Wolden,Drenthe,226.21,52.701629,6.373519,24580,110.0,0,0,0,,,,,,,,262.666,0.0,2.883,265.549,20
GM1690,2019,De Wolden,Drenthe,226.21,52.701629,6.373519,24580,110.0,0,0,0,,,,,,,,262.666,0.0,2.883,265.549,20
GM1690,2020,De Wolden,Drenthe,226.21,52.701629,6.373519,24580,110.0,0,0,0,,,,,,,,262.666,0.0,2.883,265.549,20
GM1690,2021,De Wolden,Drenthe,226.21,52.701629,6.373519,24580,110.0,0,0,0,,,,,,,,262.666,0.0,2.883,265.549,20
GM1690,2022,De Wolden,Drenthe,226.21,52.701629,6.373519,24580,110.0,14,1,0,,,,,,,,262.666,0.0,2.883,265.549,20
GM1690,2023,De Wolden,Drenthe,226.21,52.701629,6.373519,24580,110.0,10,1,0,,,,,,,,262.666,0.0,2.883,265.549,20
GM1690,2024,De Wolden,Drenthe,226.21,52.701629,6.373519,24580,110.0,11,0,0,,,,,,,,262.666,0.0,2.883,265.549,20
GM1695,2015,Noord-Beveland,Zeeland,86.9,51.574103,3.771969,7943,92.0,0,0,0,,,,,,,,31.029,0.0,0.498,31.527,22
GM1695,2016,Noord-Beveland,Zeeland,86.9,51.574103,3.771969,7943,92.0,0,0,0,,,,,,,,31.029,0.0,0.498,31.527,22
GM1695,2017,Noord-Beveland,Zeeland,86.9,51.574103,3.771969,7943,92.0,0,0,0,,,,,,,,31.029,0.0,0.498,31.527,22
GM1695,2018,Noord-Beveland,Zeeland,86.9,51.574103,3.771969,7943,92.0,0,0,0,,,,,,,,31.029,0.0,0.498,31.527,22
GM1695,2019,Noord-Beveland,Zeeland,86.9,51.574103,3.771969,7943,92.0,0,0,0,,,,,,,,31.029,0.0,0.498,31.527,22
GM1695,2020,Noord-Beveland,Zeeland,86.9,51.574103,3.771969,7943,92.0,0,0,0,,,,,,,,31.029,0.0,0.498,31.527,22
GM1695,2021,Noord-Beveland,Zeeland,86.9,51.574103,3.771969,7943,92.0,0,0,0,,,,,,,,31.029,0.0,0.498,31.527,22
GM1695,2022,Noord-Beveland,Zeeland,86.9,51.574103,3.771969,7943,92.0,5,0,0,,,,,,,,31.029,0.0,0.498,31.527,22
GM1695,2023,Noord-Beveland,Zeeland,86.9,51.574103,3.771969,7943,92.0,5,1,0,,,,,,,,31.029,0.0,0.498,31.527,22
GM1695,2024,Noord-Beveland,Zeeland,86.9,51.574103,3.771969,7943,92.0,8,0,0,,,,,,,,31.029,0.0,0.498,31.527,22
GM1696,2015,Wijdemeren,Noord-Holland,76.38,52.226166,5.084838,24605,518.0,0,0,0,,,,,,,,147.108,3.964,3.961,155.033,80
GM1696,2016,Wijdemeren,Noord-Holland,76.38,52.226166,5.084838,24605,518.0,0,0,0,,,,,,,,147.108,3.964,3.961,155.033,80
GM1696,2017,Wijdemeren,Noord-Holland,76.38,52.226166,5.084838,24605,518.0,0,0,0,,,,,,,,147.108,3.964,3.961,155.033,80
GM1696,2018,Wijdemeren,Noord-Holland,76.38,52.226166,5.084838,24605,518.0,0,0,0,,,,,,,,147.108,3.964,3.961,155.033,80
GM1696,2019,Wijdemeren,Noord-Holland,76.38,52.226166,5.084838,24605,518.0,0,0,0,,,,,,,,147.108,3.964,3.961,155.033,80
GM1696,2020,Wijdemeren,Noord-Holland,76.38,52.226166,5.084838,24605,518.0,0,0,0,,,,,,,,147.108,3.964,3.961,155.033,80
GM1696,2021,Wijdemeren,Noord-Holland,76.38,52.226166,5.084838,24605,518.0,0,0,0,,,,,,,,147.108,3.964,3.961,155.033,80
GM1696,2022,Wijdemeren,Noord-Holland,76.38,52.226166,5.084838,24605,518.0,16,0,0,,,,,,,,147.108,3.964,3.961,155.033,80
GM1696,2023,Wijdemeren,Noord-Holland,76.38,52.226166,5.084838,24605,518.0,12,1,0,,,,,,,,147.108,3.964,3.961,155.033,80
GM1696,2024,Wijdemeren,Noord-Holland,76.38,52.226166,5.084838,24605,518.0,18,0,0,,,,,,,,147.108,3.964,3.961,155.033,80
GM1699,2015,Noordenveld,Drenthe,205.22,53.095606,6.4403,31686,159.0,0,0,0,,,,,,,,241.698,0.0,1.692,243.389,28
GM1699,2016,Noordenveld,Drenthe,205.22,53.095606,6.4403,31686,159.0,0,0,0,,,,,,,,241.698,0.0,1.692,243.389,28
GM1699,2017,Noordenveld,Drenthe,205.22,53.095606,6.4403,31686,159.0,0,0,0,,,,,,,,241.698,0.0,1.692,243.389,28
GM1699,2018,Noordenveld,Drenthe,205.22,53.095606,6.4403,31686,159.0,0,0,0,,,,,,,,241.698,0.0,1.692,243.389,28
GM1699,2019,Noordenveld,Drenthe,205.22,53.095606,6.4403,31686,159.0,0,0,0,,,,,,,,241.698,0.0,1.692,243.389,28
GM1699,2020,Noordenveld,Drenthe,205.22,53.095606,6.4403,31686,159.0,0,0,0,,,,,,,,241.698,0.0,1.692,243.389,28
GM1699,2021,Noordenveld,Drenthe,205.22,53.095606,6.4403,31686,159.0,0,0,0,,,,,,,,241.698,0.0,1.692,243.389,28
GM1699,2022,Noordenveld,Drenthe,205.22,53.095606,6.4403,31686,159.0,22,1,0,,,,,,,,241.698,0.0,1.692,243.389,28
GM1699,2023,Noordenveld,Drenthe,205.22,53.095606,6.4403,31686,159.0,25,1,0,,,,,,,,241.698,0.0,1.692,243.389,28
GM1699,2024,Noordenveld,Drenthe,205.22,53.095606,6.4403,31686,159.0,20,0,0,,,,,,,,241.698,0.0,1.692,243.389,28
GM1700,2015,Twenterand,Overijssel,108.17,52.447869,6.598175,34073,321.0,0,0,0,,,,,,,,138.902,0.0,15.941,154.843,32
GM1700,2016,Twenterand,Overijssel,108.17,52.447869,6.598175,34073,321.0,0,0,0,,,,,,,,138.902,0.0,15.941,154.843,32
GM1700,2017,Twenterand,Overijssel,108.17,52.447869,6.598175,34073,321.0,0,0,0,,,,,,,,138.902,0.0,15.941,154.843,32
GM1700,2018,Twenterand,Overijssel,108.17,52.447869,6.598175,34073,321.0,0,0,0,,,,,,,,138.902,0.0,15.941,154.843,32
GM1700,2019,Twenterand,Overijssel,108.17,52.447869,6.598175,34073,321.0,0,0,0,,,,,,,,138.902,0.0,15.941,154.843,32
GM1700,2020,Twenterand,Overijssel,108.17,52.447869,6.598175,34073,321.0,0,0,0,,,,,,,,138.902,0.0,15.941,154.843,32
GM1700,2021,Twenterand,Overijssel,108.17,52.447869,6.598175,34073,321.0,0,0,0,,,,,,,,138.902,0.0,15.941,154.843,32
GM1700,2022,Twenterand,Overijssel,108.17,52.447869,6.598175,34073,321.0,25,0,0,,,,,,,,138.902,0.0,15.941,154.843,32
GM1700,2023,Twenterand,Overijssel,108.17,52.447869,6.598175,34073,321.0,21,0,0,,,,,,,,138.902,0.0,15.941,154.843,32
GM1700,2024,Twenterand,Overijssel,108.17,52.447869,6.598175,34073,321.0,18,0,0,,,,,,,,138.902,0.0,15.941,154.843,32
GM1701,2015,Westerveld,Drenthe,282.81,52.838194,6.295563,20003,72.0,0,0,0,,,,,,,,502.415,0.0,4.085,506.499,31
GM1701,2016,Westerveld,Drenthe,282.81,52.838194,6.295563,20003,72.0,0,0,0,,,,,,,,502.415,0.0,4.085,506.499,31
GM1701,2017,Westerveld,Drenthe,282.81,52.838194,6.295563,20003,72.0,0,0,0,,,,,,,,502.415,0.0,4.085,506.499,31
GM1701,2018,Westerveld,Drenthe,282.81,52.838194,6.295563,20003,72.0,0,0,0,,,,,,,,502.415,0.0,4.085,506.499,31
GM1701,2019,Westerveld,Drenthe,282.81,52.838194,6.295563,20003,72.0,0,0,0,,,,,,,,502.415,0.0,4.085,506.499,31
GM1701,2020,Westerveld,Drenthe,282.81,52.838194,6.295563,20003,72.0,0,0,0,,,,,,,,502.415,0.0,4.085,506.499,31
GM1701,2021,Westerveld,Drenthe,282.81,52.838194,6.295563,20003,72.0,0,0,0,,,,,,,,502.415,0.0,4.085,506.499,31
GM1701,2022,Westerveld,Drenthe,282.81,52.838194,6.295563,20003,72.0,7,2,0,,,,,,,,502.415,0.0,4.085,506.499,31
GM1701,2023,Westerveld,Drenthe,282.81,52.838194,6.295563,20003,72.0,10,0,0,,,,,,,,502.415,0.0,4.085,506.499,31
GM1701,2024,Westerveld,Drenthe,282.81,52.838194,6.295563,20003,72.0,6,0,0,,,,,,,,502.415,0.0,4.085,506.499,31
GM1705,2015,Lingewaard,Gelderland,69.23,51.901512,5.942198,47314,764.0,0,0,0,,,,,,,,223.137,0.906,10.07,234.113,110
GM1705,2016,Lingewaard,Gelderland,69.23,51.901512,5.942198,47314,764.0,0,0,0,,,,,,,,223.137,0.906,10.07,234.113,110
GM1705,2017,Lingewaard,Gelderland,69.23,51.901512,5.942198,47314,764.0,0,0,0,,,,,,,,223.137,0.906,10.07,234.113,110
GM1705,2018,Lingewaard,Gelderland,69.23,51.901512,5.942198,47314,764.0,0,0,0,,,,,,,,223.137,0.906,10.07,234.113,110
GM1705,2019,Lingewaard,Gelderland,69.23,51.901512,5.942198,47314,764.0,0,0,0,,,,,,,,223.137,0.906,10.07,234.113,110
GM1705,2020,Lingewaard,Gelderland,69.23,51.901512,5.942198,47314,764.0,0,0,0,,,,,,,,223.137,0.906,10.07,234.113,110
GM1705,2021,Lingewaard,Gelderland,69.23,51.901512,5.942198,47314,764.0,0,0,0,,,,,,,,223.137,0.906,10.07,234.113,110
GM1705,2022,Lingewaard,Gelderland,69.23,51.901512,5.942198,47314,764.0,36,2,0,,,,,,,,223.137,0.906,10.07,234.113,110
GM1705,2023,Lingewaard,Gelderland,69.23,51.901512,5.942198,47314,764.0,29,0,0,,,,,,,,223.137,0.906,10.07,234.113,110
GM1705,2024,Lingewaard,Gelderland,69.23,51.901512,5.942198,47314,764.0,34,0,0,,,,,,,,223.137,0.906,10.07,234.113,110
GM1706,2015,Cranendonck,Noord-Brabant,78.13,51.286267,5.596278,20841,272.0,0,0,0,,,,,,,,73.53,0.0,0.454,73.984,0
GM1706,2016,Cranendonck,Noord-Brabant,78.13,51.286267,5.596278,20841,272.0,0,0,0,,,,,,,,73.53,0.0,0.454,73.984,0
GM1706,2017,Cranendonck,Noord-Brabant,78.13,51.286267,5.596278,20841,272.0,0,0,0,,,,,,,,73.53,0.0,0.454,73.984,0
GM1706,2018,Cranendonck,Noord-Brabant,78.13,51.286267,5.596278,20841,272.0,0,0,0,,,,,,,,73.53,0.0,0.454,73.984,0
GM1706,2019,Cranendonck,Noord-Brabant,78.13,51.286267,5.596278,20841,272.0,0,0,0,,,,,,,,73.53,0.0,0.454,73.984,0
GM1706,2020,Cranendonck,Noord-Brabant,78.13,51.286267,5.596278,20841,272.0,0,0,0,,,,,,,,73.53,0.0,0.454,73.984,0
GM1706,2021,Cranendonck,Noord-Brabant,78.13,51.286267,5.596278,20841,272.0,0,0,0,,,,,,,,73.53,0.0,0.454,73.984,0
GM1706,2022,Cranendonck,Noord-Brabant,78.13,51.286267,5.596278,20841,272.0,19,0,0,,,,,,,,73.53,0.0,0.454,73.984,0
GM1706,2023,Cranendonck,Noord-Brabant,78.13,51.286267,5.596278,20841,272.0,12,0,0,,,,,,,,73.53,0.0,0.454,73.984,0
GM1706,2024,Cranendonck,Noord-Brabant,78.13,51.286267,5.596278,20841,272.0,13,0,0,,,,,,,,73.53,0.0,0.454,73.984,0
GM1708,2015,Steenwijkerland,Overijssel,321.55,52.755523,6.030018,45472,158.0,0,0,0,,,,,,,,197.35,0.0,0.563,197.913,16
GM1708,2016,Steenwijkerland,Overijssel,321.55,52.755523,6.030018,45472,158.0,0,0,0,,,,,,,,197.35,0.0,0.563,197.913,16
GM1708,2017,Steenwijkerland,Overijssel,321.55,52.755523,6.030018,45472,158.0,0,0,0,,,,,,,,197.35,0.0,0.563,197.913,16
GM1708,2018,Steenwijkerland,Overijssel,321.55,52.755523,6.030018,45472,158.0,0,0,0,,,,,,,,197.35,0.0,0.563,197.913,16
GM1708,2019,Steenwijkerland,Overijssel,321.55,52.755523,6.030018,45472,158.0,0,0,0,,,,,,,,197.35,0.0,0.563,197.913,16
GM1708,2020,Steenwijkerland,Overijssel,321.55,52.755523,6.030018,45472,158.0,0,0,0,,,,,,,,197.35,0.0,0.563,197.913,16
GM1708,2021,Steenwijkerland,Overijssel,321.55,52.755523,6.030018,45472,158.0,0,0,0,,,,,,,,197.35,0.0,0.563,197.913,16
GM1708,2022,Steenwijkerland,Overijssel,321.55,52.755523,6.030018,45472,158.0,24,0,0,,,,,,,,197.35,0.0,0.563,197.913,16
GM1708,2023,Steenwijkerland,Overijssel,321.55,52.755523,6.030018,45472,158.0,16,0,0,,,,,,,,197.35,0.0,0.563,197.913,16
GM1708,2024,Steenwijkerland,Overijssel,321.55,52.755523,6.030018,45472,158.0,28,1,0,,,,,,,,197.35,0.0,0.563,197.913,16
GM1709,2015,Moerdijk,Noord-Brabant,163.85,51.658883,4.541908,38091,239.0,0,0,0,,,,,,,,181.511,2.601,15.046,199.158,12
GM1709,2016,Moerdijk,Noord-Brabant,163.85,51.658883,4.541908,38091,239.0,0,0,0,,,,,,,,181.511,2.601,15.046,199.158,12
GM1709,2017,Moerdijk,Noord-Brabant,163.85,51.658883,4.541908,38091,239.0,0,0,0,,,,,,,,181.511,2.601,15.046,199.158,12
GM1709,2018,Moerdijk,Noord-Brabant,163.85,51.658883,4.541908,38091,239.0,0,0,0,,,,,,,,181.511,2.601,15.046,199.158,12
GM1709,2019,Moerdijk,Noord-Brabant,163.85,51.658883,4.541908,38091,239.0,0,0,0,,,,,,,,181.511,2.601,15.046,199.158,12
GM1709,2020,Moerdijk,Noord-Brabant,163.85,51.658883,4.541908,38091,239.0,0,0,0,,,,,,,,181.511,2.601,15.046,199.158,12
GM1709,2021,Moerdijk,Noord-Brabant,163.85,51.658883,4.541908,38091,239.0,0,0,0,,,,,,,,181.511,2.601,15.046,199.158,12
GM1709,2022,Moerdijk,Noord-Brabant,163.85,51.658883,4.541908,38091,239.0,16,0,0,,,,,,,,181.511,2.601,15.046,199.158,12
GM1709,2023,Moerdijk,Noord-Brabant,163.85,51.658883,4.541908,38091,239.0,14,0,0,,,,,,,,181.511,2.601,15.046,199.158,12
GM1709,2024,Moerdijk,Noord-Brabant,163.85,51.658883,4.541908,38091,239.0,17,0,0,,,,,,,,181.511,2.601,15.046,199.158,12
GM1711,2015,Echt-Susteren,Limburg,104.69,51.085028,5.908194,32041,311.0,0,0,0,,,,,,,,120.826,0.0,14.517,135.343,16
GM1711,2016,Echt-Susteren,Limburg,104.69,51.085028,5.908194,32041,311.0,0,0,0,,,,,,,,120.826,0.0,14.517,135.343,16
GM1711,2017,Echt-Susteren,Limburg,104.69,51.085028,5.908194,32041,311.0,0,0,0,,,,,,,,120.826,0.0,14.517,135.343,16
GM1711,2018,Echt-Susteren,Limburg,104.69,51.085028,5.908194,32041,311.0,0,0,0,,,,,,,,120.826,0.0,14.517,135.343,16
GM1711,2019,Echt-Susteren,Limburg,104.69,51.085028,5.908194,32041,311.0,0,0,0,,,,,,,,120.826,0.0,14.517,135.343,16
GM1711,2020,Echt-Susteren,Limburg,104.69,51.085028,5.908194,32041,311.0,0,0,0,,,,,,,,120.826,0.0,14.517,135.343,16
GM1711,2021,Echt-Susteren,Limburg,104.69,51.085028,5.908194,32041,311.0,0,0,0,,,,,,,,120.826,0.0,14.517,135.343,16
GM1711,2022,Echt-Susteren,Limburg,104.69,51.085028,5.908194,32041,311.0,19,1,0,,,,,,,,120.826,0.0,14.517,135.343,16
GM1711,2023,Echt-Susteren,Limburg,104.69,51.085028,5.908194,32041,311.0,19,1,0,,,,,,,,120.826,0.0,14.517,135.343,16
GM1711,2024,Echt-Susteren,Limburg,104.69,51.085028,5.908194,32041,311.0,24,1,0,,,,,,,,120.826,0.0,14.517,135.343,16
GM1714,2015,Sluis,Zeeland,283.06,51.328624,3.515271,23150,83.0,0,0,0,,,,,,,,192.023,1.004,9.844,202.872,55
GM1714,2016,Sluis,Zeeland,283.06,51.328624,3.515271,23150,83.0,0,0,0,,,,,,,,192.023,1.004,9.844,202.872,55
GM1714,2017,Sluis,Zeeland,283.06,51.328624,3.515271,23150,83.0,0,0,0,,,,,,,,192.023,1.004,9.844,202.872,55
GM1714,2018,Sluis,Zeeland,283.06,51.328624,3.515271,23150,83.0,0,0,0,,,,,,,,192.023,1.004,9.844,202.872,55
GM1714,2019,Sluis,Zeeland,283.06,51.328624,3.515271,23150,83.0,0,0,0,,,,,,,,192.023,1.004,9.844,202.872,55
GM1714,2020,Sluis,Zeeland,283.06,51.328624,3.515271,23150,83.0,0,0,0,,,,,,,,192.023,1.004,9.844,202.872,55
GM1714,2021,Sluis,Zeeland,283.06,51.328624,3.515271,23150,83.0,0,0,0,,,,,,,,192.023,1.004,9.844,202.872,55
GM1714,2022,Sluis,Zeeland,283.06,51.328624,3.515271,23150,83.0,9,0,0,,,,,,,,192.023,1.004,9.844,202.872,55
GM1714,2023,Sluis,Zeeland,283.06,51.328624,3.515271,23150,83.0,14,1,0,,,,,,,,192.023,1.004,9.844,202.872,55
GM1714,2024,Sluis,Zeeland,283.06,51.328624,3.515271,23150,83.0,16,0,0,,,,,,,,192.023,1.004,9.844,202.872,55
GM1719,2015,Drimmelen,Noord-Brabant,119.37,51.700127,4.758734,28192,297.0,0,0,0,,,,,,,,103.145,0.079,15.699,118.923,23
GM1719,2016,Drimmelen,Noord-Brabant,119.37,51.700127,4.758734,28192,297.0,0,0,0,,,,,,,,103.145,0.079,15.699,118.923,23
GM1719,2017,Drimmelen,Noord-Brabant,119.37,51.700127,4.758734,28192,297.0,0,0,0,,,,,,,,103.145,0.079,15.699,118.923,23
GM1719,2018,Drimmelen,Noord-Brabant,119.37,51.700127,4.758734,28192,297.0,0,0,0,,,,,,,,103.145,0.079,15.699,118.923,23
GM1719,2019,Drimmelen,Noord-Brabant,119.37,51.700127,4.758734,28192,297.0,0,0,0,,,,,,,,103.145,0.079,15.699,118.923,23
GM1719,2020,Drimmelen,Noord-Brabant,119.37,51.700127,4.758734,28192,297.0,0,0,0,,,,,,,,103.145,0.079,15.699,118.923,23
GM1719,2021,Drimmelen,Noord-Brabant,119.37,51.700127,4.758734,28192,297.0,0,0,0,,,,,,,,103.145,0.079,15.699,118.923,23
GM1719,2022,Drimmelen,Noord-Brabant,119.37,51.700127,4.758734,28192,297.0,13,0,0,,,,,,,,103.145,0.079,15.699,118.923,23
GM1719,2023,Drimmelen,Noord-Brabant,119.37,51.700127,4.758734,28192,297.0,11,0,0,,,,,,,,103.145,0.079,15.699,118.923,23
GM1719,2024,Drimmelen,Noord-Brabant,119.37,51.700127,4.758734,28192,297.0,8,0,0,,,,,,,,103.145,0.079,15.699,118.923,23
GM1721,2015,Bernheze,Noord-Brabant,90.33,51.684655,5.520678,32527,363.0,0,0,0,,,,,,,,136.828,0.0,20.131,156.959,26
GM1721,2016,Bernheze,Noord-Brabant,90.33,51.684655,5.520678,32527,363.0,0,0,0,,,,,,,,136.828,0.0,20.131,156.959,26
GM1721,2017,Bernheze,Noord-Brabant,90.33,51.684655,5.520678,32527,363.0,0,0,0,,,,,,,,136.828,0.0,20.131,156.959,26
GM1721,2018,Bernheze,Noord-Brabant,90.33,51.684655,5.520678,32527,363.0,0,0,0,,,,,,,,136.828,0.0,20.131,156.959,26
GM1721,2019,Bernheze,Noord-Brabant,90.33,51.684655,5.520678,32527,363.0,0,0,0,,,,,,,,136.828,0.0,20.131,156.959,26
GM1721,2020,Bernheze,Noord-Brabant,90.33,51.684655,5.520678,32527,363.0,0,0,0,,,,,,,,136.828,0.0,20.131,156.959,26
GM1721,2021,Bernheze,Noord-Brabant,90.33,51.684655,5.520678,32527,363.0,0,0,0,,,,,,,,136.828,0.0,20.131,156.959,26
GM1721,2022,Bernheze,Noord-Brabant,90.33,51.684655,5.520678,32527,363.0,18,1,0,,,,,,,,136.828,0.0,20.131,156.959,26
GM1721,2023,Bernheze,Noord-Brabant,90.33,51.684655,5.520678,32527,363.0,27,0,0,,,,,,,,136.828,0.0,20.131,156.959,26
GM1721,2024,Bernheze,Noord-Brabant,90.33,51.684655,5.520678,32527,363.0,19,0,0,,,,,,,,136.828,0.0,20.131,156.959,26
GM1723,2015,Alphen-Chaam,Noord-Brabant,93.63,51.501389,4.887305,10455,112.0,0,0,0,10.73,6.59,14.73,82.87,1017.32,817.5,1907.3,81.768,0.0,1.566,83.334,1
GM1723,2016,Alphen-Chaam,Noord-Brabant,93.63,51.501389,4.887305,10455,112.0,0,0,0,10.67,6.55,14.74,82.98,1016.02,731.3,1887.5,81.768,0.0,1.566,83.334,1
GM1723,2017,Alphen-Chaam,Noord-Brabant,93.63,51.501389,4.887305,10455,112.0,0,0,0,10.92,6.77,14.9,82.42,1016.14,769.7,1780.9,81.768,0.0,1.566,83.334,1
GM1723,2018,Alphen-Chaam,Noord-Brabant,93.63,51.501389,4.887305,10455,112.0,0,0,0,11.41,7.08,15.77,79.28,1015.37,636.6,2118.2,81.768,0.0,1.566,83.334,1
GM1723,2019,Alphen-Chaam,Noord-Brabant,93.63,51.501389,4.887305,10455,112.0,0,0,0,11.16,6.91,15.32,81.1,1014.44,830.4,1949.9,81.768,0.0,1.566,83.334,1
GM1723,2020,Alphen-Chaam,Noord-Brabant,93.63,51.501389,4.887305,10455,112.0,0,0,0,11.62,7.3,15.72,80.09,1015.07,789.7,2052.4,81.768,0.0,1.566,83.334,1
GM1723,2021,Alphen-Chaam,Noord-Brabant,93.63,51.501389,4.887305,10455,112.0,0,0,0,10.39,6.39,14.25,83.67,1016.08,719.9,1818.3,81.768,0.0,1.566,83.334,1
GM1723,2022,Alphen-Chaam,Noord-Brabant,93.63,51.501389,4.887305,10455,112.0,9,1,0,11.55,7.02,15.83,79.47,1017.01,813.5,2264.6,81.768,0.0,1.566,83.334,1
GM1723,2023,Alphen-Chaam,Noord-Brabant,93.63,51.501389,4.887305,10455,112.0,8,0,0,11.78,7.89,15.5,81.93,1014.02,1055.9,1904.7,81.768,0.0,1.566,83.334,1
GM1723,2024,Alphen-Chaam,Noord-Brabant,93.63,51.501389,4.887305,10455,112.0,5,0,0,11.78,8.05,15.47,83.79,1014.38,963.0,1739.1,81.768,0.0,1.566,83.334,1
GM1724,2015,Bergeijk,Noord-Brabant,101.83,51.31012,5.339961,19196,190.0,0,0,0,,,,,,,,13.004,0.0,0.676,13.68,2
GM1724,2016,Bergeijk,Noord-Brabant,101.83,51.31012,5.339961,19196,190.0,0,0,0,,,,,,,,13.004,0.0,0.676,13.68,2
GM1724,2017,Bergeijk,Noord-Brabant,101.83,51.31012,5.339961,19196,190.0,0,0,0,,,,,,,,13.004,0.0,0.676,13.68,2
GM1724,2018,Bergeijk,Noord-Brabant,101.83,51.31012,5.339961,19196,190.0,0,0,0,,,,,,,,13.004,0.0,0.676,13.68,2
GM1724,2019,Bergeijk,Noord-Brabant,101.83,51.31012,5.339961,19196,190.0,0,0,0,,,,,,,,13.004,0.0,0.676,13.68,2
GM1724,2020,Bergeijk,Noord-Brabant,101.83,51.31012,5.339961,19196,190.0,0,0,0,,,,,,,,13.004,0.0,0.676,13.68,2
GM1724,2021,Bergeijk,Noord-Brabant,101.83,51.31012,5.339961,19196,190.0,0,0,0,,,,,,,,13.004,0.0,0.676,13.68,2
GM1724,2022,Bergeijk,Noord-Brabant,101.83,51.31012,5.339961,19196,190.0,11,0,0,,,,,,,,13.004,0.0,0.676,13.68,2
GM1724,2023,Bergeijk,Noord-Brabant,101.83,51.31012,5.339961,19196,190.0,8,1,0,,,,,,,,13.004,0.0,0.676,13.68,2
GM1724,2024,Bergeijk,Noord-Brabant,101.83,51.31012,5.339961,19196,190.0,11,0,0,,,,,,,,13.004,0.0,0.676,13.68,2
GM1728,2015,Bladel,Noord-Brabant,75.62,51.372263,5.238767,20985,279.0,0,0,0,,,,,,,,71.677,0.0,2.543,74.22,2
GM1728,2016,Bladel,Noord-Brabant,75.62,51.372263,5.238767,20985,279.0,0,0,0,,,,,,,,71.677,0.0,2.543,74.22,2
GM1728,2017,Bladel,Noord-Brabant,75.62,51.372263,5.238767,20985,279.0,0,0,0,,,,,,,,71.677,0.0,2.543,74.22,2
GM1728,2018,Bladel,Noord-Brabant,75.62,51.372263,5.238767,20985,279.0,0,0,0,,,,,,,,71.677,0.0,2.543,74.22,2
GM1728,2019,Bladel,Noord-Brabant,75.62,51.372263,5.238767,20985,279.0,0,0,0,,,,,,,,71.677,0.0,2.543,74.22,2
GM1728,2020,Bladel,Noord-Brabant,75.62,51.372263,5.238767,20985,279.0,0,0,0,,,,,,,,71.677,0.0,2.543,74.22,2
GM1728,2021,Bladel,Noord-Brabant,75.62,51.372263,5.238767,20985,279.0,0,0,0,,,,,,,,71.677,0.0,2.543,74.22,2
GM1728,2022,Bladel,Noord-Brabant,75.62,51.372263,5.238767,20985,279.0,16,0,0,,,,,,,,71.677,0.0,2.543,74.22,2
GM1728,2023,Bladel,Noord-Brabant,75.62,51.372263,5.238767,20985,279.0,9,0,0,,,,,,,,71.677,0.0,2.543,74.22,2
GM1728,2024,Bladel,Noord-Brabant,75.62,51.372263,5.238767,20985,279.0,17,1,0,,,,,,,,71.677,0.0,2.543,74.22,2
GM1729,2015,Gulpen-Wittem,Limburg,73.38,50.80233,5.900122,14054,192.0,0,0,0,,,,,,,,35.002,0.074,10.622,45.698,3
GM1729,2016,Gulpen-Wittem,Limburg,73.38,50.80233,5.900122,14054,192.0,0,0,0,,,,,,,,35.002,0.074,10.622,45.698,3
GM1729,2017,Gulpen-Wittem,Limburg,73.38,50.80233,5.900122,14054,192.0,0,0,0,,,,,,,,35.002,0.074,10.622,45.698,3
GM1729,2018,Gulpen-Wittem,Limburg,73.38,50.80233,5.900122,14054,192.0,0,0,0,,,,,,,,35.002,0.074,10.622,45.698,3
GM1729,2019,Gulpen-Wittem,Limburg,73.38,50.80233,5.900122,14054,192.0,0,0,0,,,,,,,,35.002,0.074,10.622,45.698,3
GM1729,2020,Gulpen-Wittem,Limburg,73.38,50.80233,5.900122,14054,192.0,0,0,0,,,,,,,,35.002,0.074,10.622,45.698,3
GM1729,2021,Gulpen-Wittem,Limburg,73.38,50.80233,5.900122,14054,192.0,0,0,0,,,,,,,,35.002,0.074,10.622,45.698,3
GM1729,2022,Gulpen-Wittem,Limburg,73.38,50.80233,5.900122,14054,192.0,25,0,0,,,,,,,,35.002,0.074,10.622,45.698,3
GM1729,2023,Gulpen-Wittem,Limburg,73.38,50.80233,5.900122,14054,192.0,19,0,0,,,,,,,,35.002,0.074,10.622,45.698,3
GM1729,2024,Gulpen-Wittem,Limburg,73.38,50.80233,5.900122,14054,192.0,11,0,0,,,,,,,,35.002,0.074,10.622,45.698,3
GM1730,2015,Tynaarlo,Drenthe,147.86,53.097133,6.604439,34736,243.0,0,0,0,10.16,5.8,14.13,83.86,1016.51,871.1,1778.0,216.162,0.0,1.153,217.315,56
GM1730,2016,Tynaarlo,Drenthe,147.86,53.097133,6.604439,34736,243.0,0,0,0,9.97,5.51,14.09,83.83,1015.6,656.5,1791.3,216.162,0.0,1.153,217.315,56
GM1730,2017,Tynaarlo,Drenthe,147.86,53.097133,6.604439,34736,243.0,0,0,0,10.13,5.62,14.21,83.84,1015.28,940.3,1637.3,216.162,0.0,1.153,217.315,56
GM1730,2018,Tynaarlo,Drenthe,147.86,53.097133,6.604439,34736,243.0,0,0,0,10.67,5.85,15.23,79.15,1015.25,617.5,2040.9,216.162,0.0,1.153,217.315,56
GM1730,2019,Tynaarlo,Drenthe,147.86,53.097133,6.604439,34736,243.0,0,0,0,10.62,5.93,14.99,79.97,1013.85,762.7,1845.1,216.162,0.0,1.153,217.315,56
GM1730,2020,Tynaarlo,Drenthe,147.86,53.097133,6.604439,34736,243.0,0,0,0,10.84,6.02,15.18,80.33,1014.55,809.3,1875.4,216.162,0.0,1.153,217.315,56
GM1730,2021,Tynaarlo,Drenthe,147.86,53.097133,6.604439,34736,243.0,0,0,0,9.78,5.34,13.78,83.44,1015.5,755.5,1689.4,216.162,0.0,1.153,217.315,56
GM1730,2022,Tynaarlo,Drenthe,147.86,53.097133,6.604439,34736,243.0,10,0,0,10.76,5.5,15.33,78.93,1016.53,716.4,2054.6,216.162,0.0,1.153,217.315,56
GM1730,2023,Tynaarlo,Drenthe,147.86,53.097133,6.604439,34736,243.0,15,0,0,10.93,6.29,15.13,81.42,1013.38,1005.0,1863.9,216.162,0.0,1.153,217.315,56
GM1730,2024,Tynaarlo,Drenthe,147.86,53.097133,6.604439,34736,243.0,19,0,0,11.17,6.68,15.26,82.45,1013.81,992.9,1740.7,216.162,0.0,1.153,217.315,56
GM1731,2015,Midden-Drenthe,Drenthe,345.94,52.867365,6.542787,34092,100.0,0,0,0,,,,,,,,323.247,0.0,5.978,329.226,30
GM1731,2016,Midden-Drenthe,Drenthe,345.94,52.867365,6.542787,34092,100.0,0,0,0,,,,,,,,323.247,0.0,5.978,329.226,30
GM1731,2017,Midden-Drenthe,Drenthe,345.94,52.867365,6.542787,34092,100.0,0,0,0,,,,,,,,323.247,0.0,5.978,329.226,30
GM1731,2018,Midden-Drenthe,Drenthe,345.94,52.867365,6.542787,34092,100.0,0,0,0,,,,,,,,323.247,0.0,5.978,329.226,30
GM1731,2019,Midden-Drenthe,Drenthe,345.94,52.867365,6.542787,34092,100.0,0,0,0,,,,,,,,323.247,0.0,5.978,329.226,30
GM1731,2020,Midden-Drenthe,Drenthe,345.94,52.867365,6.542787,34092,100.0,0,0,0,,,,,,,,323.247,0.0,5.978,329.226,30
GM1731,2021,Midden-Drenthe,Drenthe,345.94,52.867365,6.542787,34092,100.0,0,0,0,,,,,,,,323.247,0.0,5.978,329.226,30
GM1731,2022,Midden-Drenthe,Drenthe,345.94,52.867365,6.542787,34092,100.0,19,0,0,,,,,,,,323.247,0.0,5.978,329.226,30
GM1731,2023,Midden-Drenthe,Drenthe,345.94,52.867365,6.542787,34092,100.0,20,1,0,,,,,,,,323.247,0.0,5.978,329.226,30
GM1731,2024,Midden-Drenthe,Drenthe,345.94,52.867365,6.542787,34092,100.0,21,1,0,,,,,,,,323.247,0.0,5.978,329.226,30
GM1734,2015,Overbetuwe,Gelderland,115.06,51.924286,5.778282,48919,449.0,0,0,0,,,,,,,,206.531,0.503,8.037,215.072,22
GM1734,2016,Overbetuwe,Gelderland,115.06,51.924286,5.778282,48919,449.0,0,0,0,,,,,,,,206.531,0.503,8.037,215.072,22
GM1734,2017,Overbetuwe,Gelderland,115.06,51.924286,5.778282,48919,449.0,0,0,0,,,,,,,,206.531,0.503,8.037,215.072,22
GM1734,2018,Overbetuwe,Gelderland,115.06,51.924286,5.778282,48919,449.0,0,0,0,,,,,,,,206.531,0.503,8.037,215.072,22
GM1734,2019,Overbetuwe,Gelderland,115.06,51.924286,5.778282,48919,449.0,0,0,0,,,,,,,,206.531,0.503,8.037,215.072,22
GM1734,2020,Overbetuwe,Gelderland,115.06,51.924286,5.778282,48919,449.0,0,0,0,,,,,,,,206.531,0.503,8.037,215.072,22
GM1734,2021,Overbetuwe,Gelderland,115.06,51.924286,5.778282,48919,449.0,0,0,0,,,,,,,,206.531,0.503,8.037,215.072,22
GM1734,2022,Overbetuwe,Gelderland,115.06,51.924286,5.778282,48919,449.0,36,0,0,,,,,,,,206.531,0.503,8.037,215.072,22
GM1734,2023,Overbetuwe,Gelderland,115.06,51.924286,5.778282,48919,449.0,36,1,0,,,,,,,,206.531,0.503,8.037,215.072,22
GM1734,2024,Overbetuwe,Gelderland,115.06,51.924286,5.778282,48919,449.0,32,0,0,,,,,,,,206.531,0.503,8.037,215.072,22
GM1735,2015,Hof van Twente,Overijssel,215.36,52.236454,6.589963,35446,167.0,0,0,0,,,,,,,,309.637,1.324,16.749,327.71,12
GM1735,2016,Hof van Twente,Overijssel,215.36,52.236454,6.589963,35446,167.0,0,0,0,,,,,,,,309.637,1.324,16.749,327.71,12
GM1735,2017,Hof van Twente,Overijssel,215.36,52.236454,6.589963,35446,167.0,0,0,0,,,,,,,,309.637,1.324,16.749,327.71,12
GM1735,2018,Hof van Twente,Overijssel,215.36,52.236454,6.589963,35446,167.0,0,0,0,,,,,,,,309.637,1.324,16.749,327.71,12
GM1735,2019,Hof van Twente,Overijssel,215.36,52.236454,6.589963,35446,167.0,0,0,0,,,,,,,,309.637,1.324,16.749,327.71,12
GM1735,2020,Hof van Twente,Overijssel,215.36,52.236454,6.589963,35446,167.0,0,0,0,,,,,,,,309.637,1.324,16.749,327.71,12
GM1735,2021,Hof van Twente,Overijssel,215.36,52.236454,6.589963,35446,167.0,0,0,0,,,,,,,,309.637,1.324,16.749,327.71,12
GM1735,2022,Hof van Twente,Overijssel,215.36,52.236454,6.589963,35446,167.0,39,3,0,,,,,,,,309.637,1.324,16.749,327.71,12
GM1735,2023,Hof van Twente,Overijssel,215.36,52.236454,6.589963,35446,167.0,22,0,0,,,,,,,,309.637,1.324,16.749,327.71,12
GM1735,2024,Hof van Twente,Overijssel,215.36,52.236454,6.589963,35446,167.0,21,0,0,,,,,,,,309.637,1.324,16.749,327.71,12
GM1740,2015,Neder-Betuwe,Gelderland,67.5,51.915874,5.586848,25708,429.0,0,0,0,,,,,,,,105.501,0.0,3.178,108.679,0
GM1740,2016,Neder-Betuwe,Gelderland,67.5,51.915874,5.586848,25708,429.0,0,0,0,,,,,,,,105.501,0.0,3.178,108.679,0
GM1740,2017,Neder-Betuwe,Gelderland,67.5,51.915874,5.586848,25708,429.0,0,0,0,,,,,,,,105.501,0.0,3.178,108.679,0
GM1740,2018,Neder-Betuwe,Gelderland,67.5,51.915874,5.586848,25708,429.0,0,0,0,,,,,,,,105.501,0.0,3.178,108.679,0
GM1740,2019,Neder-Betuwe,Gelderland,67.5,51.915874,5.586848,25708,429.0,0,0,0,,,,,,,,105.501,0.0,3.178,108.679,0
GM1740,2020,Neder-Betuwe,Gelderland,67.5,51.915874,5.586848,25708,429.0,0,0,0,,,,,,,,105.501,0.0,3.178,108.679,0
GM1740,2021,Neder-Betuwe,Gelderland,67.5,51.915874,5.586848,25708,429.0,0,0,0,,,,,,,,105.501,0.0,3.178,108.679,0
GM1740,2022,Neder-Betuwe,Gelderland,67.5,51.915874,5.586848,25708,429.0,14,1,0,,,,,,,,105.501,0.0,3.178,108.679,0
GM1740,2023,Neder-Betuwe,Gelderland,67.5,51.915874,5.586848,25708,429.0,11,0,0,,,,,,,,105.501,0.0,3.178,108.679,0
GM1740,2024,Neder-Betuwe,Gelderland,67.5,51.915874,5.586848,25708,429.0,12,0,0,,,,,,,,105.501,0.0,3.178,108.679,0
GM1742,2015,Rijssen-Holten,Overijssel,94.41,52.291407,6.433964,38675,411.0,0,0,0,,,,,,,,159.071,0.0,52.027,211.098,12
GM1742,2016,Rijssen-Holten,Overijssel,94.41,52.291407,6.433964,38675,411.0,0,0,0,,,,,,,,159.071,0.0,52.027,211.098,12
GM1742,2017,Rijssen-Holten,Overijssel,94.41,52.291407,6.433964,38675,411.0,0,0,0,,,,,,,,159.071,0.0,52.027,211.098,12
GM1742,2018,Rijssen-Holten,Overijssel,94.41,52.291407,6.433964,38675,411.0,0,0,0,,,,,,,,159.071,0.0,52.027,211.098,12
GM1742,2019,Rijssen-Holten,Overijssel,94.41,52.291407,6.433964,38675,411.0,0,0,0,,,,,,,,159.071,0.0,52.027,211.098,12
GM1742,2020,Rijssen-Holten,Overijssel,94.41,52.291407,6.433964,38675,411.0,0,0,0,,,,,,,,159.071,0.0,52.027,211.098,12
GM1742,2021,Rijssen-Holten,Overijssel,94.41,52.291407,6.433964,38675,411.0,0,0,0,,,,,,,,159.071,0.0,52.027,211.098,12
GM1742,2022,Rijssen-Holten,Overijssel,94.41,52.291407,6.433964,38675,411.0,42,0,0,,,,,,,,159.071,0.0,52.027,211.098,12
GM1742,2023,Rijssen-Holten,Overijssel,94.41,52.291407,6.433964,38675,411.0,51,0,0,,,,,,,,159.071,0.0,52.027,211.098,12
GM1742,2024,Rijssen-Holten,Overijssel,94.41,52.291407,6.433964,38675,411.0,32,0,0,,,,,,,,159.071,0.0,52.027,211.098,12
GM1771,2015,Geldrop-Mierlo,Noord-Brabant,31.36,51.431248,5.587496,40733,1313.0,0,0,0,,,,,,,,161.609,0.0,6.425,168.035,51
GM1771,2016,Geldrop-Mierlo,Noord-Brabant,31.36,51.431248,5.587496,40733,1313.0,0,0,0,,,,,,,,161.609,0.0,6.425,168.035,51
GM1771,2017,Geldrop-Mierlo,Noord-Brabant,31.36,51.431248,5.587496,40733,1313.0,0,0,0,,,,,,,,161.609,0.0,6.425,168.035,51
GM1771,2018,Geldrop-Mierlo,Noord-Brabant,31.36,51.431248,5.587496,40733,1313.0,0,0,0,,,,,,,,161.609,0.0,6.425,168.035,51
GM1771,2019,Geldrop-Mierlo,Noord-Brabant,31.36,51.431248,5.587496,40733,1313.0,0,0,0,,,,,,,,161.609,0.0,6.425,168.035,51
GM1771,2020,Geldrop-Mierlo,Noord-Brabant,31.36,51.431248,5.587496,40733,1313.0,0,0,0,,,,,,,,161.609,0.0,6.425,168.035,51
GM1771,2021,Geldrop-Mierlo,Noord-Brabant,31.36,51.431248,5.587496,40733,1313.0,0,0,0,,,,,,,,161.609,0.0,6.425,168.035,51
GM1771,2022,Geldrop-Mierlo,Noord-Brabant,31.36,51.431248,5.587496,40733,1313.0,41,1,0,,,,,,,,161.609,0.0,6.425,168.035,51
GM1771,2023,Geldrop-Mierlo,Noord-Brabant,31.36,51.431248,5.587496,40733,1313.0,48,2,0,,,,,,,,161.609,0.0,6.425,168.035,51
GM1771,2024,Geldrop-Mierlo,Noord-Brabant,31.36,51.431248,5.587496,40733,1313.0,46,1,0,,,,,,,,161.609,0.0,6.425,168.035,51
GM1773,2015,Olst-Wijhe,Overijssel,118.36,52.366762,6.153409,18835,166.0,0,0,0,,,,,,,,91.134,0.0,5.552,96.686,4
GM1773,2016,Olst-Wijhe,Overijssel,118.36,52.366762,6.153409,18835,166.0,0,0,0,,,,,,,,91.134,0.0,5.552,96.686,4
GM1773,2017,Olst-Wijhe,Overijssel,118.36,52.366762,6.153409,18835,166.0,0,0,0,,,,,,,,91.134,0.0,5.552,96.686,4
GM1773,2018,Olst-Wijhe,Overijssel,118.36,52.366762,6.153409,18835,166.0,0,0,0,,,,,,,,91.134,0.0,5.552,96.686,4
GM1773,2019,Olst-Wijhe,Overijssel,118.36,52.366762,6.153409,18835,166.0,0,0,0,,,,,,,,91.134,0.0,5.552,96.686,4
GM1773,2020,Olst-Wijhe,Overijssel,118.36,52.366762,6.153409,18835,166.0,0,0,0,,,,,,,,91.134,0.0,5.552,96.686,4
GM1773,2021,Olst-Wijhe,Overijssel,118.36,52.366762,6.153409,18835,166.0,0,0,0,,,,,,,,91.134,0.0,5.552,96.686,4
GM1773,2022,Olst-Wijhe,Overijssel,118.36,52.366762,6.153409,18835,166.0,5,0,0,,,,,,,,91.134,0.0,5.552,96.686,4
GM1773,2023,Olst-Wijhe,Overijssel,118.36,52.366762,6.153409,18835,166.0,5,0,0,,,,,,,,91.134,0.0,5.552,96.686,4
GM1773,2024,Olst-Wijhe,Overijssel,118.36,52.366762,6.153409,18835,166.0,9,1,0,,,,,,,,91.134,0.0,5.552,96.686,4
GM1774,2015,Dinkelland,Overijssel,176.71,52.373015,6.914146,26739,152.0,0,0,0,10.16,6.06,14.2,84.13,,832.2,1828.4,181.041,0.0,8.139,189.181,33
GM1774,2016,Dinkelland,Overijssel,176.71,52.373015,6.914146,26739,152.0,0,0,0,9.98,5.84,14.15,84.6,,655.8,1824.7,181.041,0.0,8.139,189.181,33
GM1774,2017,Dinkelland,Overijssel,176.71,52.373015,6.914146,26739,152.0,0,0,0,10.08,5.99,14.07,84.48,,822.7,1681.7,181.041,0.0,8.139,189.181,33
GM1774,2018,Dinkelland,Overijssel,176.71,52.373015,6.914146,26739,152.0,0,0,0,10.65,6.06,15.19,80.0,,570.6,2088.3,181.041,0.0,8.139,189.181,33
GM1774,2019,Dinkelland,Overijssel,176.71,52.373015,6.914146,26739,152.0,0,0,0,10.54,6.09,14.84,81.68,,722.8,1859.5,181.041,0.0,8.139,189.181,33
GM1774,2020,Dinkelland,Overijssel,176.71,52.373015,6.914146,26739,152.0,0,0,0,10.87,6.51,15.1,81.39,,761.0,1935.7,181.041,0.0,8.139,189.181,33
GM1774,2021,Dinkelland,Overijssel,176.71,52.373015,6.914146,26739,152.0,0,0,0,9.8,5.89,13.74,87.23,,762.4,1717.7,181.041,0.0,8.139,189.181,33
GM1774,2022,Dinkelland,Overijssel,176.71,52.373015,6.914146,26739,152.0,27,2,0,10.77,6.19,15.13,80.81,,647.4,2060.7,181.041,0.0,8.139,189.181,33
GM1774,2023,Dinkelland,Overijssel,176.71,52.373015,6.914146,26739,152.0,22,2,0,10.93,6.8,15.08,82.65,,1039.0,1831.8,181.041,0.0,8.139,189.181,33
GM1774,2024,Dinkelland,Overijssel,176.71,52.373015,6.914146,26739,152.0,26,1,0,11.3,7.33,15.23,83.57,,916.8,1740.4,181.041,0.0,8.139,189.181,33
GM1783,2015,Westland,Zuid-Holland,83.0,51.997923,4.216551,115941,1436.0,0,0,0,11.37,8.29,14.66,79.52,1017.22,891.3,1907.6,170.073,0.0,37.669,207.742,54
GM1783,2016,Westland,Zuid-Holland,83.0,51.997923,4.216551,115941,1436.0,0,0,0,11.37,8.23,14.63,80.51,1015.91,865.8,1959.4,170.073,0.0,37.669,207.742,54
GM1783,2017,Westland,Zuid-Holland,83.0,51.997923,4.216551,115941,1436.0,0,0,0,11.67,8.52,14.94,79.22,1016.14,956.3,1884.3,170.073,0.0,37.669,207.742,54
GM1783,2018,Westland,Zuid-Holland,83.0,51.997923,4.216551,115941,1436.0,0,0,0,11.52,8.26,15.03,80.34,1015.27,700.9,2082.8,170.073,0.0,37.669,207.742,54
GM1783,2019,Westland,Zuid-Holland,83.0,51.997923,4.216551,115941,1436.0,0,0,0,11.63,8.37,15.08,79.77,1014.3,929.3,2007.6,170.073,0.0,37.669,207.742,54
GM1783,2020,Westland,Zuid-Holland,83.0,51.997923,4.216551,115941,1436.0,0,0,0,12.11,8.81,15.54,78.62,1014.88,985.3,2126.4,170.073,0.0,37.669,207.742,54
GM1783,2021,Westland,Zuid-Holland,83.0,51.997923,4.216551,115941,1436.0,0,0,0,11.04,8.3,13.93,81.26,1016.06,930.8,1922.7,170.073,0.0,37.669,207.742,54
GM1783,2022,Westland,Zuid-Holland,83.0,51.997923,4.216551,115941,1436.0,227,3,0,12.29,9.04,15.59,75.24,1016.97,744.4,2333.5,170.073,0.0,37.669,207.742,54
GM1783,2023,Westland,Zuid-Holland,83.0,51.997923,4.216551,115941,1436.0,266,2,0,12.28,9.32,15.28,78.73,1013.98,1022.6,1978.5,170.073,0.0,37.669,207.742,54
GM1783,2024,Westland,Zuid-Holland,83.0,51.997923,4.216551,115941,1436.0,259,3,0,12.28,9.4,15.33,80.21,1014.34,1006.0,1769.3,170.073,0.0,37.669,207.742,54
GM1842,2015,Midden-Delfland,Zuid-Holland,49.41,51.964724,4.306203,19377,411.0,0,0,0,,,,,,,,82.235,0.0,11.076,93.312,28
GM1842,2016,Midden-Delfland,Zuid-Holland,49.41,51.964724,4.306203,19377,411.0,0,0,0,,,,,,,,82.235,0.0,11.076,93.312,28
GM1842,2017,Midden-Delfland,Zuid-Holland,49.41,51.964724,4.306203,19377,411.0,0,0,0,,,,,,,,82.235,0.0,11.076,93.312,28
GM1842,2018,Midden-Delfland,Zuid-Holland,49.41,51.964724,4.306203,19377,411.0,0,0,0,,,,,,,,82.235,0.0,11.076,93.312,28
GM1842,2019,Midden-Delfland,Zuid-Holland,49.41,51.964724,4.306203,19377,411.0,0,0,0,,,,,,,,82.235,0.0,11.076,93.312,28
GM1842,2020,Midden-Delfland,Zuid-Holland,49.41,51.964724,4.306203,19377,411.0,0,0,0,,,,,,,,82.235,0.0,11.076,93.312,28
GM1842,2021,Midden-Delfland,Zuid-Holland,49.41,51.964724,4.306203,19377,411.0,0,0,0,,,,,,,,82.235,0.0,11.076,93.312,28
GM1842,2022,Midden-Delfland,Zuid-Holland,49.41,51.964724,4.306203,19377,411.0,42,0,0,,,,,,,,82.235,0.0,11.076,93.312,28
GM1842,2023,Midden-Delfland,Zuid-Holland,49.41,51.964724,4.306203,19377,411.0,36,0,0,,,,,,,,82.235,0.0,11.076,93.312,28
GM1842,2024,Midden-Delfland,Zuid-Holland,49.41,51.964724,4.306203,19377,411.0,49,1,0,,,,,,,,82.235,0.0,11.076,93.312,28
GM1859,2015,Berkelland,Gelderland,260.24,52.100926,6.570714,43933,170.0,0,0,0,,,,,,,,192.111,2.472,13.771,208.354,1
GM1859,2016,Berkelland,Gelderland,260.24,52.100926,6.570714,43933,170.0,0,0,0,,,,,,,,192.111,2.472,13.771,208.354,1
GM1859,2017,Berkelland,Gelderland,260.24,52.100926,6.570714,43933,170.0,0,0,0,,,,,,,,192.111,2.472,13.771,208.354,1
GM1859,2018,Berkelland,Gelderland,260.24,52.100926,6.570714,43933,170.0,0,0,0,,,,,,,,192.111,2.472,13.771,208.354,1
GM1859,2019,Berkelland,Gelderland,260.24,52.100926,6.570714,43933,170.0,0,0,0,,,,,,,,192.111,2.472,13.771,208.354,1
GM1859,2020,Berkelland,Gelderland,260.24,52.100926,6.570714,43933,170.0,0,0,0,,,,,,,,192.111,2.472,13.771,208.354,1
GM1859,2021,Berkelland,Gelderland,260.24,52.100926,6.570714,43933,170.0,0,0,0,,,,,,,,192.111,2.472,13.771,208.354,1
GM1859,2022,Berkelland,Gelderland,260.24,52.100926,6.570714,43933,170.0,20,1,0,,,,,,,,192.111,2.472,13.771,208.354,1
GM1859,2023,Berkelland,Gelderland,260.24,52.100926,6.570714,43933,170.0,28,1,0,,,,,,,,192.111,2.472,13.771,208.354,1
GM1859,2024,Berkelland,Gelderland,260.24,52.100926,6.570714,43933,170.0,16,1,0,,,,,,,,192.111,2.472,13.771,208.354,1
GM1876,2015,Bronckhorst,Gelderland,286.54,52.045239,6.302954,36119,127.0,0,0,0,,,,,,,,168.409,0.046,25.141,193.596,8
GM1876,2016,Bronckhorst,Gelderland,286.54,52.045239,6.302954,36119,127.0,0,0,0,,,,,,,,168.409,0.046,25.141,193.596,8
GM1876,2017,Bronckhorst,Gelderland,286.54,52.045239,6.302954,36119,127.0,0,0,0,,,,,,,,168.409,0.046,25.141,193.596,8
GM1876,2018,Bronckhorst,Gelderland,286.54,52.045239,6.302954,36119,127.0,0,0,0,,,,,,,,168.409,0.046,25.141,193.596,8
GM1876,2019,Bronckhorst,Gelderland,286.54,52.045239,6.302954,36119,127.0,0,0,0,,,,,,,,168.409,0.046,25.141,193.596,8
GM1876,2020,Bronckhorst,Gelderland,286.54,52.045239,6.302954,36119,127.0,0,0,0,,,,,,,,168.409,0.046,25.141,193.596,8
GM1876,2021,Bronckhorst,Gelderland,286.54,52.045239,6.302954,36119,127.0,0,0,0,,,,,,,,168.409,0.046,25.141,193.596,8
GM1876,2022,Bronckhorst,Gelderland,286.54,52.045239,6.302954,36119,127.0,21,0,0,,,,,,,,168.409,0.046,25.141,193.596,8
GM1876,2023,Bronckhorst,Gelderland,286.54,52.045239,6.302954,36119,127.0,14,0,0,,,,,,,,168.409,0.046,25.141,193.596,8
GM1876,2024,Bronckhorst,Gelderland,286.54,52.045239,6.302954,36119,127.0,19,2,0,,,,,,,,168.409,0.046,25.141,193.596,8
GM1883,2015,Sittard-Geleen,Limburg,80.57,51.004853,5.828201,92650,1179.0,0,0,0,,,,,,,,175.699,0.405,11.783,187.886,13
GM1883,2016,Sittard-Geleen,Limburg,80.57,51.004853,5.828201,92650,1179.0,0,0,0,,,,,,,,175.699,0.405,11.783,187.886,13
GM1883,2017,Sittard-Geleen,Limburg,80.57,51.004853,5.828201,92650,1179.0,0,0,0,,,,,,,,175.699,0.405,11.783,187.886,13
GM1883,2018,Sittard-Geleen,Limburg,80.57,51.004853,5.828201,92650,1179.0,0,0,0,,,,,,,,175.699,0.405,11.783,187.886,13
GM1883,2019,Sittard-Geleen,Limburg,80.57,51.004853,5.828201,92650,1179.0,0,0,0,,,,,,,,175.699,0.405,11.783,187.886,13
GM1883,2020,Sittard-Geleen,Limburg,80.57,51.004853,5.828201,92650,1179.0,0,0,0,,,,,,,,175.699,0.405,11.783,187.886,13
GM1883,2021,Sittard-Geleen,Limburg,80.57,51.004853,5.828201,92650,1179.0,0,0,0,,,,,,,,175.699,0.405,11.783,187.886,13
GM1883,2022,Sittard-Geleen,Limburg,80.57,51.004853,5.828201,92650,1179.0,67,1,0,,,,,,,,175.699,0.405,11.783,187.886,13
GM1883,2023,Sittard-Geleen,Limburg,80.57,51.004853,5.828201,92650,1179.0,68,2,0,,,,,,,,175.699,0.405,11.783,187.886,13
GM1883,2024,Sittard-Geleen,Limburg,80.57,51.004853,5.828201,92650,1179.0,81,1,0,,,,,,,,175.699,0.405,11.783,187.886,13
GM1884,2015,Kaag en Braassem,Zuid-Holland,72.26,52.192591,4.629219,29168,462.0,0,0,0,,,,,,,,57.349,1.642,3.877,62.868,23
GM1884,2016,Kaag en Braassem,Zuid-Holland,72.26,52.192591,4.629219,29168,462.0,0,0,0,,,,,,,,57.349,1.642,3.877,62.868,23
GM1884,2017,Kaag en Braassem,Zuid-Holland,72.26,52.192591,4.629219,29168,462.0,0,0,0,,,,,,,,57.349,1.642,3.877,62.868,23
GM1884,2018,Kaag en Braassem,Zuid-Holland,72.26,52.192591,4.629219,29168,462.0,0,0,0,,,,,,,,57.349,1.642,3.877,62.868,23
GM1884,2019,Kaag en Braassem,Zuid-Holland,72.26,52.192591,4.629219,29168,462.0,0,0,0,,,,,,,,57.349,1.642,3.877,62.868,23
GM1884,2020,Kaag en Braassem,Zuid-Holland,72.26,52.192591,4.629219,29168,462.0,0,0,0,,,,,,,,57.349,1.642,3.877,62.868,23
GM1884,2021,Kaag en Braassem,Zuid-Holland,72.26,52.192591,4.629219,29168,462.0,0,0,0,,,,,,,,57.349,1.642,3.877,62.868,23
GM1884,2022,Kaag en Braassem,Zuid-Holland,72.26,52.192591,4.629219,29168,462.0,38,0,0,,,,,,,,57.349,1.642,3.877,62.868,23
GM1884,2023,Kaag en Braassem,Zuid-Holland,72.26,52.192591,4.629219,29168,462.0,30,0,0,,,,,,,,57.349,1.642,3.877,62.868,23
GM1884,2024,Kaag en Braassem,Zuid-Holland,72.26,52.192591,4.629219,29168,462.0,37,0,0,,,,,,,,57.349,1.642,3.877,62.868,23
GM1891,2015,Dantumadiel,Fryslân,87.42,53.280057,5.984591,19135,226.0,0,0,0,,,,,,,,40.362,0.0,1.798,42.161,6
GM1891,2016,Dantumadiel,Fryslân,87.42,53.280057,5.984591,19135,226.0,0,0,0,,,,,,,,40.362,0.0,1.798,42.161,6
GM1891,2017,Dantumadiel,Fryslân,87.42,53.280057,5.984591,19135,226.0,0,0,0,,,,,,,,40.362,0.0,1.798,42.161,6
GM1891,2018,Dantumadiel,Fryslân,87.42,53.280057,5.984591,19135,226.0,0,0,0,,,,,,,,40.362,0.0,1.798,42.161,6
GM1891,2019,Dantumadiel,Fryslân,87.42,53.280057,5.984591,19135,226.0,0,0,0,,,,,,,,40.362,0.0,1.798,42.161,6
GM1891,2020,Dantumadiel,Fryslân,87.42,53.280057,5.984591,19135,226.0,0,0,0,,,,,,,,40.362,0.0,1.798,42.161,6
GM1891,2021,Dantumadiel,Fryslân,87.42,53.280057,5.984591,19135,226.0,0,0,0,,,,,,,,40.362,0.0,1.798,42.161,6
GM1891,2022,Dantumadiel,Fryslân,87.42,53.280057,5.984591,19135,226.0,10,0,0,,,,,,,,40.362,0.0,1.798,42.161,6
GM1891,2023,Dantumadiel,Fryslân,87.42,53.280057,5.984591,19135,226.0,6,0,0,,,,,,,,40.362,0.0,1.798,42.161,6
GM1891,2024,Dantumadiel,Fryslân,87.42,53.280057,5.984591,19135,226.0,11,0,0,,,,,,,,40.362,0.0,1.798,42.161,6
GM1892,2015,Zuidplas,Zuid-Holland,64.07,51.998885,4.607068,47843,825.0,0,0,0,,,,,,,,108.867,0.028,2.505,111.401,12
GM1892,2016,Zuidplas,Zuid-Holland,64.07,51.998885,4.607068,47843,825.0,0,0,0,,,,,,,,108.867,0.028,2.505,111.401,12
GM1892,2017,Zuidplas,Zuid-Holland,64.07,51.998885,4.607068,47843,825.0,0,0,0,,,,,,,,108.867,0.028,2.505,111.401,12
GM1892,2018,Zuidplas,Zuid-Holland,64.07,51.998885,4.607068,47843,825.0,0,0,0,,,,,,,,108.867,0.028,2.505,111.401,12
GM1892,2019,Zuidplas,Zuid-Holland,64.07,51.998885,4.607068,47843,825.0,0,0,0,,,,,,,,108.867,0.028,2.505,111.401,12
GM1892,2020,Zuidplas,Zuid-Holland,64.07,51.998885,4.607068,47843,825.0,0,0,0,,,,,,,,108.867,0.028,2.505,111.401,12
GM1892,2021,Zuidplas,Zuid-Holland,64.07,51.998885,4.607068,47843,825.0,0,0,0,,,,,,,,108.867,0.028,2.505,111.401,12
GM1892,2022,Zuidplas,Zuid-Holland,64.07,51.998885,4.607068,47843,825.0,56,1,0,,,,,,,,108.867,0.028,2.505,111.401,12
GM1892,2023,Zuidplas,Zuid-Holland,64.07,51.998885,4.607068,47843,825.0,34,0,0,,,,,,,,108.867,0.028,2.505,111.401,12
GM1892,2024,Zuidplas,Zuid-Holland,64.07,51.998885,4.607068,47843,825.0,53,1,0,,,,,,,,108.867,0.028,2.505,111.401,12
GM1894,2015,Peel en Maas,Limburg,161.36,51.336305,5.994849,45534,286.0,0,0,0,,,,,,,,106.575,0.192,5.387,112.153,22
GM1894,2016,Peel en Maas,Limburg,161.36,51.336305,5.994849,45534,286.0,0,0,0,,,,,,,,106.575,0.192,5.387,112.153,22
GM1894,2017,Peel en Maas,Limburg,161.36,51.336305,5.994849,45534,286.0,0,0,0,,,,,,,,106.575,0.192,5.387,112.153,22
GM1894,2018,Peel en Maas,Limburg,161.36,51.336305,5.994849,45534,286.0,0,0,0,,,,,,,,106.575,0.192,5.387,112.153,22
GM1894,2019,Peel en Maas,Limburg,161.36,51.336305,5.994849,45534,286.0,0,0,0,,,,,,,,106.575,0.192,5.387,112.153,22
GM1894,2020,Peel en Maas,Limburg,161.36,51.336305,5.994849,45534,286.0,0,0,0,,,,,,,,106.575,0.192,5.387,112.153,22
GM1894,2021,Peel en Maas,Limburg,161.36,51.336305,5.994849,45534,286.0,0,0,0,,,,,,,,106.575,0.192,5.387,112.153,22
GM1894,2022,Peel en Maas,Limburg,161.36,51.336305,5.994849,45534,286.0,20,0,0,,,,,,,,106.575,0.192,5.387,112.153,22
GM1894,2023,Peel en Maas,Limburg,161.36,51.336305,5.994849,45534,286.0,27,1,0,,,,,,,,106.575,0.192,5.387,112.153,22
GM1894,2024,Peel en Maas,Limburg,161.36,51.336305,5.994849,45534,286.0,25,0,0,,,,,,,,106.575,0.192,5.387,112.153,22
GM1895,2015,Oldambt,Groningen,240.48,53.195007,7.05567,39405,174.0,0,0,0,,,,,,,,147.487,0.061,2.455,150.003,12
GM1895,2016,Oldambt,Groningen,240.48,53.195007,7.05567,39405,174.0,0,0,0,,,,,,,,147.487,0.061,2.455,150.003,12
GM1895,2017,Oldambt,Groningen,240.48,53.195007,7.05567,39405,174.0,0,0,0,,,,,,,,147.487,0.061,2.455,150.003,12
GM1895,2018,Oldambt,Groningen,240.48,53.195007,7.05567,39405,174.0,0,0,0,,,,,,,,147.487,0.061,2.455,150.003,12
GM1895,2019,Oldambt,Groningen,240.48,53.195007,7.05567,39405,174.0,0,0,0,,,,,,,,147.487,0.061,2.455,150.003,12
GM1895,2020,Oldambt,Groningen,240.48,53.195007,7.05567,39405,174.0,0,0,0,,,,,,,,147.487,0.061,2.455,150.003,12
GM1895,2021,Oldambt,Groningen,240.48,53.195007,7.05567,39405,174.0,0,0,0,,,,,,,,147.487,0.061,2.455,150.003,12
GM1895,2022,Oldambt,Groningen,240.48,53.195007,7.05567,39405,174.0,17,0,0,,,,,,,,147.487,0.061,2.455,150.003,12
GM1895,2023,Oldambt,Groningen,240.48,53.195007,7.05567,39405,174.0,24,0,0,,,,,,,,147.487,0.061,2.455,150.003,12
GM1895,2024,Oldambt,Groningen,240.48,53.195007,7.05567,39405,174.0,26,1,0,,,,,,,,147.487,0.061,2.455,150.003,12
GM1896,2015,Zwartewaterland,Overijssel,87.17,52.602391,6.064271,23448,285.0,0,0,0,,,,,,,,54.164,0.018,3.65,57.832,2
GM1896,2016,Zwartewaterland,Overijssel,87.17,52.602391,6.064271,23448,285.0,0,0,0,,,,,,,,54.164,0.018,3.65,57.832,2
GM1896,2017,Zwartewaterland,Overijssel,87.17,52.602391,6.064271,23448,285.0,0,0,0,,,,,,,,54.164,0.018,3.65,57.832,2
GM1896,2018,Zwartewaterland,Overijssel,87.17,52.602391,6.064271,23448,285.0,0,0,0,,,,,,,,54.164,0.018,3.65,57.832,2
GM1896,2019,Zwartewaterland,Overijssel,87.17,52.602391,6.064271,23448,285.0,0,0,0,,,,,,,,54.164,0.018,3.65,57.832,2
GM1896,2020,Zwartewaterland,Overijssel,87.17,52.602391,6.064271,23448,285.0,0,0,0,,,,,,,,54.164,0.018,3.65,57.832,2
GM1896,2021,Zwartewaterland,Overijssel,87.17,52.602391,6.064271,23448,285.0,0,0,0,,,,,,,,54.164,0.018,3.65,57.832,2
GM1896,2022,Zwartewaterland,Overijssel,87.17,52.602391,6.064271,23448,285.0,12,0,0,,,,,,,,54.164,0.018,3.65,57.832,2
GM1896,2023,Zwartewaterland,Overijssel,87.17,52.602391,6.064271,23448,285.0,8,0,0,,,,,,,,54.164,0.018,3.65,57.832,2
GM1896,2024,Zwartewaterland,Overijssel,87.17,52.602391,6.064271,23448,285.0,10,0,0,,,,,,,,54.164,0.018,3.65,57.832,2
GM1900,2015,Súdwest-Fryslân,Fryslân,575.24,53.024782,5.548774,90421,173.0,0,0,0,10.56,7.39,13.53,83.55,,802.2,1944.9,288.479,0.0,5.134,293.613,30
GM1900,2016,Súdwest-Fryslân,Fryslân,575.24,53.024782,5.548774,90421,173.0,0,0,0,10.5,7.09,13.6,84.24,,586.9,1992.0,288.479,0.0,5.134,293.613,30
GM1900,2017,Súdwest-Fryslân,Fryslân,575.24,53.024782,5.548774,90421,173.0,0,0,0,10.66,7.42,13.63,83.5,,818.4,1834.5,288.479,0.0,5.134,293.613,30
GM1900,2018,Súdwest-Fryslân,Fryslân,575.24,53.024782,5.548774,90421,173.0,0,0,0,10.81,7.2,14.19,81.86,,577.5,2140.5,288.479,0.0,5.134,293.613,30
GM1900,2019,Súdwest-Fryslân,Fryslân,575.24,53.024782,5.548774,90421,173.0,0,0,0,10.91,7.41,14.11,82.32,,727.8,2046.2,288.479,0.0,5.134,293.613,30
GM1900,2020,Súdwest-Fryslân,Fryslân,575.24,53.024782,5.548774,90421,173.0,0,0,0,11.28,7.84,14.43,81.72,,802.5,2054.9,288.479,0.0,5.134,293.613,30
GM1900,2021,Súdwest-Fryslân,Fryslân,575.24,53.024782,5.548774,90421,173.0,0,0,0,10.21,7.09,13.05,85.36,,817.1,1883.8,288.479,0.0,5.134,293.613,30
GM1900,2022,Súdwest-Fryslân,Fryslân,575.24,53.024782,5.548774,90421,173.0,43,2,0,11.18,7.44,14.46,81.89,,701.6,2329.4,288.479,0.0,5.134,293.613,30
GM1900,2023,Súdwest-Fryslân,Fryslân,575.24,53.024782,5.548774,90421,173.0,42,2,0,11.33,8.06,14.38,83.93,,979.0,1954.5,288.479,0.0,5.134,293.613,30
GM1900,2024,Súdwest-Fryslân,Fryslân,575.24,53.024782,5.548774,90421,173.0,47,1,0,11.53,8.3,14.52,84.02,,913.4,1814.5,288.479,0.0,5.134,293.613,30
GM1901,2015,Bodegraven-Reeuwijk,Zuid-Holland,88.51,52.06545,4.766035,36569,485.0,0,0,0,,,,,,,,61.685,0.0,2.876,64.561,6
GM1901,2016,Bodegraven-Reeuwijk,Zuid-Holland,88.51,52.06545,4.766035,36569,485.0,0,0,0,,,,,,,,61.685,0.0,2.876,64.561,6
GM1901,2017,Bodegraven-Reeuwijk,Zuid-Holland,88.51,52.06545,4.766035,36569,485.0,0,0,0,,,,,,,,61.685,0.0,2.876,64.561,6
GM1901,2018,Bodegraven-Reeuwijk,Zuid-Holland,88.51,52.06545,4.766035,36569,485.0,0,0,0,,,,,,,,61.685,0.0,2.876,64.561,6
GM1901,2019,Bodegraven-Reeuwijk,Zuid-Holland,88.51,52.06545,4.766035,36569,485.0,0,0,0,,,,,,,,61.685,0.0,2.876,64.561,6
GM1901,2020,Bodegraven-Reeuwijk,Zuid-Holland,88.51,52.06545,4.766035,36569,485.0,0,0,0,,,,,,,,61.685,0.0,2.876,64.561,6
GM1901,2021,Bodegraven-Reeuwijk,Zuid-Holland,88.51,52.06545,4.766035,36569,485.0,0,0,0,,,,,,,,61.685,0.0,2.876,64.561,6
GM1901,2022,Bodegraven-Reeuwijk,Zuid-Holland,88.51,52.06545,4.766035,36569,485.0,55,0,0,,,,,,,,61.685,0.0,2.876,64.561,6
GM1901,2023,Bodegraven-Reeuwijk,Zuid-Holland,88.51,52.06545,4.766035,36569,485.0,56,0,0,,,,,,,,61.685,0.0,2.876,64.561,6
GM1901,2024,Bodegraven-Reeuwijk,Zuid-Holland,88.51,52.06545,4.766035,36569,485.0,47,0,0,,,,,,,,61.685,0.0,2.876,64.561,6
GM1903,2015,Eijsden-Margraten,Limburg,78.78,50.801066,5.773767,26034,336.0,0,0,0,,,,,,,,52.827,0.452,8.512,61.791,5
GM1903,2016,Eijsden-Margraten,Limburg,78.78,50.801066,5.773767,26034,336.0,0,0,0,,,,,,,,52.827,0.452,8.512,61.791,5
GM1903,2017,Eijsden-Margraten,Limburg,78.78,50.801066,5.773767,26034,336.0,0,0,0,,,,,,,,52.827,0.452,8.512,61.791,5
GM1903,2018,Eijsden-Margraten,Limburg,78.78,50.801066,5.773767,26034,336.0,0,0,0,,,,,,,,52.827,0.452,8.512,61.791,5
GM1903,2019,Eijsden-Margraten,Limburg,78.78,50.801066,5.773767,26034,336.0,0,0,0,,,,,,,,52.827,0.452,8.512,61.791,5
GM1903,2020,Eijsden-Margraten,Limburg,78.78,50.801066,5.773767,26034,336.0,0,0,0,,,,,,,,52.827,0.452,8.512,61.791,5
GM1903,2021,Eijsden-Margraten,Limburg,78.78,50.801066,5.773767,26034,336.0,0,0,0,,,,,,,,52.827,0.452,8.512,61.791,5
GM1903,2022,Eijsden-Margraten,Limburg,78.78,50.801066,5.773767,26034,336.0,25,1,0,,,,,,,,52.827,0.452,8.512,61.791,5
GM1903,2023,Eijsden-Margraten,Limburg,78.78,50.801066,5.773767,26034,336.0,22,0,0,,,,,,,,52.827,0.452,8.512,61.791,5
GM1903,2024,Eijsden-Margraten,Limburg,78.78,50.801066,5.773767,26034,336.0,25,1,0,,,,,,,,52.827,0.452,8.512,61.791,5
GM1904,2015,Stichtse Vecht,Utrecht,106.69,52.17691,5.012632,65878,686.0,0,0,0,,,,,,,,145.132,0.202,15.414,160.747,18
GM1904,2016,Stichtse Vecht,Utrecht,106.69,52.17691,5.012632,65878,686.0,0,0,0,,,,,,,,145.132,0.202,15.414,160.747,18
GM1904,2017,Stichtse Vecht,Utrecht,106.69,52.17691,5.012632,65878,686.0,0,0,0,,,,,,,,145.132,0.202,15.414,160.747,18
GM1904,2018,Stichtse Vecht,Utrecht,106.69,52.17691,5.012632,65878,686.0,0,0,0,,,,,,,,145.132,0.202,15.414,160.747,18
GM1904,2019,Stichtse Vecht,Utrecht,106.69,52.17691,5.012632,65878,686.0,0,0,0,,,,,,,,145.132,0.202,15.414,160.747,18
GM1904,2020,Stichtse Vecht,Utrecht,106.69,52.17691,5.012632,65878,686.0,0,0,0,,,,,,,,145.132,0.202,15.414,160.747,18
GM1904,2021,Stichtse Vecht,Utrecht,106.69,52.17691,5.012632,65878,686.0,0,0,0,,,,,,,,145.132,0.202,15.414,160.747,18
GM1904,2022,Stichtse Vecht,Utrecht,106.69,52.17691,5.012632,65878,686.0,33,0,0,,,,,,,,145.132,0.202,15.414,160.747,18
GM1904,2023,Stichtse Vecht,Utrecht,106.69,52.17691,5.012632,65878,686.0,38,0,0,,,,,,,,145.132,0.202,15.414,160.747,18
GM1904,2024,Stichtse Vecht,Utrecht,106.69,52.17691,5.012632,65878,686.0,51,0,0,,,,,,,,145.132,0.202,15.414,160.747,18
GM1911,2015,Hollands Kroon,Noord-Holland,374.03,52.829721,4.949309,49522,138.0,0,0,0,,,,,,,,290.763,0.0,58.374,349.138,15
GM1911,2016,Hollands Kroon,Noord-Holland,374.03,52.829721,4.949309,49522,138.0,0,0,0,,,,,,,,290.763,0.0,58.374,349.138,15
GM1911,2017,Hollands Kroon,Noord-Holland,374.03,52.829721,4.949309,49522,138.0,0,0,0,,,,,,,,290.763,0.0,58.374,349.138,15
GM1911,2018,Hollands Kroon,Noord-Holland,374.03,52.829721,4.949309,49522,138.0,0,0,0,,,,,,,,290.763,0.0,58.374,349.138,15
GM1911,2019,Hollands Kroon,Noord-Holland,374.03,52.829721,4.949309,49522,138.0,0,0,0,,,,,,,,290.763,0.0,58.374,349.138,15
GM1911,2020,Hollands Kroon,Noord-Holland,374.03,52.829721,4.949309,49522,138.0,0,0,0,,,,,,,,290.763,0.0,58.374,349.138,15
GM1911,2021,Hollands Kroon,Noord-Holland,374.03,52.829721,4.949309,49522,138.0,0,0,0,,,,,,,,290.763,0.0,58.374,349.138,15
GM1911,2022,Hollands Kroon,Noord-Holland,374.03,52.829721,4.949309,49522,138.0,21,0,0,,,,,,,,290.763,0.0,58.374,349.138,15
GM1911,2023,Hollands Kroon,Noord-Holland,374.03,52.829721,4.949309,49522,138.0,28,1,0,,,,,,,,290.763,0.0,58.374,349.138,15
GM1911,2024,Hollands Kroon,Noord-Holland,374.03,52.829721,4.949309,49522,138.0,30,1,0,,,,,,,,290.763,0.0,58.374,349.138,15
GM1916,2015,Leidschendam-Voorburg,Zuid-Holland,35.64,52.090344,4.422315,78229,2399.0,0,0,0,,,,,,,,78.84,0.013,10.805,89.657,590
GM1916,2016,Leidschendam-Voorburg,Zuid-Holland,35.64,52.090344,4.422315,78229,2399.0,0,0,0,,,,,,,,78.84,0.013,10.805,89.657,590
GM1916,2017,Leidschendam-Voorburg,Zuid-Holland,35.64,52.090344,4.422315,78229,2399.0,0,0,0,,,,,,,,78.84,0.013,10.805,89.657,590
GM1916,2018,Leidschendam-Voorburg,Zuid-Holland,35.64,52.090344,4.422315,78229,2399.0,0,0,0,,,,,,,,78.84,0.013,10.805,89.657,590
GM1916,2019,Leidschendam-Voorburg,Zuid-Holland,35.64,52.090344,4.422315,78229,2399.0,0,0,0,,,,,,,,78.84,0.013,10.805,89.657,590
GM1916,2020,Leidschendam-Voorburg,Zuid-Holland,35.64,52.090344,4.422315,78229,2399.0,0,0,0,,,,,,,,78.84,0.013,10.805,89.657,590
GM1916,2021,Leidschendam-Voorburg,Zuid-Holland,35.64,52.090344,4.422315,78229,2399.0,0,0,0,,,,,,,,78.84,0.013,10.805,89.657,590
GM1916,2022,Leidschendam-Voorburg,Zuid-Holland,35.64,52.090344,4.422315,78229,2399.0,131,1,0,,,,,,,,78.84,0.013,10.805,89.657,590
GM1916,2023,Leidschendam-Voorburg,Zuid-Holland,35.64,52.090344,4.422315,78229,2399.0,137,0,0,,,,,,,,78.84,0.013,10.805,89.657,590
GM1916,2024,Leidschendam-Voorburg,Zuid-Holland,35.64,52.090344,4.422315,78229,2399.0,136,1,0,,,,,,,,78.84,0.013,10.805,89.657,590
GM1924,2015,Goeree-Overflakkee,Zuid-Holland,267.28,51.747699,4.123558,51867,198.0,0,0,0,,,,,,,,329.464,0.059,108.296,437.819,48
GM1924,2016,Goeree-Overflakkee,Zuid-Holland,267.28,51.747699,4.123558,51867,198.0,0,0,0,,,,,,,,329.464,0.059,108.296,437.819,48
GM1924,2017,Goeree-Overflakkee,Zuid-Holland,267.28,51.747699,4.123558,51867,198.0,0,0,0,,,,,,,,329.464,0.059,108.296,437.819,48
GM1924,2018,Goeree-Overflakkee,Zuid-Holland,267.28,51.747699,4.123558,51867,198.0,0,0,0,,,,,,,,329.464,0.059,108.296,437.819,48
GM1924,2019,Goeree-Overflakkee,Zuid-Holland,267.28,51.747699,4.123558,51867,198.0,0,0,0,,,,,,,,329.464,0.059,108.296,437.819,48
GM1924,2020,Goeree-Overflakkee,Zuid-Holland,267.28,51.747699,4.123558,51867,198.0,0,0,0,,,,,,,,329.464,0.059,108.296,437.819,48
GM1924,2021,Goeree-Overflakkee,Zuid-Holland,267.28,51.747699,4.123558,51867,198.0,0,0,0,,,,,,,,329.464,0.059,108.296,437.819,48
GM1924,2022,Goeree-Overflakkee,Zuid-Holland,267.28,51.747699,4.123558,51867,198.0,18,0,0,,,,,,,,329.464,0.059,108.296,437.819,48
GM1924,2023,Goeree-Overflakkee,Zuid-Holland,267.28,51.747699,4.123558,51867,198.0,24,1,0,,,,,,,,329.464,0.059,108.296,437.819,48
GM1924,2024,Goeree-Overflakkee,Zuid-Holland,267.28,51.747699,4.123558,51867,198.0,24,0,0,,,,,,,,329.464,0.059,108.296,437.819,48
GM1926,2015,Pijnacker-Nootdorp,Zuid-Holland,38.59,52.017621,4.421947,57932,1571.0,0,0,0,,,,,,,,90.376,0.0,11.458,101.833,60
GM1926,2016,Pijnacker-Nootdorp,Zuid-Holland,38.59,52.017621,4.421947,57932,1571.0,0,0,0,,,,,,,,90.376,0.0,11.458,101.833,60
GM1926,2017,Pijnacker-Nootdorp,Zuid-Holland,38.59,52.017621,4.421947,57932,1571.0,0,0,0,,,,,,,,90.376,0.0,11.458,101.833,60
GM1926,2018,Pijnacker-Nootdorp,Zuid-Holland,38.59,52.017621,4.421947,57932,1571.0,0,0,0,,,,,,,,90.376,0.0,11.458,101.833,60
GM1926,2019,Pijnacker-Nootdorp,Zuid-Holland,38.59,52.017621,4.421947,57932,1571.0,0,0,0,,,,,,,,90.376,0.0,11.458,101.833,60
GM1926,2020,Pijnacker-Nootdorp,Zuid-Holland,38.59,52.017621,4.421947,57932,1571.0,0,0,0,,,,,,,,90.376,0.0,11.458,101.833,60
GM1926,2021,Pijnacker-Nootdorp,Zuid-Holland,38.59,52.017621,4.421947,57932,1571.0,0,0,0,,,,,,,,90.376,0.0,11.458,101.833,60
GM1926,2022,Pijnacker-Nootdorp,Zuid-Holland,38.59,52.017621,4.421947,57932,1571.0,83,0,0,,,,,,,,90.376,0.0,11.458,101.833,60
GM1926,2023,Pijnacker-Nootdorp,Zuid-Holland,38.59,52.017621,4.421947,57932,1571.0,89,0,0,,,,,,,,90.376,0.0,11.458,101.833,60
GM1926,2024,Pijnacker-Nootdorp,Zuid-Holland,38.59,52.017621,4.421947,57932,1571.0,86,0,0,,,,,,,,90.376,0.0,11.458,101.833,60
GM1930,2015,Nissewaard,Zuid-Holland,80.46,51.833326,4.28503,87639,1195.0,0,0,0,,,,,,,,328.775,0.0,12.612,341.387,78
GM1930,2016,Nissewaard,Zuid-Holland,80.46,51.833326,4.28503,87639,1195.0,0,0,0,,,,,,,,328.775,0.0,12.612,341.387,78
GM1930,2017,Nissewaard,Zuid-Holland,80.46,51.833326,4.28503,87639,1195.0,0,0,0,,,,,,,,328.775,0.0,12.612,341.387,78
GM1930,2018,Nissewaard,Zuid-Holland,80.46,51.833326,4.28503,87639,1195.0,0,0,0,,,,,,,,328.775,0.0,12.612,341.387,78
GM1930,2019,Nissewaard,Zuid-Holland,80.46,51.833326,4.28503,87639,1195.0,0,0,0,,,,,,,,328.775,0.0,12.612,341.387,78
GM1930,2020,Nissewaard,Zuid-Holland,80.46,51.833326,4.28503,87639,1195.0,0,0,0,,,,,,,,328.775,0.0,12.612,341.387,78
GM1930,2021,Nissewaard,Zuid-Holland,80.46,51.833326,4.28503,87639,1195.0,0,0,0,,,,,,,,328.775,0.0,12.612,341.387,78
GM1930,2022,Nissewaard,Zuid-Holland,80.46,51.833326,4.28503,87639,1195.0,64,2,0,,,,,,,,328.775,0.0,12.612,341.387,78
GM1930,2023,Nissewaard,Zuid-Holland,80.46,51.833326,4.28503,87639,1195.0,56,0,0,,,,,,,,328.775,0.0,12.612,341.387,78
GM1930,2024,Nissewaard,Zuid-Holland,80.46,51.833326,4.28503,87639,1195.0,54,1,0,,,,,,,,328.775,0.0,12.612,341.387,78
GM1931,2015,Krimpenerwaard,Zuid-Holland,161.37,51.952414,4.737248,57785,390.0,0,0,0,,,,,,,,149.709,0.0,18.032,167.74,30
GM1931,2016,Krimpenerwaard,Zuid-Holland,161.37,51.952414,4.737248,57785,390.0,0,0,0,,,,,,,,149.709,0.0,18.032,167.74,30
GM1931,2017,Krimpenerwaard,Zuid-Holland,161.37,51.952414,4.737248,57785,390.0,0,0,0,,,,,,,,149.709,0.0,18.032,167.74,30
GM1931,2018,Krimpenerwaard,Zuid-Holland,161.37,51.952414,4.737248,57785,390.0,0,0,0,,,,,,,,149.709,0.0,18.032,167.74,30
GM1931,2019,Krimpenerwaard,Zuid-Holland,161.37,51.952414,4.737248,57785,390.0,0,0,0,,,,,,,,149.709,0.0,18.032,167.74,30
GM1931,2020,Krimpenerwaard,Zuid-Holland,161.37,51.952414,4.737248,57785,390.0,0,0,0,,,,,,,,149.709,0.0,18.032,167.74,30
GM1931,2021,Krimpenerwaard,Zuid-Holland,161.37,51.952414,4.737248,57785,390.0,0,0,0,,,,,,,,149.709,0.0,18.032,167.74,30
GM1931,2022,Krimpenerwaard,Zuid-Holland,161.37,51.952414,4.737248,57785,390.0,76,0,0,,,,,,,,149.709,0.0,18.032,167.74,30
GM1931,2023,Krimpenerwaard,Zuid-Holland,161.37,51.952414,4.737248,57785,390.0,68,0,0,,,,,,,,149.709,0.0,18.032,167.74,30
GM1931,2024,Krimpenerwaard,Zuid-Holland,161.37,51.952414,4.737248,57785,390.0,61,0,0,,,,,,,,149.709,0.0,18.032,167.74,30
GM1940,2015,De Fryske Marren,Fryslân,417.7,52.916459,5.723402,51929,148.0,0,0,0,,,,,,,,168.929,0.029,0.158,169.116,24
GM1940,2016,De Fryske Marren,Fryslân,417.7,52.916459,5.723402,51929,148.0,0,0,0,,,,,,,,168.929,0.029,0.158,169.116,24
GM1940,2017,De Fryske Marren,Fryslân,417.7,52.916459,5.723402,51929,148.0,0,0,0,,,,,,,,168.929,0.029,0.158,169.116,24
GM1940,2018,De Fryske Marren,Fryslân,417.7,52.916459,5.723402,51929,148.0,0,0,0,,,,,,,,168.929,0.029,0.158,169.116,24
GM1940,2019,De Fryske Marren,Fryslân,417.7,52.916459,5.723402,51929,148.0,0,0,0,,,,,,,,168.929,0.029,0.158,169.116,24
GM1940,2020,De Fryske Marren,Fryslân,417.7,52.916459,5.723402,51929,148.0,0,0,0,,,,,,,,168.929,0.029,0.158,169.116,24
GM1940,2021,De Fryske Marren,Fryslân,417.7,52.916459,5.723402,51929,148.0,0,0,0,,,,,,,,168.929,0.029,0.158,169.116,24
GM1940,2022,De Fryske Marren,Fryslân,417.7,52.916459,5.723402,51929,148.0,17,0,0,,,,,,,,168.929,0.029,0.158,169.116,24
GM1940,2023,De Fryske Marren,Fryslân,417.7,52.916459,5.723402,51929,148.0,18,0,0,,,,,,,,168.929,0.029,0.158,169.116,24
GM1940,2024,De Fryske Marren,Fryslân,417.7,52.916459,5.723402,51929,148.0,25,0,0,,,,,,,,168.929,0.029,0.158,169.116,24
GM1942,2015,Gooise Meren,Noord-Holland,45.27,52.301566,5.134507,60370,1457.0,0,0,0,,,,,,,,276.414,0.0,7.882,284.296,77
GM1942,2016,Gooise Meren,Noord-Holland,45.27,52.301566,5.134507,60370,1457.0,0,0,0,,,,,,,,276.414,0.0,7.882,284.296,77
GM1942,2017,Gooise Meren,Noord-Holland,45.27,52.301566,5.134507,60370,1457.0,0,0,0,,,,,,,,276.414,0.0,7.882,284.296,77
GM1942,2018,Gooise Meren,Noord-Holland,45.27,52.301566,5.134507,60370,1457.0,0,0,0,,,,,,,,276.414,0.0,7.882,284.296,77
GM1942,2019,Gooise Meren,Noord-Holland,45.27,52.301566,5.134507,60370,1457.0,0,0,0,,,,,,,,276.414,0.0,7.882,284.296,77
GM1942,2020,Gooise Meren,Noord-Holland,45.27,52.301566,5.134507,60370,1457.0,0,0,0,,,,,,,,276.414,0.0,7.882,284.296,77
GM1942,2021,Gooise Meren,Noord-Holland,45.27,52.301566,5.134507,60370,1457.0,0,0,0,,,,,,,,276.414,0.0,7.882,284.296,77
GM1942,2022,Gooise Meren,Noord-Holland,45.27,52.301566,5.134507,60370,1457.0,39,0,0,,,,,,,,276.414,0.0,7.882,284.296,77
GM1942,2023,Gooise Meren,Noord-Holland,45.27,52.301566,5.134507,60370,1457.0,41,1,0,,,,,,,,276.414,0.0,7.882,284.296,77
GM1942,2024,Gooise Meren,Noord-Holland,45.27,52.301566,5.134507,60370,1457.0,53,2,0,,,,,,,,276.414,0.0,7.882,284.296,77
GM1945,2015,Berg en Dal,Gelderland,93.3,51.819913,5.949848,35474,411.0,0,0,0,,,,,,,,223.613,0.149,18.103,241.864,21
GM1945,2016,Berg en Dal,Gelderland,93.3,51.819913,5.949848,35474,411.0,0,0,0,,,,,,,,223.613,0.149,18.103,241.864,21
GM1945,2017,Berg en Dal,Gelderland,93.3,51.819913,5.949848,35474,411.0,0,0,0,,,,,,,,223.613,0.149,18.103,241.864,21
GM1945,2018,Berg en Dal,Gelderland,93.3,51.819913,5.949848,35474,411.0,0,0,0,,,,,,,,223.613,0.149,18.103,241.864,21
GM1945,2019,Berg en Dal,Gelderland,93.3,51.819913,5.949848,35474,411.0,0,0,0,,,,,,,,223.613,0.149,18.103,241.864,21
GM1945,2020,Berg en Dal,Gelderland,93.3,51.819913,5.949848,35474,411.0,0,0,0,,,,,,,,223.613,0.149,18.103,241.864,21
GM1945,2021,Berg en Dal,Gelderland,93.3,51.819913,5.949848,35474,411.0,0,0,0,,,,,,,,223.613,0.149,18.103,241.864,21
GM1945,2022,Berg en Dal,Gelderland,93.3,51.819913,5.949848,35474,411.0,16,1,0,,,,,,,,223.613,0.149,18.103,241.864,21
GM1945,2023,Berg en Dal,Gelderland,93.3,51.819913,5.949848,35474,411.0,27,0,0,,,,,,,,223.613,0.149,18.103,241.864,21
GM1945,2024,Berg en Dal,Gelderland,93.3,51.819913,5.949848,35474,411.0,18,0,0,,,,,,,,223.613,0.149,18.103,241.864,21
GM1948,2015,Meierijstad,Noord-Brabant,185.56,51.592254,5.50642,84304,458.0,0,0,0,,,,,,,,262.472,0.0,10.922,273.394,23
GM1948,2016,Meierijstad,Noord-Brabant,185.56,51.592254,5.50642,84304,458.0,0,0,0,,,,,,,,262.472,0.0,10.922,273.394,23
GM1948,2017,Meierijstad,Noord-Brabant,185.56,51.592254,5.50642,84304,458.0,0,0,0,,,,,,,,262.472,0.0,10.922,273.394,23
GM1948,2018,Meierijstad,Noord-Brabant,185.56,51.592254,5.50642,84304,458.0,0,0,0,,,,,,,,262.472,0.0,10.922,273.394,23
GM1948,2019,Meierijstad,Noord-Brabant,185.56,51.592254,5.50642,84304,458.0,0,0,0,,,,,,,,262.472,0.0,10.922,273.394,23
GM1948,2020,Meierijstad,Noord-Brabant,185.56,51.592254,5.50642,84304,458.0,0,0,0,,,,,,,,262.472,0.0,10.922,273.394,23
GM1948,2021,Meierijstad,Noord-Brabant,185.56,51.592254,5.50642,84304,458.0,0,0,0,,,,,,,,262.472,0.0,10.922,273.394,23
GM1948,2022,Meierijstad,Noord-Brabant,185.56,51.592254,5.50642,84304,458.0,86,3,0,,,,,,,,262.472,0.0,10.922,273.394,23
GM1948,2023,Meierijstad,Noord-Brabant,185.56,51.592254,5.50642,84304,458.0,72,0,0,,,,,,,,262.472,0.0,10.922,273.394,23
GM1948,2024,Meierijstad,Noord-Brabant,185.56,51.592254,5.50642,84304,458.0,64,2,0,,,,,,,,262.472,0.0,10.922,273.394,23
GM1949,2015,Waadhoeke,Fryslân,289.4,53.224225,5.613077,46911,164.0,0,0,0,,,,,,,,164.426,0.0,0.353,164.78,7
GM1949,2016,Waadhoeke,Fryslân,289.4,53.224225,5.613077,46911,164.0,0,0,0,,,,,,,,164.426,0.0,0.353,164.78,7
GM1949,2017,Waadhoeke,Fryslân,289.4,53.224225,5.613077,46911,164.0,0,0,0,,,,,,,,164.426,0.0,0.353,164.78,7
GM1949,2018,Waadhoeke,Fryslân,289.4,53.224225,5.613077,46911,164.0,0,0,0,,,,,,,,164.426,0.0,0.353,164.78,7
GM1949,2019,Waadhoeke,Fryslân,289.4,53.224225,5.613077,46911,164.0,0,0,0,,,,,,,,164.426,0.0,0.353,164.78,7
GM1949,2020,Waadhoeke,Fryslân,289.4,53.224225,5.613077,46911,164.0,0,0,0,,,,,,,,164.426,0.0,0.353,164.78,7
GM1949,2021,Waadhoeke,Fryslân,289.4,53.224225,5.613077,46911,164.0,0,0,0,,,,,,,,164.426,0.0,0.353,164.78,7
GM1949,2022,Waadhoeke,Fryslân,289.4,53.224225,5.613077,46911,164.0,23,2,0,,,,,,,,164.426,0.0,0.353,164.78,7
GM1949,2023,Waadhoeke,Fryslân,289.4,53.224225,5.613077,46911,164.0,21,2,0,,,,,,,,164.426,0.0,0.353,164.78,7
GM1949,2024,Waadhoeke,Fryslân,289.4,53.224225,5.613077,46911,164.0,11,1,0,,,,,,,,164.426,0.0,0.353,164.78,7
GM1950,2015,Westerwolde,Groningen,280.82,53.014025,7.120168,26465,96.0,0,0,0,,,,,,,,147.193,0.0,3.31,150.503,17
GM1950,2016,Westerwolde,Groningen,280.82,53.014025,7.120168,26465,96.0,0,0,0,,,,,,,,147.193,0.0,3.31,150.503,17
GM1950,2017,Westerwolde,Groningen,280.82,53.014025,7.120168,26465,96.0,0,0,0,,,,,,,,147.193,0.0,3.31,150.503,17
GM1950,2018,Westerwolde,Groningen,280.82,53.014025,7.120168,26465,96.0,0,0,0,,,,,,,,147.193,0.0,3.31,150.503,17
GM1950,2019,Westerwolde,Groningen,280.82,53.014025,7.120168,26465,96.0,0,0,0,,,,,,,,147.193,0.0,3.31,150.503,17
GM1950,2020,Westerwolde,Groningen,280.82,53.014025,7.120168,26465,96.0,0,0,0,,,,,,,,147.193,0.0,3.31,150.503,17
GM1950,2021,Westerwolde,Groningen,280.82,53.014025,7.120168,26465,96.0,0,0,0,,,,,,,,147.193,0.0,3.31,150.503,17
GM1950,2022,Westerwolde,Groningen,280.82,53.014025,7.120168,26465,96.0,5,0,0,,,,,,,,147.193,0.0,3.31,150.503,17
GM1950,2023,Westerwolde,Groningen,280.82,53.014025,7.120168,26465,96.0,11,1,0,,,,,,,,147.193,0.0,3.31,150.503,17
GM1950,2024,Westerwolde,Groningen,280.82,53.014025,7.120168,26465,96.0,13,0,0,,,,,,,,147.193,0.0,3.31,150.503,17
GM1952,2015,Midden-Groningen,Groningen,295.67,53.195385,6.807413,61433,221.0,0,0,0,,,,,,,,199.462,0.0,1.163,200.625,22
GM1952,2016,Midden-Groningen,Groningen,295.67,53.195385,6.807413,61433,221.0,0,0,0,,,,,,,,199.462,0.0,1.163,200.625,22
GM1952,2017,Midden-Groningen,Groningen,295.67,53.195385,6.807413,61433,221.0,0,0,0,,,,,,,,199.462,0.0,1.163,200.625,22
GM1952,2018,Midden-Groningen,Groningen,295.67,53.195385,6.807413,61433,221.0,0,0,0,,,,,,,,199.462,0.0,1.163,200.625,22
GM1952,2019,Midden-Groningen,Groningen,295.67,53.195385,6.807413,61433,221.0,0,0,0,,,,,,,,199.462,0.0,1.163,200.625,22
GM1952,2020,Midden-Groningen,Groningen,295.67,53.195385,6.807413,61433,221.0,0,0,0,,,,,,,,199.462,0.0,1.163,200.625,22
GM1952,2021,Midden-Groningen,Groningen,295.67,53.195385,6.807413,61433,221.0,0,0,0,,,,,,,,199.462,0.0,1.163,200.625,22
GM1952,2022,Midden-Groningen,Groningen,295.67,53.195385,6.807413,61433,221.0,43,1,0,,,,,,,,199.462,0.0,1.163,200.625,22
GM1952,2023,Midden-Groningen,Groningen,295.67,53.195385,6.807413,61433,221.0,42,1,0,,,,,,,,199.462,0.0,1.163,200.625,22
GM1952,2024,Midden-Groningen,Groningen,295.67,53.195385,6.807413,61433,221.0,37,1,0,,,,,,,,199.462,0.0,1.163,200.625,22
GM1954,2015,Beekdaelen,Limburg,78.55,50.936763,5.89719,35896,458.0,0,0,0,,,,,,,,75.339,0.088,10.5,85.927,5
GM1954,2016,Beekdaelen,Limburg,78.55,50.936763,5.89719,35896,458.0,0,0,0,,,,,,,,75.339,0.088,10.5,85.927,5
GM1954,2017,Beekdaelen,Limburg,78.55,50.936763,5.89719,35896,458.0,0,0,0,,,,,,,,75.339,0.088,10.5,85.927,5
GM1954,2018,Beekdaelen,Limburg,78.55,50.936763,5.89719,35896,458.0,0,0,0,,,,,,,,75.339,0.088,10.5,85.927,5
GM1954,2019,Beekdaelen,Limburg,78.55,50.936763,5.89719,35896,458.0,0,0,0,,,,,,,,75.339,0.088,10.5,85.927,5
GM1954,2020,Beekdaelen,Limburg,78.55,50.936763,5.89719,35896,458.0,0,0,0,,,,,,,,75.339,0.088,10.5,85.927,5
GM1954,2021,Beekdaelen,Limburg,78.55,50.936763,5.89719,35896,458.0,0,0,0,,,,,,,,75.339,0.088,10.5,85.927,5
GM1954,2022,Beekdaelen,Limburg,78.55,50.936763,5.89719,35896,458.0,19,0,0,,,,,,,,75.339,0.088,10.5,85.927,5
GM1954,2023,Beekdaelen,Limburg,78.55,50.936763,5.89719,35896,458.0,17,0,0,,,,,,,,75.339,0.088,10.5,85.927,5
GM1954,2024,Beekdaelen,Limburg,78.55,50.936763,5.89719,35896,458.0,18,0,0,,,,,,,,75.339,0.088,10.5,85.927,5
GM1955,2015,Montferland,Gelderland,106.6,51.916869,6.21383,36873,349.0,0,0,0,,,,,,,,104.693,0.0,11.351,116.044,11
GM1955,2016,Montferland,Gelderland,106.6,51.916869,6.21383,36873,349.0,0,0,0,,,,,,,,104.693,0.0,11.351,116.044,11
GM1955,2017,Montferland,Gelderland,106.6,51.916869,6.21383,36873,349.0,0,0,0,,,,,,,,104.693,0.0,11.351,116.044,11
GM1955,2018,Montferland,Gelderland,106.6,51.916869,6.21383,36873,349.0,0,0,0,,,,,,,,104.693,0.0,11.351,116.044,11
GM1955,2019,Montferland,Gelderland,106.6,51.916869,6.21383,36873,349.0,0,0,0,,,,,,,,104.693,0.0,11.351,116.044,11
GM1955,2020,Montferland,Gelderland,106.6,51.916869,6.21383,36873,349.0,0,0,0,,,,,,,,104.693,0.0,11.351,116.044,11
GM1955,2021,Montferland,Gelderland,106.6,51.916869,6.21383,36873,349.0,0,0,0,,,,,,,,104.693,0.0,11.351,116.044,11
GM1955,2022,Montferland,Gelderland,106.6,51.916869,6.21383,36873,349.0,19,0,0,,,,,,,,104.693,0.0,11.351,116.044,11
GM1955,2023,Montferland,Gelderland,106.6,51.916869,6.21383,36873,349.0,16,1,0,,,,,,,,104.693,0.0,11.351,116.044,11
GM1955,2024,Montferland,Gelderland,106.6,51.916869,6.21383,36873,349.0,18,0,0,,,,,,,,104.693,0.0,11.351,116.044,11
GM1959,2015,Altena,Noord-Brabant,226.7,51.765647,4.945918,58277,292.0,0,0,0,,,,,,,,181.237,0.187,12.93,194.354,6
GM1959,2016,Altena,Noord-Brabant,226.7,51.765647,4.945918,58277,292.0,0,0,0,,,,,,,,181.237,0.187,12.93,194.354,6
GM1959,2017,Altena,Noord-Brabant,226.7,51.765647,4.945918,58277,292.0,0,0,0,,,,,,,,181.237,0.187,12.93,194.354,6
GM1959,2018,Altena,Noord-Brabant,226.7,51.765647,4.945918,58277,292.0,0,0,0,,,,,,,,181.237,0.187,12.93,194.354,6
GM1959,2019,Altena,Noord-Brabant,226.7,51.765647,4.945918,58277,292.0,0,0,0,,,,,,,,181.237,0.187,12.93,194.354,6
GM1959,2020,Altena,Noord-Brabant,226.7,51.765647,4.945918,58277,292.0,0,0,0,,,,,,,,181.237,0.187,12.93,194.354,6
GM1959,2021,Altena,Noord-Brabant,226.7,51.765647,4.945918,58277,292.0,0,0,0,,,,,,,,181.237,0.187,12.93,194.354,6
GM1959,2022,Altena,Noord-Brabant,226.7,51.765647,4.945918,58277,292.0,25,1,0,,,,,,,,181.237,0.187,12.93,194.354,6
GM1959,2023,Altena,Noord-Brabant,226.7,51.765647,4.945918,58277,292.0,25,0,0,,,,,,,,181.237,0.187,12.93,194.354,6
GM1959,2024,Altena,Noord-Brabant,226.7,51.765647,4.945918,58277,292.0,20,0,0,,,,,,,,181.237,0.187,12.93,194.354,6
GM1960,2015,West Betuwe,Gelderland,229.11,51.861588,5.209354,52948,245.0,0,0,0,10.71,6.17,14.87,82.74,1017.42,937.3,1895.6,98.219,1.159,9.122,108.5,10
GM1960,2016,West Betuwe,Gelderland,229.11,51.861588,5.209354,52948,245.0,0,0,0,10.65,6.22,14.92,82.94,1016.06,712.2,1882.0,98.219,1.159,9.122,108.5,10
GM1960,2017,West Betuwe,Gelderland,229.11,51.861588,5.209354,52948,245.0,0,0,0,10.82,6.29,15.03,82.15,1016.19,797.1,1754.8,98.219,1.159,9.122,108.5,10
GM1960,2018,West Betuwe,Gelderland,229.11,51.861588,5.209354,52948,245.0,0,0,0,11.38,6.52,15.99,78.63,1015.42,625.7,2108.5,98.219,1.159,9.122,108.5,10
GM1960,2019,West Betuwe,Gelderland,229.11,51.861588,5.209354,52948,245.0,0,0,0,11.07,6.39,15.51,81.0,1014.53,805.8,1979.0,98.219,1.159,9.122,108.5,10
GM1960,2020,West Betuwe,Gelderland,229.11,51.861588,5.209354,52948,245.0,0,0,0,11.57,6.86,15.89,79.18,1015.17,739.3,2066.8,98.219,1.159,9.122,108.5,10
GM1960,2021,West Betuwe,Gelderland,229.11,51.861588,5.209354,52948,245.0,0,0,0,10.37,5.86,14.55,82.78,1015.94,687.9,1806.3,98.219,1.159,9.122,108.5,10
GM1960,2022,West Betuwe,Gelderland,229.11,51.861588,5.209354,52948,245.0,21,0,0,11.5,6.42,16.11,78.8,1017.1,798.3,2235.2,98.219,1.159,9.122,108.5,10
GM1960,2023,West Betuwe,Gelderland,229.11,51.861588,5.209354,52948,245.0,35,0,0,11.74,7.45,15.81,81.54,1014.12,997.6,1908.0,98.219,1.159,9.122,108.5,10
GM1960,2024,West Betuwe,Gelderland,229.11,51.861588,5.209354,52948,245.0,34,1,0,11.69,7.58,15.71,83.03,1014.44,903.1,1730.1,98.219,1.159,9.122,108.5,10
GM1961,2015,Vijfheerenlanden,Utrecht,153.26,51.93597,5.0568,61669,422.0,0,0,0,,,,,,,,100.692,0.0,5.308,106.0,58
GM1961,2016,Vijfheerenlanden,Utrecht,153.26,51.93597,5.0568,61669,422.0,0,0,0,,,,,,,,100.692,0.0,5.308,106.0,58
GM1961,2017,Vijfheerenlanden,Utrecht,153.26,51.93597,5.0568,61669,422.0,0,0,0,,,,,,,,100.692,0.0,5.308,106.0,58
GM1961,2018,Vijfheerenlanden,Utrecht,153.26,51.93597,5.0568,61669,422.0,0,0,0,,,,,,,,100.692,0.0,5.308,106.0,58
GM1961,2019,Vijfheerenlanden,Utrecht,153.26,51.93597,5.0568,61669,422.0,0,0,0,,,,,,,,100.692,0.0,5.308,106.0,58
GM1961,2020,Vijfheerenlanden,Utrecht,153.26,51.93597,5.0568,61669,422.0,0,0,0,,,,,,,,100.692,0.0,5.308,106.0,58
GM1961,2021,Vijfheerenlanden,Utrecht,153.26,51.93597,5.0568,61669,422.0,0,0,0,,,,,,,,100.692,0.0,5.308,106.0,58
GM1961,2022,Vijfheerenlanden,Utrecht,153.26,51.93597,5.0568,61669,422.0,32,0,0,,,,,,,,100.692,0.0,5.308,106.0,58
GM1961,2023,Vijfheerenlanden,Utrecht,153.26,51.93597,5.0568,61669,422.0,47,0,0,,,,,,,,100.692,0.0,5.308,106.0,58
GM1961,2024,Vijfheerenlanden,Utrecht,153.26,51.93597,5.0568,61669,422.0,30,0,0,,,,,,,,100.692,0.0,5.308,106.0,58
GM1963,2015,Hoeksche Waard,Zuid-Holland,282.03,51.770671,4.455651,90256,336.0,0,0,0,,,,,,,,318.551,0.0,14.705,333.256,203
GM1963,2016,Hoeksche Waard,Zuid-Holland,282.03,51.770671,4.455651,90256,336.0,0,0,0,,,,,,,,318.551,0.0,14.705,333.256,203
GM1963,2017,Hoeksche Waard,Zuid-Holland,282.03,51.770671,4.455651,90256,336.0,0,0,0,,,,,,,,318.551,0.0,14.705,333.256,203
GM1963,2018,Hoeksche Waard,Zuid-Holland,282.03,51.770671,4.455651,90256,336.0,0,0,0,,,,,,,,318.551,0.0,14.705,333.256,203
GM1963,2019,Hoeksche Waard,Zuid-Holland,282.03,51.770671,4.455651,90256,336.0,0,0,0,,,,,,,,318.551,0.0,14.705,333.256,203
GM1963,2020,Hoeksche Waard,Zuid-Holland,282.03,51.770671,4.455651,90256,336.0,0,0,0,,,,,,,,318.551,0.0,14.705,333.256,203
GM1963,2021,Hoeksche Waard,Zuid-Holland,282.03,51.770671,4.455651,90256,336.0,0,0,0,,,,,,,,318.551,0.0,14.705,333.256,203
GM1963,2022,Hoeksche Waard,Zuid-Holland,282.03,51.770671,4.455651,90256,336.0,56,0,0,,,,,,,,318.551,0.0,14.705,333.256,203
GM1963,2023,Hoeksche Waard,Zuid-Holland,282.03,51.770671,4.455651,90256,336.0,60,1,0,,,,,,,,318.551,0.0,14.705,333.256,203
GM1963,2024,Hoeksche Waard,Zuid-Holland,282.03,51.770671,4.455651,90256,336.0,43,0,0,,,,,,,,318.551,0.0,14.705,333.256,203
GM1966,2015,Het Hogeland,Groningen,482.24,53.378774,6.531729,48224,101.0,0,0,0,,,,,,0.0,0.0,207.455,0.014,2.247,209.717,209
GM1966,2016,Het Hogeland,Groningen,482.24,53.378774,6.531729,48224,101.0,0,0,0,,,,,,0.0,0.0,207.455,0.014,2.247,209.717,209
GM1966,2017,Het Hogeland,Groningen,482.24,53.378774,6.531729,48224,101.0,0,0,0,,,,,,0.0,0.0,207.455,0.014,2.247,209.717,209
GM1966,2018,Het Hogeland,Groningen,482.24,53.378774,6.531729,48224,101.0,0,0,0,,,,,,0.0,0.0,207.455,0.014,2.247,209.717,209
GM1966,2019,Het Hogeland,Groningen,482.24,53.378774,6.531729,48224,101.0,0,0,0,,,,,,0.0,0.0,207.455,0.014,2.247,209.717,209
GM1966,2020,Het Hogeland,Groningen,482.24,53.378774,6.531729,48224,101.0,0,0,0,,,,,,0.0,0.0,207.455,0.014,2.247,209.717,209
GM1966,2021,Het Hogeland,Groningen,482.24,53.378774,6.531729,48224,101.0,0,0,0,,,,,,0.0,0.0,207.455,0.014,2.247,209.717,209
GM1966,2022,Het Hogeland,Groningen,482.24,53.378774,6.531729,48224,101.0,12,1,0,,,,,,0.0,0.0,207.455,0.014,2.247,209.717,209
GM1966,2023,Het Hogeland,Groningen,482.24,53.378774,6.531729,48224,101.0,26,1,0,,,,,,0.0,0.0,207.455,0.014,2.247,209.717,209
GM1966,2024,Het Hogeland,Groningen,482.24,53.378774,6.531729,48224,101.0,19,0,0,,,,,,0.0,0.0,207.455,0.014,2.247,209.717,209
GM1969,2015,Westerkwartier,Groningen,368.91,53.218507,6.338056,64896,179.0,0,0,0,,,,,,,,225.881,0.0,0.139,226.02,78
GM1969,2016,Westerkwartier,Groningen,368.91,53.218507,6.338056,64896,179.0,0,0,0,,,,,,,,225.881,0.0,0.139,226.02,78
GM1969,2017,Westerkwartier,Groningen,368.91,53.218507,6.338056,64896,179.0,0,0,0,,,,,,,,225.881,0.0,0.139,226.02,78
GM1969,2018,Westerkwartier,Groningen,368.91,53.218507,6.338056,64896,179.0,0,0,0,,,,,,,,225.881,0.0,0.139,226.02,78
GM1969,2019,Westerkwartier,Groningen,368.91,53.218507,6.338056,64896,179.0,0,0,0,,,,,,,,225.881,0.0,0.139,226.02,78
GM1969,2020,Westerkwartier,Groningen,368.91,53.218507,6.338056,64896,179.0,0,0,0,,,,,,,,225.881,0.0,0.139,226.02,78
GM1969,2021,Westerkwartier,Groningen,368.91,53.218507,6.338056,64896,179.0,0,0,0,,,,,,,,225.881,0.0,0.139,226.02,78
GM1969,2022,Westerkwartier,Groningen,368.91,53.218507,6.338056,64896,179.0,43,5,0,,,,,,,,225.881,0.0,0.139,226.02,78
GM1969,2023,Westerkwartier,Groningen,368.91,53.218507,6.338056,64896,179.0,30,0,0,,,,,,,,225.881,0.0,0.139,226.02,78
GM1969,2024,Westerkwartier,Groningen,368.91,53.218507,6.338056,64896,179.0,39,0,0,,,,,,,,225.881,0.0,0.139,226.02,78
GM1970,2015,Noardeast-Fryslân,Fryslân,383.55,53.332171,6.018577,45866,121.0,0,0,0,,,,,,,,161.033,0.0,0.08,161.112,60
GM1970,2016,Noardeast-Fryslân,Fryslân,383.55,53.332171,6.018577,45866,121.0,0,0,0,,,,,,,,161.033,0.0,0.08,161.112,60
GM1970,2017,Noardeast-Fryslân,Fryslân,383.55,53.332171,6.018577,45866,121.0,0,0,0,,,,,,,,161.033,0.0,0.08,161.112,60
GM1970,2018,Noardeast-Fryslân,Fryslân,383.55,53.332171,6.018577,45866,121.0,0,0,0,,,,,,,,161.033,0.0,0.08,161.112,60
GM1970,2019,Noardeast-Fryslân,Fryslân,383.55,53.332171,6.018577,45866,121.0,0,0,0,,,,,,,,161.033,0.0,0.08,161.112,60
GM1970,2020,Noardeast-Fryslân,Fryslân,383.55,53.332171,6.018577,45866,121.0,0,0,0,,,,,,,,161.033,0.0,0.08,161.112,60
GM1970,2021,Noardeast-Fryslân,Fryslân,383.55,53.332171,6.018577,45866,121.0,0,0,0,,,,,,,,161.033,0.0,0.08,161.112,60
GM1970,2022,Noardeast-Fryslân,Fryslân,383.55,53.332171,6.018577,45866,121.0,21,0,0,,,,,,,,161.033,0.0,0.08,161.112,60
GM1970,2023,Noardeast-Fryslân,Fryslân,383.55,53.332171,6.018577,45866,121.0,21,1,0,,,,,,,,161.033,0.0,0.08,161.112,60
GM1970,2024,Noardeast-Fryslân,Fryslân,383.55,53.332171,6.018577,45866,121.0,27,0,0,,,,,,,,161.033,0.0,0.08,161.112,60
GM1978,2015,Molenlanden,Zuid-Holland,191.63,51.88469,4.845248,45271,249.0,0,0,0,,,,,,,,292.026,0.0,12.313,304.338,32
GM1978,2016,Molenlanden,Zuid-Holland,191.63,51.88469,4.845248,45271,249.0,0,0,0,,,,,,,,292.026,0.0,12.313,304.338,32
GM1978,2017,Molenlanden,Zuid-Holland,191.63,51.88469,4.845248,45271,249.0,0,0,0,,,,,,,,292.026,0.0,12.313,304.338,32
GM1978,2018,Molenlanden,Zuid-Holland,191.63,51.88469,4.845248,45271,249.0,0,0,0,,,,,,,,292.026,0.0,12.313,304.338,32
GM1978,2019,Molenlanden,Zuid-Holland,191.63,51.88469,4.845248,45271,249.0,0,0,0,,,,,,,,292.026,0.0,12.313,304.338,32
GM1978,2020,Molenlanden,Zuid-Holland,191.63,51.88469,4.845248,45271,249.0,0,0,0,,,,,,,,292.026,0.0,12.313,304.338,32
GM1978,2021,Molenlanden,Zuid-Holland,191.63,51.88469,4.845248,45271,249.0,0,0,0,,,,,,,,292.026,0.0,12.313,304.338,32
GM1978,2022,Molenlanden,Zuid-Holland,191.63,51.88469,4.845248,45271,249.0,23,2,0,,,,,,,,292.026,0.0,12.313,304.338,32
GM1978,2023,Molenlanden,Zuid-Holland,191.63,51.88469,4.845248,45271,249.0,29,0,0,,,,,,,,292.026,0.0,12.313,304.338,32
GM1978,2024,Molenlanden,Zuid-Holland,191.63,51.88469,4.845248,45271,249.0,25,0,0,,,,,,,,292.026,0.0,12.313,304.338,32
GM1979,2015,Eemsdelta,Groningen,273.04,53.328265,6.840099,45106,168.0,0,0,0,,,,,,,,144.028,0.0,3.112,147.14,72
GM1979,2016,Eemsdelta,Groningen,273.04,53.328265,6.840099,45106,168.0,0,0,0,,,,,,,,144.028,0.0,3.112,147.14,72
GM1979,2017,Eemsdelta,Groningen,273.04,53.328265,6.840099,45106,168.0,0,0,0,,,,,,,,144.028,0.0,3.112,147.14,72
GM1979,2018,Eemsdelta,Groningen,273.04,53.328265,6.840099,45106,168.0,0,0,0,,,,,,,,144.028,0.0,3.112,147.14,72
GM1979,2019,Eemsdelta,Groningen,273.04,53.328265,6.840099,45106,168.0,0,0,0,,,,,,,,144.028,0.0,3.112,147.14,72
GM1979,2020,Eemsdelta,Groningen,273.04,53.328265,6.840099,45106,168.0,0,0,0,,,,,,,,144.028,0.0,3.112,147.14,72
GM1979,2021,Eemsdelta,Groningen,273.04,53.328265,6.840099,45106,168.0,0,0,0,,,,,,,,144.028,0.0,3.112,147.14,72
GM1979,2022,Eemsdelta,Groningen,273.04,53.328265,6.840099,45106,168.0,22,0,0,,,,,,,,144.028,0.0,3.112,147.14,72
GM1979,2023,Eemsdelta,Groningen,273.04,53.328265,6.840099,45106,168.0,17,2,0,,,,,,,,144.028,0.0,3.112,147.14,72
GM1979,2024,Eemsdelta,Groningen,273.04,53.328265,6.840099,45106,168.0,29,0,0,,,,,,,,144.028,0.0,3.112,147.14,72
GM1980,2015,Dijk en Waard,Noord-Holland,67.03,52.682174,4.822348,90076,1455.0,0,0,0,,,,,,,,146.668,0.074,15.817,162.559,6
GM1980,2016,Dijk en Waard,Noord-Holland,67.03,52.682174,4.822348,90076,1455.0,0,0,0,,,,,,,,146.668,0.074,15.817,162.559,6
GM1980,2017,Dijk en Waard,Noord-Holland,67.03,52.682174,4.822348,90076,1455.0,0,0,0,,,,,,,,146.668,0.074,15.817,162.559,6
GM1980,2018,Dijk en Waard,Noord-Holland,67.03,52.682174,4.822348,90076,1455.0,0,0,0,,,,,,,,146.668,0.074,15.817,162.559,6
GM1980,2019,Dijk en Waard,Noord-Holland,67.03,52.682174,4.822348,90076,1455.0,0,0,0,,,,,,,,146.668,0.074,15.817,162.559,6
GM1980,2020,Dijk en Waard,Noord-Holland,67.03,52.682174,4.822348,90076,1455.0,0,0,0,,,,,,,,146.668,0.074,15.817,162.559,6
GM1980,2021,Dijk en Waard,Noord-Holland,67.03,52.682174,4.822348,90076,1455.0,0,0,0,,,,,,,,146.668,0.074,15.817,162.559,6
GM1980,2022,Dijk en Waard,Noord-Holland,67.03,52.682174,4.822348,90076,1455.0,150,1,0,,,,,,,,146.668,0.074,15.817,162.559,6
GM1980,2023,Dijk en Waard,Noord-Holland,67.03,52.682174,4.822348,90076,1455.0,128,0,0,,,,,,,,146.668,0.074,15.817,162.559,6
GM1980,2024,Dijk en Waard,Noord-Holland,67.03,52.682174,4.822348,90076,1455.0,160,1,0,,,,,,,,146.668,0.074,15.817,162.559,6
GM1982,2015,Land van Cuijk,Noord-Brabant,351.86,51.655467,5.859142,91722,269.0,0,0,0,,,,,,,,839.702,2.083,59.734,901.519,17
GM1982,2016,Land van Cuijk,Noord-Brabant,351.86,51.655467,5.859142,91722,269.0,0,0,0,,,,,,,,839.702,2.083,59.734,901.519,17
GM1982,2017,Land van Cuijk,Noord-Brabant,351.86,51.655467,5.859142,91722,269.0,0,0,0,,,,,,,,839.702,2.083,59.734,901.519,17
GM1982,2018,Land van Cuijk,Noord-Brabant,351.86,51.655467,5.859142,91722,269.0,0,0,0,,,,,,,,839.702,2.083,59.734,901.519,17
GM1982,2019,Land van Cuijk,Noord-Brabant,351.86,51.655467,5.859142,91722,269.0,0,0,0,,,,,,,,839.702,2.083,59.734,901.519,17
GM1982,2020,Land van Cuijk,Noord-Brabant,351.86,51.655467,5.859142,91722,269.0,0,0,0,,,,,,,,839.702,2.083,59.734,901.519,17
GM1982,2021,Land van Cuijk,Noord-Brabant,351.86,51.655467,5.859142,91722,269.0,0,0,0,,,,,,,,839.702,2.083,59.734,901.519,17
GM1982,2022,Land van Cuijk,Noord-Brabant,351.86,51.655467,5.859142,91722,269.0,50,1,0,,,,,,,,839.702,2.083,59.734,901.519,17
GM1982,2023,Land van Cuijk,Noord-Brabant,351.86,51.655467,5.859142,91722,269.0,63,2,0,,,,,,,,839.702,2.083,59.734,901.519,17
GM1982,2024,Land van Cuijk,Noord-Brabant,351.86,51.655467,5.859142,91722,269.0,59,2,0,,,,,,,,839.702,2.083,59.734,901.519,17
GM1991,2015,Maashorst,Noord-Brabant,138.27,51.6868,5.655487,59222,431.0,0,0,0,10.91,6.02,15.4,79.15,1017.66,753.6,1865.2,374.701,0.0,53.738,428.439,55
GM1991,2016,Maashorst,Noord-Brabant,138.27,51.6868,5.655487,59222,431.0,0,0,0,10.71,6.07,15.15,80.76,1016.26,810.8,1840.5,374.701,0.0,53.738,428.439,55
GM1991,2017,Maashorst,Noord-Brabant,138.27,51.6868,5.655487,59222,431.0,0,0,0,11.0,6.18,15.44,79.7,1016.46,788.0,1733.4,374.701,0.0,53.738,428.439,55
GM1991,2018,Maashorst,Noord-Brabant,138.27,51.6868,5.655487,59222,431.0,0,0,0,11.53,6.28,16.41,76.06,1015.53,589.6,2118.9,374.701,0.0,53.738,428.439,55
GM1991,2019,Maashorst,Noord-Brabant,138.27,51.6868,5.655487,59222,431.0,0,0,0,11.3,6.27,16.06,77.54,1014.72,547.1,1915.3,374.701,0.0,53.738,428.439,55
GM1991,2020,Maashorst,Noord-Brabant,138.27,51.6868,5.655487,59222,431.0,0,0,0,11.8,6.69,16.48,75.61,1015.43,702.5,2004.2,374.701,0.0,53.738,428.439,55
GM1991,2021,Maashorst,Noord-Brabant,138.27,51.6868,5.655487,59222,431.0,0,0,0,10.44,5.8,14.77,80.42,1016.3,714.6,1824.5,374.701,0.0,53.738,428.439,55
GM1991,2022,Maashorst,Noord-Brabant,138.27,51.6868,5.655487,59222,431.0,56,2,0,11.84,6.68,16.53,74.82,1017.26,664.2,2203.2,374.701,0.0,53.738,428.439,55
GM1991,2023,Maashorst,Noord-Brabant,138.27,51.6868,5.655487,59222,431.0,55,0,0,11.92,7.42,16.13,78.81,1014.32,1029.1,1912.9,374.701,0.0,53.738,428.439,55
GM1991,2024,Maashorst,Noord-Brabant,138.27,51.6868,5.655487,59222,431.0,56,0,0,11.78,7.51,15.85,82.19,1014.71,906.5,1706.6,374.701,0.0,53.738,428.439,55
GM1992,2015,Voorne aan Zee,Zuid-Holland,131.5,51.876351,4.13217,74304,610.0,0,0,0,,,,,,,,271.948,0.0,13.717,285.665,84
GM1992,2016,Voorne aan Zee,Zuid-Holland,131.5,51.876351,4.13217,74304,610.0,0,0,0,,,,,,,,271.948,0.0,13.717,285.665,84
GM1992,2017,Voorne aan Zee,Zuid-Holland,131.5,51.876351,4.13217,74304,610.0,0,0,0,,,,,,,,271.948,0.0,13.717,285.665,84
GM1992,2018,Voorne aan Zee,Zuid-Holland,131.5,51.876351,4.13217,74304,610.0,0,0,0,,,,,,,,271.948,0.0,13.717,285.665,84
GM1992,2019,Voorne aan Zee,Zuid-Holland,131.5,51.876351,4.13217,74304,610.0,0,0,0,,,,,,,,271.948,0.0,13.717,285.665,84
GM1992,2020,Voorne aan Zee,Zuid-Holland,131.5,51.876351,4.13217,74304,610.0,0,0,0,,,,,,,,271.948,0.0,13.717,285.665,84
GM1992,2021,Voorne aan Zee,Zuid-Holland,131.5,51.876351,4.13217,74304,610.0,0,0,0,,,,,,,,271.948,0.0,13.717,285.665,84
GM1992,2022,Voorne aan Zee,Zuid-Holland,131.5,51.876351,4.13217,74304,610.0,53,0,0,,,,,,,,271.948,0.0,13.717,285.665,84
GM1992,2023,Voorne aan Zee,Zuid-Holland,131.5,51.876351,4.13217,74304,610.0,62,1,0,,,,,,,,271.948,0.0,13.717,285.665,84
GM1992,2024,Voorne aan Zee,Zuid-Holland,131.5,51.876351,4.13217,74304,610.0,61,1,0,,,,,,,,271.948,0.0,13.717,285.665,84
